item_id,version,status,module,level,claim,evidence_required,task_type,official_scope,nice_mapping,rubric_id,critical_safety_item,correct_answer,rationale,remediation_if_missed,author,reviewer,created_at,last_reviewed_at
CEH-M01-L1-001,0.1.0,pilot,M01 Ethical Hacking Introduction,L1 recognition,Learner can identify authorization and scope as the primary ethical-hacking boundary.,Selects authorization and scope.,mcq,CEH Module 01 / UUU CEH13 course outline,pending,baseline_answer_key_mcq,true,B,Technical capability does not replace explicit authorization and scope.,Repair authorization scope reporting and stop conditions.,existing baseline migration,pending,2026-09-03,
CEH-M01-L1-026,0.1.0,pilot,M01 Ethical Hacking Introduction,L1 explanation,Learner can explain what makes a security test authorized.,Names written permission target methods time window reporting path and stop conditions.,short_answer,CEH Module 01 / UUU CEH13 course outline,pending,baseline_answer_key_short,true,Written permission; defined target; methods; time window; reporting path; stop conditions,Authorization requires an explicit governed testing agreement.,Complete the mock Rules of Engagement correction and delayed retrieval.,existing baseline migration,pending,2026-09-03,
CEH-M03-L2-004,1.0.0,pilot,M03 Scanning Networks,L2 evidence interpretation,Learner can interpret basic scan output and choose a safe next step.,Chooses evidence-preserving authorized next action.,scenario_mcq,CEH Module 03 / UUU CEH13 course outline,pending,RUB-SCAN-01,false,B,The selected action preserves authorization boundary and validates service exposure.,Review host port service distinction and scan result interpretation.,AI draft + human review,SME / Jason,2026-07-01,2026-07-01
M01-C01,0.2.0,pilot,M01,selected-response interpretation,Selects the supported concept decision in a bounded scenario.,Dated original choice and categorical confidence; independent mapped project artifact.,scenario_mcq,UUU CEH13-AI M01,pending,module_choice_posttest_v0.2.0,true,A,Obtain written scope before testing.,Reteach; at least three varied retests; preserve original score and open timebox work.,Codex original pilot,independent review pending,2026-09-11,
M01-C02,0.2.0,pilot,M01,selected-response interpretation,Selects the supported concept decision in a bounded scenario.,Dated original choice and categorical confidence; independent mapped project artifact.,scenario_mcq,UUU CEH13-AI M01,pending,module_choice_posttest_v0.2.0,false,C,The agreed Rules of Engagement.,Reteach; at least three varied retests; preserve original score and open timebox work.,Codex original pilot,independent review pending,2026-09-11,
M01-C03,0.2.0,pilot,M01,selected-response interpretation,Selects the supported evidence decision in a bounded scenario.,Dated original choice and categorical confidence; independent mapped project artifact.,scenario_mcq,UUU CEH13-AI M01,pending,module_choice_posttest_v0.2.0,true,B,An observation requiring a scope check.,Reteach; at least three varied retests; preserve original score and open timebox work.,Codex original pilot,independent review pending,2026-09-11,
M01-C04,0.2.0,pilot,M01,selected-response interpretation,Selects the supported evidence decision in a bounded scenario.,Dated original choice and categorical confidence; independent mapped project artifact.,scenario_mcq,UUU CEH13-AI M01,pending,module_choice_posttest_v0.2.0,false,D,Those files match that manifest.,Reteach; at least three varied retests; preserve original score and open timebox work.,Codex original pilot,independent review pending,2026-09-11,
M01-C05,0.2.0,pilot,M01,selected-response interpretation,Selects the supported evidence decision in a bounded scenario.,Dated original choice and categorical confidence; independent mapped project artifact.,scenario_mcq,UUU CEH13-AI M01,pending,module_choice_posttest_v0.2.0,false,C,Target and method and request limits.,Reteach; at least three varied retests; preserve original score and open timebox work.,Codex original pilot,independent review pending,2026-09-11,
M01-C06,0.2.0,pilot,M01,selected-response interpretation,Selects the supported defense decision in a bounded scenario.,Dated original choice and categorical confidence; independent mapped project artifact.,scenario_mcq,UUU CEH13-AI M01,pending,module_choice_posttest_v0.2.0,false,A,Label the uncertainty and needed validation.,Reteach; at least three varied retests; preserve original score and open timebox work.,Codex original pilot,independent review pending,2026-09-11,
M01-C07,0.2.0,pilot,M01,selected-response interpretation,Selects the supported defense decision in a bounded scenario.,Dated original choice and categorical confidence; independent mapped project artifact.,scenario_mcq,UUU CEH13-AI M01,pending,module_choice_posttest_v0.2.0,true,D,As an earlier scope violation.,Reteach; at least three varied retests; preserve original score and open timebox work.,Codex original pilot,independent review pending,2026-09-11,
M01-C08,0.2.0,pilot,M01,selected-response interpretation,Selects the supported safety decision in a bounded scenario.,Dated original choice and categorical confidence; independent mapped project artifact.,scenario_mcq,UUU CEH13-AI M01,pending,module_choice_posttest_v0.2.0,true,B,Stop before following and clarify scope.,Reteach; at least three varied retests; preserve original score and open timebox work.,Codex original pilot,independent review pending,2026-09-11,
M01-C09,0.2.0,pilot,M01,selected-response interpretation,Selects the supported safety decision in a bounded scenario.,Dated original choice and categorical confidence; independent mapped project artifact.,scenario_mcq,UUU CEH13-AI M01,pending,module_choice_posttest_v0.2.0,true,A,A fresh dated authorization window.,Reteach; at least three varied retests; preserve original score and open timebox work.,Codex original pilot,independent review pending,2026-09-11,
M01-C10,0.2.0,pilot,M01,selected-response interpretation,Selects the supported transfer decision in a bounded scenario.,Dated original choice and categorical confidence; independent mapped project artifact.,scenario_mcq,UUU CEH13-AI M01,pending,module_choice_posttest_v0.2.0,true,B,The new case's one-request limit.,Reteach; at least three varied retests; preserve original score and open timebox work.,Codex original pilot,independent review pending,2026-09-11,
M02-C01,0.2.0,pilot,M02,selected-response interpretation,Selects the supported concept decision in a bounded scenario.,Dated original choice and categorical confidence; independent mapped project artifact.,scenario_mcq,UUU CEH13-AI M02,pending,module_choice_posttest_v0.2.0,false,B,Reading the provided asset register.,Reteach; at least three varied retests; preserve original score and open timebox work.,Codex original pilot,independent review pending,2026-09-11,
M02-C02,0.2.0,pilot,M02,selected-response interpretation,Selects the supported concept decision in a bounded scenario.,Dated original choice and categorical confidence; independent mapped project artifact.,scenario_mcq,UUU CEH13-AI M02,pending,module_choice_posttest_v0.2.0,false,D,It interacts with the target.,Reteach; at least three varied retests; preserve original score and open timebox work.,Codex original pilot,independent review pending,2026-09-11,
M02-C03,0.2.0,pilot,M02,selected-response interpretation,Selects the supported evidence decision in a bounded scenario.,Dated original choice and categorical confidence; independent mapped project artifact.,scenario_mcq,UUU CEH13-AI M02,pending,module_choice_posttest_v0.2.0,false,C,An inventory discrepancy.,Reteach; at least three varied retests; preserve original score and open timebox work.,Codex original pilot,independent review pending,2026-09-11,
M02-C04,0.2.0,pilot,M02,selected-response interpretation,Selects the supported evidence decision in a bounded scenario.,Dated original choice and categorical confidence; independent mapped project artifact.,scenario_mcq,UUU CEH13-AI M02,pending,module_choice_posttest_v0.2.0,false,A,A public claim about a role.,Reteach; at least three varied retests; preserve original score and open timebox work.,Codex original pilot,independent review pending,2026-09-11,
M02-C05,0.2.0,pilot,M02,selected-response interpretation,Selects the supported evidence decision in a bounded scenario.,Dated original choice and categorical confidence; independent mapped project artifact.,scenario_mcq,UUU CEH13-AI M02,pending,module_choice_posttest_v0.2.0,false,D,Verify currency within authorized scope.,Reteach; at least three varied retests; preserve original score and open timebox work.,Codex original pilot,independent review pending,2026-09-11,
M02-C06,0.2.0,pilot,M02,selected-response interpretation,Selects the supported defense decision in a bounded scenario.,Dated original choice and categorical confidence; independent mapped project artifact.,scenario_mcq,UUU CEH13-AI M02,pending,module_choice_posttest_v0.2.0,false,B,Review and reduce unnecessary published details.,Reteach; at least three varied retests; preserve original score and open timebox work.,Codex original pilot,independent review pending,2026-09-11,
M02-C07,0.2.0,pilot,M02,selected-response interpretation,Selects the supported defense decision in a bounded scenario.,Dated original choice and categorical confidence; independent mapped project artifact.,scenario_mcq,UUU CEH13-AI M02,pending,module_choice_posttest_v0.2.0,false,A,Both sources and the unresolved ownership.,Reteach; at least three varied retests; preserve original score and open timebox work.,Codex original pilot,independent review pending,2026-09-11,
M02-C08,0.2.0,pilot,M02,selected-response interpretation,Selects the supported safety decision in a bounded scenario.,Dated original choice and categorical confidence; independent mapped project artifact.,scenario_mcq,UUU CEH13-AI M02,pending,module_choice_posttest_v0.2.0,true,C,No; obtain explicit active-test scope first.,Reteach; at least three varied retests; preserve original score and open timebox work.,Codex original pilot,independent review pending,2026-09-11,
M02-C09,0.2.0,pilot,M02,selected-response interpretation,Selects the supported safety decision in a bounded scenario.,Dated original choice and categorical confidence; independent mapped project artifact.,scenario_mcq,UUU CEH13-AI M02,pending,module_choice_posttest_v0.2.0,true,B,Stop and follow the evidence-handling rule.,Reteach; at least three varied retests; preserve original score and open timebox work.,Codex original pilot,independent review pending,2026-09-11,
M02-C10,0.2.0,pilot,M02,selected-response interpretation,Selects the supported transfer decision in a bounded scenario.,Dated original choice and categorical confidence; independent mapped project artifact.,scenario_mcq,UUU CEH13-AI M02,pending,module_choice_posttest_v0.2.0,false,C,Branding does not establish authorization.,Reteach; at least three varied retests; preserve original score and open timebox work.,Codex original pilot,independent review pending,2026-09-11,
M03-C01,0.2.0,pilot,M03,selected-response interpretation,Selects the supported concept decision in a bounded scenario.,Dated original choice and categorical confidence; independent mapped project artifact.,scenario_mcq,UUU CEH13-AI M03,pending,module_choice_posttest_v0.2.0,false,C,A connection was accepted at that endpoint.,Reteach; at least three varied retests; preserve original score and open timebox work.,Codex original pilot,independent review pending,2026-09-11,
M03-C02,0.2.0,pilot,M03,selected-response interpretation,Selects the supported concept decision in a bounded scenario.,Dated original choice and categorical confidence; independent mapped project artifact.,scenario_mcq,UUU CEH13-AI M03,pending,module_choice_posttest_v0.2.0,false,A,The operating system's connect operation.,Reteach; at least three varied retests; preserve original score and open timebox work.,Codex original pilot,independent review pending,2026-09-11,
M03-C03,0.2.0,pilot,M03,selected-response interpretation,Selects the supported evidence decision in a bounded scenario.,Dated original choice and categorical confidence; independent mapped project artifact.,scenario_mcq,UUU CEH13-AI M03,pending,module_choice_posttest_v0.2.0,false,D,A preliminary port-to-name label.,Reteach; at least three varied retests; preserve original score and open timebox work.,Codex original pilot,independent review pending,2026-09-11,
M03-C04,0.2.0,pilot,M03,selected-response interpretation,Selects the supported evidence decision in a bounded scenario.,Dated original choice and categorical confidence; independent mapped project artifact.,scenario_mcq,UUU CEH13-AI M03,pending,module_choice_posttest_v0.2.0,false,B,The observation has multiple possible causes.,Reteach; at least three varied retests; preserve original score and open timebox work.,Codex original pilot,independent review pending,2026-09-11,
M03-C05,0.2.0,pilot,M03,selected-response interpretation,Selects the supported evidence decision in a bounded scenario.,Dated original choice and categorical confidence; independent mapped project artifact.,scenario_mcq,UUU CEH13-AI M03,pending,module_choice_posttest_v0.2.0,false,A,A new authorized check is needed for current state.,Reteach; at least three varied retests; preserve original score and open timebox work.,Codex original pilot,independent review pending,2026-09-11,
M03-C06,0.2.0,pilot,M03,selected-response interpretation,Selects the supported defense decision in a bounded scenario.,Dated original choice and categorical confidence; independent mapped project artifact.,scenario_mcq,UUU CEH13-AI M03,pending,module_choice_posttest_v0.2.0,false,C,Disable unneeded listeners through approved change.,Reteach; at least three varied retests; preserve original score and open timebox work.,Codex original pilot,independent review pending,2026-09-11,
M03-C07,0.2.0,pilot,M03,selected-response interpretation,Selects the supported defense decision in a bounded scenario.,Dated original choice and categorical confidence; independent mapped project artifact.,scenario_mcq,UUU CEH13-AI M03,pending,module_choice_posttest_v0.2.0,false,B,Preserve both and validate the interpretation.,Reteach; at least three varied retests; preserve original score and open timebox work.,Codex original pilot,independent review pending,2026-09-11,
M03-C08,0.2.0,pilot,M03,selected-response interpretation,Selects the supported safety decision in a bounded scenario.,Dated original choice and categorical confidence; independent mapped project artifact.,scenario_mcq,UUU CEH13-AI M03,pending,module_choice_posttest_v0.2.0,true,D,No; use only the agreed ports.,Reteach; at least three varied retests; preserve original score and open timebox work.,Codex original pilot,independent review pending,2026-09-11,
M03-C09,0.2.0,pilot,M03,selected-response interpretation,Selects the supported safety decision in a bounded scenario.,Dated original choice and categorical confidence; independent mapped project artifact.,scenario_mcq,UUU CEH13-AI M03,pending,module_choice_posttest_v0.2.0,true,C,Stop and obtain a method amendment.,Reteach; at least three varied retests; preserve original score and open timebox work.,Codex original pilot,independent review pending,2026-09-11,
M03-C10,0.2.0,pilot,M03,selected-response interpretation,Selects the supported transfer decision in a bounded scenario.,Dated original choice and categorical confidence; independent mapped project artifact.,scenario_mcq,UUU CEH13-AI M03,pending,module_choice_posttest_v0.2.0,false,D,Reachability observed; identity unverified.,Reteach; at least three varied retests; preserve original score and open timebox work.,Codex original pilot,independent review pending,2026-09-11,
M04-C01,0.2.0,pilot,M04,selected-response interpretation,Selects the supported concept decision in a bounded scenario.,Dated original choice and categorical confidence; independent mapped project artifact.,scenario_mcq,UUU CEH13-AI M04,pending,module_choice_posttest_v0.2.0,false,D,Obtaining service-specific metadata after discovery.,Reteach; at least three varied retests; preserve original score and open timebox work.,Codex original pilot,independent review pending,2026-09-11,
M04-C02,0.2.0,pilot,M04,selected-response interpretation,Selects the supported concept decision in a bounded scenario.,Dated original choice and categorical confidence; independent mapped project artifact.,scenario_mcq,UUU CEH13-AI M04,pending,module_choice_posttest_v0.2.0,false,B,Observed service evidence and authorized methods.,Reteach; at least three varied retests; preserve original score and open timebox work.,Codex original pilot,independent review pending,2026-09-11,
M04-C03,0.2.0,pilot,M04,selected-response interpretation,Selects the supported evidence decision in a bounded scenario.,Dated original choice and categorical confidence; independent mapped project artifact.,scenario_mcq,UUU CEH13-AI M04,pending,module_choice_posttest_v0.2.0,false,A,The service reports that owner value.,Reteach; at least three varied retests; preserve original score and open timebox work.,Codex original pilot,independent review pending,2026-09-11,
M04-C04,0.2.0,pilot,M04,selected-response interpretation,Selects the supported evidence decision in a bounded scenario.,Dated original choice and categorical confidence; independent mapped project artifact.,scenario_mcq,UUU CEH13-AI M04,pending,module_choice_posttest_v0.2.0,false,C,Actual product identity and vulnerability relevance.,Reteach; at least three varied retests; preserve original score and open timebox work.,Codex original pilot,independent review pending,2026-09-11,
M04-C05,0.2.0,pilot,M04,selected-response interpretation,Selects the supported evidence decision in a bounded scenario.,Dated original choice and categorical confidence; independent mapped project artifact.,scenario_mcq,UUU CEH13-AI M04,pending,module_choice_posttest_v0.2.0,false,B,Observed fields plus explicit metadata gaps.,Reteach; at least three varied retests; preserve original score and open timebox work.,Codex original pilot,independent review pending,2026-09-11,
M04-C06,0.2.0,pilot,M04,selected-response interpretation,Selects the supported defense decision in a bounded scenario.,Dated original choice and categorical confidence; independent mapped project artifact.,scenario_mcq,UUU CEH13-AI M04,pending,module_choice_posttest_v0.2.0,false,D,Seek accountable verification through the approved path.,Reteach; at least three varied retests; preserve original score and open timebox work.,Codex original pilot,independent review pending,2026-09-11,
M04-C07,0.2.0,pilot,M04,selected-response interpretation,Selects the supported defense decision in a bounded scenario.,Dated original choice and categorical confidence; independent mapped project artifact.,scenario_mcq,UUU CEH13-AI M04,pending,module_choice_posttest_v0.2.0,false,C,Review which metadata is necessary to publish.,Reteach; at least three varied retests; preserve original score and open timebox work.,Codex original pilot,independent review pending,2026-09-11,
M04-C08,0.2.0,pilot,M04,selected-response interpretation,Selects the supported safety decision in a bounded scenario.,Dated original choice and categorical confidence; independent mapped project artifact.,scenario_mcq,UUU CEH13-AI M04,pending,module_choice_posttest_v0.2.0,true,A,Do not request /admin without an amendment.,Reteach; at least three varied retests; preserve original score and open timebox work.,Codex original pilot,independent review pending,2026-09-11,
M04-C09,0.2.0,pilot,M04,selected-response interpretation,Selects the supported safety decision in a bounded scenario.,Dated original choice and categorical confidence; independent mapped project artifact.,scenario_mcq,UUU CEH13-AI M04,pending,module_choice_posttest_v0.2.0,true,D,Stop and preserve it under the handling rule.,Reteach; at least three varied retests; preserve original score and open timebox work.,Codex original pilot,independent review pending,2026-09-11,
M04-C10,0.2.0,pilot,M04,selected-response interpretation,Selects the supported transfer decision in a bounded scenario.,Dated original choice and categorical confidence; independent mapped project artifact.,scenario_mcq,UUU CEH13-AI M04,pending,module_choice_posttest_v0.2.0,false,A,Self-reported identity needs corroboration.,Reteach; at least three varied retests; preserve original score and open timebox work.,Codex original pilot,independent review pending,2026-09-11,
M05-C01,0.2.0,pilot,M05,selected-response interpretation,Selects the supported concept decision in a bounded scenario.,Dated original choice and categorical confidence; independent mapped project artifact.,scenario_mcq,UUU CEH13-AI M05,pending,module_choice_posttest_v0.2.0,false,A,Corroborating evidence for the relevant condition.,Reteach; at least three varied retests; preserve original score and open timebox work.,Codex original pilot,independent review pending,2026-09-11,
M05-C02,0.2.0,pilot,M05,selected-response interpretation,Selects the supported concept decision in a bounded scenario.,Dated original choice and categorical confidence; independent mapped project artifact.,scenario_mcq,UUU CEH13-AI M05,pending,module_choice_posttest_v0.2.0,false,C,Technical evidence with exposure and operational impact.,Reteach; at least three varied retests; preserve original score and open timebox work.,Codex original pilot,independent review pending,2026-09-11,
M05-C03,0.2.0,pilot,M05,selected-response interpretation,Selects the supported evidence decision in a bounded scenario.,Dated original choice and categorical confidence; independent mapped project artifact.,scenario_mcq,UUU CEH13-AI M05,pending,module_choice_posttest_v0.2.0,false,B,Review the conflict before claiming vulnerability.,Reteach; at least three varied retests; preserve original score and open timebox work.,Codex original pilot,independent review pending,2026-09-11,
M05-C04,0.2.0,pilot,M05,selected-response interpretation,Selects the supported evidence decision in a bounded scenario.,Dated original choice and categorical confidence; independent mapped project artifact.,scenario_mcq,UUU CEH13-AI M05,pending,module_choice_posttest_v0.2.0,false,D,Suspected compromise requiring containment review.,Reteach; at least three varied retests; preserve original score and open timebox work.,Codex original pilot,independent review pending,2026-09-11,
M05-C05,0.2.0,pilot,M05,selected-response interpretation,Selects the supported evidence decision in a bounded scenario.,Dated original choice and categorical confidence; independent mapped project artifact.,scenario_mcq,UUU CEH13-AI M05,pending,module_choice_posttest_v0.2.0,false,C,Current incident evidence and service impact.,Reteach; at least three varied retests; preserve original score and open timebox work.,Codex original pilot,independent review pending,2026-09-11,
M05-C06,0.2.0,pilot,M05,selected-response interpretation,Selects the supported defense decision in a bounded scenario.,Dated original choice and categorical confidence; independent mapped project artifact.,scenario_mcq,UUU CEH13-AI M05,pending,module_choice_posttest_v0.2.0,false,A,Record corroboration and the disposition.,Reteach; at least three varied retests; preserve original score and open timebox work.,Codex original pilot,independent review pending,2026-09-11,
M05-C07,0.2.0,pilot,M05,selected-response interpretation,Selects the supported defense decision in a bounded scenario.,Dated original choice and categorical confidence; independent mapped project artifact.,scenario_mcq,UUU CEH13-AI M05,pending,module_choice_posttest_v0.2.0,false,D,A bounded verification of the relevant condition.,Reteach; at least three varied retests; preserve original score and open timebox work.,Codex original pilot,independent review pending,2026-09-11,
M05-C08,0.2.0,pilot,M05,selected-response interpretation,Selects the supported safety decision in a bounded scenario.,Dated original choice and categorical confidence; independent mapped project artifact.,scenario_mcq,UUU CEH13-AI M05,pending,module_choice_posttest_v0.2.0,true,B,Record the lead without testing the address.,Reteach; at least three varied retests; preserve original score and open timebox work.,Codex original pilot,independent review pending,2026-09-11,
M05-C09,0.2.0,pilot,M05,selected-response interpretation,Selects the supported safety decision in a bounded scenario.,Dated original choice and categorical confidence; independent mapped project artifact.,scenario_mcq,UUU CEH13-AI M05,pending,module_choice_posttest_v0.2.0,true,A,No; active testing needs separate authorization.,Reteach; at least three varied retests; preserve original score and open timebox work.,Codex original pilot,independent review pending,2026-09-11,
M05-C10,0.2.0,pilot,M05,selected-response interpretation,Selects the supported transfer decision in a bounded scenario.,Dated original choice and categorical confidence; independent mapped project artifact.,scenario_mcq,UUU CEH13-AI M05,pending,module_choice_posttest_v0.2.0,false,B,Keep it unverified and request the missing evidence.,Reteach; at least three varied retests; preserve original score and open timebox work.,Codex original pilot,independent review pending,2026-09-11,
M06-C01,0.2.0,pilot,M06,selected-response interpretation,Selects the supported concept decision in a bounded scenario.,Dated original choice and categorical confidence; independent mapped project artifact.,scenario_mcq,UUU CEH13-AI M06,pending,module_choice_posttest_v0.2.0,false,B,Escalation increases privileges after access.,Reteach; at least three varied retests; preserve original score and open timebox work.,Codex original pilot,independent review pending,2026-09-11,
M06-C02,0.2.0,pilot,M06,selected-response interpretation,Selects the supported concept decision in a bounded scenario.,Dated original choice and categorical confidence; independent mapped project artifact.,scenario_mcq,UUU CEH13-AI M06,pending,module_choice_posttest_v0.2.0,false,D,A mechanism for retaining or regaining access.,Reteach; at least three varied retests; preserve original score and open timebox work.,Codex original pilot,independent review pending,2026-09-11,
M06-C03,0.2.0,pilot,M06,selected-response interpretation,Selects the supported evidence decision in a bounded scenario.,Dated original choice and categorical confidence; independent mapped project artifact.,scenario_mcq,UUU CEH13-AI M06,pending,module_choice_posttest_v0.2.0,false,C,A potential persistence mechanism needing validation.,Reteach; at least three varied retests; preserve original score and open timebox work.,Codex original pilot,independent review pending,2026-09-11,
M06-C04,0.2.0,pilot,M06,selected-response interpretation,Selects the supported evidence decision in a bounded scenario.,Dated original choice and categorical confidence; independent mapped project artifact.,scenario_mcq,UUU CEH13-AI M06,pending,module_choice_posttest_v0.2.0,false,A,Possible privilege escalation to investigate.,Reteach; at least three varied retests; preserve original score and open timebox work.,Codex original pilot,independent review pending,2026-09-11,
M06-C05,0.2.0,pilot,M06,selected-response interpretation,Selects the supported evidence decision in a bounded scenario.,Dated original choice and categorical confidence; independent mapped project artifact.,scenario_mcq,UUU CEH13-AI M06,pending,module_choice_posttest_v0.2.0,false,D,The full compromise path and persistence.,Reteach; at least three varied retests; preserve original score and open timebox work.,Codex original pilot,independent review pending,2026-09-11,
M06-C06,0.2.0,pilot,M06,selected-response interpretation,Selects the supported defense decision in a bounded scenario.,Dated original choice and categorical confidence; independent mapped project artifact.,scenario_mcq,UUU CEH13-AI M06,pending,module_choice_posttest_v0.2.0,false,B,Least privilege with monitored privileged access.,Reteach; at least three varied retests; preserve original score and open timebox work.,Codex original pilot,independent review pending,2026-09-11,
M06-C07,0.2.0,pilot,M06,selected-response interpretation,Selects the supported defense decision in a bounded scenario.,Dated original choice and categorical confidence; independent mapped project artifact.,scenario_mcq,UUU CEH13-AI M06,pending,module_choice_posttest_v0.2.0,false,A,Validated cleanup and a checked recovery path.,Reteach; at least three varied retests; preserve original score and open timebox work.,Codex original pilot,independent review pending,2026-09-11,
M06-C08,0.2.0,pilot,M06,selected-response interpretation,Selects the supported safety decision in a bounded scenario.,Dated original choice and categorical confidence; independent mapped project artifact.,scenario_mcq,UUU CEH13-AI M06,pending,module_choice_posttest_v0.2.0,true,C,No; credential testing is outside this scope.,Reteach; at least three varied retests; preserve original score and open timebox work.,Codex original pilot,independent review pending,2026-09-11,
M06-C09,0.2.0,pilot,M06,selected-response interpretation,Selects the supported safety decision in a bounded scenario.,Dated original choice and categorical confidence; independent mapped project artifact.,scenario_mcq,UUU CEH13-AI M06,pending,module_choice_posttest_v0.2.0,true,B,Preserve evidence and obtain the approved cleanup decision.,Reteach; at least three varied retests; preserve original score and open timebox work.,Codex original pilot,independent review pending,2026-09-11,
M06-C10,0.2.0,pilot,M06,selected-response interpretation,Selects the supported transfer decision in a bounded scenario.,Dated original choice and categorical confidence; independent mapped project artifact.,scenario_mcq,UUU CEH13-AI M06,pending,module_choice_posttest_v0.2.0,false,C,Observed behavior with unresolved access mechanism.,Reteach; at least three varied retests; preserve original score and open timebox work.,Codex original pilot,independent review pending,2026-09-11,
M07-C01,0.2.0,pilot,M07,selected-response interpretation,Selects the supported concept decision in a bounded scenario.,Dated original choice and categorical confidence; independent mapped project artifact.,scenario_mcq,UUU CEH13-AI M07,pending,module_choice_posttest_v0.2.0,false,C,Disrupting access to data through coercive locking or encryption.,Reteach; at least three varied retests; preserve original score and open timebox work.,Codex original pilot,independent review pending,2026-09-11,
M07-C02,0.2.0,pilot,M07,selected-response interpretation,Selects the supported concept decision in a bounded scenario.,Dated original choice and categorical confidence; independent mapped project artifact.,scenario_mcq,UUU CEH13-AI M07,pending,module_choice_posttest_v0.2.0,false,A,An artifact without executing its behavior.,Reteach; at least three varied retests; preserve original score and open timebox work.,Codex original pilot,independent review pending,2026-09-11,
M07-C03,0.2.0,pilot,M07,selected-response interpretation,Selects the supported evidence decision in a bounded scenario.,Dated original choice and categorical confidence; independent mapped project artifact.,scenario_mcq,UUU CEH13-AI M07,pending,module_choice_posttest_v0.2.0,false,D,Ransomware-like behavior in the supplied scenario.,Reteach; at least three varied retests; preserve original score and open timebox work.,Codex original pilot,independent review pending,2026-09-11,
M07-C04,0.2.0,pilot,M07,selected-response interpretation,Selects the supported evidence decision in a bounded scenario.,Dated original choice and categorical confidence; independent mapped project artifact.,scenario_mcq,UUU CEH13-AI M07,pending,module_choice_posttest_v0.2.0,false,B,An unverified suggestion requiring evidence.,Reteach; at least three varied retests; preserve original score and open timebox work.,Codex original pilot,independent review pending,2026-09-11,
M07-C05,0.2.0,pilot,M07,selected-response interpretation,Selects the supported evidence decision in a bounded scenario.,Dated original choice and categorical confidence; independent mapped project artifact.,scenario_mcq,UUU CEH13-AI M07,pending,module_choice_posttest_v0.2.0,false,A,Integrity relative to that fixture baseline.,Reteach; at least three varied retests; preserve original score and open timebox work.,Codex original pilot,independent review pending,2026-09-11,
M07-C06,0.2.0,pilot,M07,selected-response interpretation,Selects the supported defense decision in a bounded scenario.,Dated original choice and categorical confidence; independent mapped project artifact.,scenario_mcq,UUU CEH13-AI M07,pending,module_choice_posttest_v0.2.0,false,C,Use the approved containment path and preserve artifacts.,Reteach; at least three varied retests; preserve original score and open timebox work.,Codex original pilot,independent review pending,2026-09-11,
M07-C07,0.2.0,pilot,M07,selected-response interpretation,Selects the supported defense decision in a bounded scenario.,Dated original choice and categorical confidence; independent mapped project artifact.,scenario_mcq,UUU CEH13-AI M07,pending,module_choice_posttest_v0.2.0,false,B,A verified restore test and addressed entry conditions.,Reteach; at least three varied retests; preserve original score and open timebox work.,Codex original pilot,independent review pending,2026-09-11,
M07-C08,0.2.0,pilot,M07,selected-response interpretation,Selects the supported safety decision in a bounded scenario.,Dated original choice and categorical confidence; independent mapped project artifact.,scenario_mcq,UUU CEH13-AI M07,pending,module_choice_posttest_v0.2.0,true,D,No; keep to the supplied benign evidence.,Reteach; at least three varied retests; preserve original score and open timebox work.,Codex original pilot,independent review pending,2026-09-11,
M07-C09,0.2.0,pilot,M07,selected-response interpretation,Selects the supported safety decision in a bounded scenario.,Dated original choice and categorical confidence; independent mapped project artifact.,scenario_mcq,UUU CEH13-AI M07,pending,module_choice_posttest_v0.2.0,true,C,Approved handling and properly sanitized inputs.,Reteach; at least three varied retests; preserve original score and open timebox work.,Codex original pilot,independent review pending,2026-09-11,
M07-C10,0.2.0,pilot,M07,selected-response interpretation,Selects the supported transfer decision in a bounded scenario.,Dated original choice and categorical confidence; independent mapped project artifact.,scenario_mcq,UUU CEH13-AI M07,pending,module_choice_posttest_v0.2.0,false,D,Correlate context before labeling malware.,Reteach; at least three varied retests; preserve original score and open timebox work.,Codex original pilot,independent review pending,2026-09-11,
M08-C01,0.2.0,pilot,M08,selected-response interpretation,Selects the supported concept decision in a bounded scenario.,Dated original choice and categorical confidence; independent mapped project artifact.,scenario_mcq,UUU CEH13-AI M08,pending,module_choice_posttest_v0.2.0,false,D,Observed traffic within a capture's scope and time.,Reteach; at least three varied retests; preserve original score and open timebox work.,Codex original pilot,independent review pending,2026-09-11,
M08-C02,0.2.0,pilot,M08,selected-response interpretation,Selects the supported concept decision in a bounded scenario.,Dated original choice and categorical confidence; independent mapped project artifact.,scenario_mcq,UUU CEH13-AI M08,pending,module_choice_posttest_v0.2.0,false,B,Traffic contents in transit between relevant endpoints.,Reteach; at least three varied retests; preserve original score and open timebox work.,Codex original pilot,independent review pending,2026-09-11,
M08-C03,0.2.0,pilot,M08,selected-response interpretation,Selects the supported evidence decision in a bounded scenario.,Dated original choice and categorical confidence; independent mapped project artifact.,scenario_mcq,UUU CEH13-AI M08,pending,module_choice_posttest_v0.2.0,false,A,Connection-attempt behavior toward that port.,Reteach; at least three varied retests; preserve original score and open timebox work.,Codex original pilot,independent review pending,2026-09-11,
M08-C04,0.2.0,pilot,M08,selected-response interpretation,Selects the supported evidence decision in a bounded scenario.,Dated original choice and categorical confidence; independent mapped project artifact.,scenario_mcq,UUU CEH13-AI M08,pending,module_choice_posttest_v0.2.0,false,C,Successful application compromise.,Reteach; at least three varied retests; preserve original score and open timebox work.,Codex original pilot,independent review pending,2026-09-11,
M08-C05,0.2.0,pilot,M08,selected-response interpretation,Selects the supported evidence decision in a bounded scenario.,Dated original choice and categorical confidence; independent mapped project artifact.,scenario_mcq,UUU CEH13-AI M08,pending,module_choice_posttest_v0.2.0,false,B,No such traffic was observed in that window.,Reteach; at least three varied retests; preserve original score and open timebox work.,Codex original pilot,independent review pending,2026-09-11,
M08-C06,0.2.0,pilot,M08,selected-response interpretation,Selects the supported defense decision in a bounded scenario.,Dated original choice and categorical confidence; independent mapped project artifact.,scenario_mcq,UUU CEH13-AI M08,pending,module_choice_posttest_v0.2.0,false,D,Approved segmentation with verified access rules.,Reteach; at least three varied retests; preserve original score and open timebox work.,Codex original pilot,independent review pending,2026-09-11,
M08-C07,0.2.0,pilot,M08,selected-response interpretation,Selects the supported defense decision in a bounded scenario.,Dated original choice and categorical confidence; independent mapped project artifact.,scenario_mcq,UUU CEH13-AI M08,pending,module_choice_posttest_v0.2.0,false,C,Correlating traffic with scoped host evidence.,Reteach; at least three varied retests; preserve original score and open timebox work.,Codex original pilot,independent review pending,2026-09-11,
M08-C08,0.2.0,pilot,M08,selected-response interpretation,Selects the supported safety decision in a bounded scenario.,Dated original choice and categorical confidence; independent mapped project artifact.,scenario_mcq,UUU CEH13-AI M08,pending,module_choice_posttest_v0.2.0,true,A,No; separate target and capture authorization is needed.,Reteach; at least three varied retests; preserve original score and open timebox work.,Codex original pilot,independent review pending,2026-09-11,
M08-C09,0.2.0,pilot,M08,selected-response interpretation,Selects the supported safety decision in a bounded scenario.,Dated original choice and categorical confidence; independent mapped project artifact.,scenario_mcq,UUU CEH13-AI M08,pending,module_choice_posttest_v0.2.0,true,D,Stop and follow sensitive-evidence handling.,Reteach; at least three varied retests; preserve original score and open timebox work.,Codex original pilot,independent review pending,2026-09-11,
M08-C10,0.2.0,pilot,M08,selected-response interpretation,Selects the supported transfer decision in a bounded scenario.,Dated original choice and categorical confidence; independent mapped project artifact.,scenario_mcq,UUU CEH13-AI M08,pending,module_choice_posttest_v0.2.0,false,A,Observed encrypted communication with identity or purpose unresolved.,Reteach; at least three varied retests; preserve original score and open timebox work.,Codex original pilot,independent review pending,2026-09-11,
CEH26-M01-Q001,1.0.0,prepared_original,M01,scenario and mechanism interpretation,Interprets security objectives within the original scenario.,Learner choice and categorical confidence; record assistance and actual time; separate original/retest results.,mcq,UUU M01; CEH v5 domain 1,not assigned,uuu_course_aligned_v1,false,C,Confidentiality prevents information from being disclosed to unauthorized readers.,Plain-English reteaching plus at least three varied retests; preserve partial work at endpoint.,Codex original educational item,author review; independent SME review pending,2026-09-18,2026-09-18
CEH26-M01-Q002,1.0.0,prepared_original,M01,scenario and mechanism interpretation,Interprets assessment authority within the original scenario.,Learner choice and categorical confidence; record assistance and actual time; separate original/retest results.,mcq,UUU M01; CEH v5 domain 1,not assigned,uuu_course_aligned_v1,true,C,"Permission must identify who may test which assets, by which methods, and under what limits.",Plain-English reteaching plus at least three varied retests; preserve partial work at endpoint.,Codex original educational item,author review; independent SME review pending,2026-09-18,2026-09-18
CEH26-M01-Q003,1.0.0,prepared_original,M01,scenario and mechanism interpretation,Interprets control function within the original scenario.,Learner choice and categorical confidence; record assistance and actual time; separate original/retest results.,mcq,UUU M01; CEH v5 domain 1,not assigned,uuu_course_aligned_v1,false,D,A preventive control attempts to stop an unwanted action before it succeeds.,Plain-English reteaching plus at least three varied retests; preserve partial work at endpoint.,Codex original educational item,author review; independent SME review pending,2026-09-18,2026-09-18
CEH26-M01-Q004,1.0.0,prepared_original,M01,scenario and mechanism interpretation,Interprets assessment visibility within the original scenario.,Learner choice and categorical confidence; record assistance and actual time; separate original/retest results.,mcq,UUU M01; CEH v5 domain 1,not assigned,uuu_course_aligned_v1,false,A,A black-box assessment begins with little or no internal knowledge of the target.,Plain-English reteaching plus at least three varied retests; preserve partial work at endpoint.,Codex original educational item,author review; independent SME review pending,2026-09-18,2026-09-18
CEH26-M01-Q005,1.0.0,prepared_original,M01,scenario and mechanism interpretation,Interprets framework purpose within the original scenario.,Learner choice and categorical confidence; record assistance and actual time; separate original/retest results.,mcq,UUU M01; CEH v5 domain 1,not assigned,uuu_course_aligned_v1,false,A,ATT&CK organizes observed adversary tactics and techniques; it is not a vulnerability severity score.,Plain-English reteaching plus at least three varied retests; preserve partial work at endpoint.,Codex original educational item,author review; independent SME review pending,2026-09-18,2026-09-18
CEH26-M01-Q006,1.0.0,prepared_original,M01,scenario and mechanism interpretation,Interprets identity and assurance within the original scenario.,Learner choice and categorical confidence; record assistance and actual time; separate original/retest results.,mcq,UUU M01; CEH v5 domain 1,not assigned,uuu_course_aligned_v1,false,D,Authentication verifies a claimed identity using an accepted credential or mechanism.,Plain-English reteaching plus at least three varied retests; preserve partial work at endpoint.,Codex original educational item,author review; independent SME review pending,2026-09-18,2026-09-18
CEH26-M01-Q007,1.0.0,prepared_original,M01,scenario and mechanism interpretation,Interprets security objectives within the original scenario.,Learner choice and categorical confidence; record assistance and actual time; separate original/retest results.,mcq,UUU M01; CEH v5 domain 1,not assigned,uuu_course_aligned_v1,false,B,Integrity protects information against unauthorized alteration or destruction.,Plain-English reteaching plus at least three varied retests; preserve partial work at endpoint.,Codex original educational item,author review; independent SME review pending,2026-09-18,2026-09-18
CEH26-M01-Q008,1.0.0,prepared_original,M01,scenario and mechanism interpretation,Interprets assessment authority within the original scenario.,Learner choice and categorical confidence; record assistance and actual time; separate original/retest results.,mcq,UUU M01; CEH v5 domain 1,not assigned,uuu_course_aligned_v1,true,A,"Rules of engagement define operational conditions such as timing, contacts, escalation and stopping criteria.",Plain-English reteaching plus at least three varied retests; preserve partial work at endpoint.,Codex original educational item,author review; independent SME review pending,2026-09-18,2026-09-18
CEH26-M01-Q009,1.0.0,prepared_original,M01,scenario and mechanism interpretation,Interprets control function within the original scenario.,Learner choice and categorical confidence; record assistance and actual time; separate original/retest results.,mcq,UUU M01; CEH v5 domain 1,not assigned,uuu_course_aligned_v1,false,B,A detective control identifies activity or conditions that may already have occurred.,Plain-English reteaching plus at least three varied retests; preserve partial work at endpoint.,Codex original educational item,author review; independent SME review pending,2026-09-18,2026-09-18
CEH26-M01-Q010,1.0.0,prepared_original,M01,scenario and mechanism interpretation,Interprets assessment visibility within the original scenario.,Learner choice and categorical confidence; record assistance and actual time; separate original/retest results.,mcq,UUU M01; CEH v5 domain 1,not assigned,uuu_course_aligned_v1,false,C,A white-box assessment gives testers substantial internal information such as code and architecture.,Plain-English reteaching plus at least three varied retests; preserve partial work at endpoint.,Codex original educational item,author review; independent SME review pending,2026-09-18,2026-09-18
CEH26-M01-Q011,1.0.0,prepared_original,M01,scenario and mechanism interpretation,Interprets framework purpose within the original scenario.,Learner choice and categorical confidence; record assistance and actual time; separate original/retest results.,mcq,UUU M01; CEH v5 domain 1,not assigned,uuu_course_aligned_v1,false,D,The Cyber Kill Chain describes a staged intrusion lifecycle from preparation to actions on objectives.,Plain-English reteaching plus at least three varied retests; preserve partial work at endpoint.,Codex original educational item,author review; independent SME review pending,2026-09-18,2026-09-18
CEH26-M01-Q012,1.0.0,prepared_original,M01,scenario and mechanism interpretation,Interprets identity and assurance within the original scenario.,Learner choice and categorical confidence; record assistance and actual time; separate original/retest results.,mcq,UUU M01; CEH v5 domain 1,not assigned,uuu_course_aligned_v1,false,C,Authorization decides which actions an authenticated or otherwise identified subject may perform.,Plain-English reteaching plus at least three varied retests; preserve partial work at endpoint.,Codex original educational item,author review; independent SME review pending,2026-09-18,2026-09-18
CEH26-M01-Q013,1.0.0,prepared_original,M01,scenario and mechanism interpretation,Interprets security objectives within the original scenario.,Learner choice and categorical confidence; record assistance and actual time; separate original/retest results.,mcq,UUU M01; CEH v5 domain 1,not assigned,uuu_course_aligned_v1,false,D,Availability keeps a service or information accessible when authorized users need it.,Plain-English reteaching plus at least three varied retests; preserve partial work at endpoint.,Codex original educational item,author review; independent SME review pending,2026-09-18,2026-09-18
CEH26-M01-Q014,1.0.0,prepared_original,M01,scenario and mechanism interpretation,Interprets assessment authority within the original scenario.,Learner choice and categorical confidence; record assistance and actual time; separate original/retest results.,mcq,UUU M01; CEH v5 domain 1,not assigned,uuu_course_aligned_v1,true,C,A disclosure process routes a finding to the appropriate owner while limiting unnecessary exposure.,Plain-English reteaching plus at least three varied retests; preserve partial work at endpoint.,Codex original educational item,author review; independent SME review pending,2026-09-18,2026-09-18
CEH26-M01-Q015,1.0.0,prepared_original,M01,scenario and mechanism interpretation,Interprets control function within the original scenario.,Learner choice and categorical confidence; record assistance and actual time; separate original/retest results.,mcq,UUU M01; CEH v5 domain 1,not assigned,uuu_course_aligned_v1,false,A,A corrective control repairs a harmful state or restores service after a problem.,Plain-English reteaching plus at least three varied retests; preserve partial work at endpoint.,Codex original educational item,author review; independent SME review pending,2026-09-18,2026-09-18
CEH26-M01-Q016,1.0.0,prepared_original,M01,scenario and mechanism interpretation,Interprets assessment visibility within the original scenario.,Learner choice and categorical confidence; record assistance and actual time; separate original/retest results.,mcq,UUU M01; CEH v5 domain 1,not assigned,uuu_course_aligned_v1,false,A,A gray-box assessment provides limited internal knowledge or a representative user account.,Plain-English reteaching plus at least three varied retests; preserve partial work at endpoint.,Codex original educational item,author review; independent SME review pending,2026-09-18,2026-09-18
CEH26-M01-Q017,1.0.0,prepared_original,M01,scenario and mechanism interpretation,Interprets framework purpose within the original scenario.,Learner choice and categorical confidence; record assistance and actual time; separate original/retest results.,mcq,UUU M01; CEH v5 domain 1,not assigned,uuu_course_aligned_v1,false,B,"The CSF organizes cybersecurity risk management outcomes across functions including Govern, Identify, Protect, Detect, Respond and Recover.",Plain-English reteaching plus at least three varied retests; preserve partial work at endpoint.,Codex original educational item,author review; independent SME review pending,2026-09-18,2026-09-18
CEH26-M01-Q018,1.0.0,prepared_original,M01,scenario and mechanism interpretation,Interprets identity and assurance within the original scenario.,Learner choice and categorical confidence; record assistance and actual time; separate original/retest results.,mcq,UUU M01; CEH v5 domain 1,not assigned,uuu_course_aligned_v1,false,B,Least privilege grants only the permissions needed for the assigned task and duration.,Plain-English reteaching plus at least three varied retests; preserve partial work at endpoint.,Codex original educational item,author review; independent SME review pending,2026-09-18,2026-09-18
CEH26-M01-Q019,1.0.0,prepared_original,M01,scenario and mechanism interpretation,Interprets security objectives within the original scenario.,Learner choice and categorical confidence; record assistance and actual time; separate original/retest results.,mcq,UUU M01; CEH v5 domain 1,not assigned,uuu_course_aligned_v1,false,B,Accountability links actions to identifiable actors so activity can be reviewed.,Plain-English reteaching plus at least three varied retests; preserve partial work at endpoint.,Codex original educational item,author review; independent SME review pending,2026-09-18,2026-09-18
CEH26-M01-Q020,1.0.0,prepared_original,M01,scenario and mechanism interpretation,Interprets assessment authority within the original scenario.,Learner choice and categorical confidence; record assistance and actual time; separate original/retest results.,mcq,UUU M01; CEH v5 domain 1,not assigned,uuu_course_aligned_v1,true,A,Evidence handling records origin and preserves artifacts so later conclusions remain supportable.,Plain-English reteaching plus at least three varied retests; preserve partial work at endpoint.,Codex original educational item,author review; independent SME review pending,2026-09-18,2026-09-18
CEH26-M01-Q021,1.0.0,prepared_original,M01,scenario and mechanism interpretation,Interprets control function within the original scenario.,Learner choice and categorical confidence; record assistance and actual time; separate original/retest results.,mcq,UUU M01; CEH v5 domain 1,not assigned,uuu_course_aligned_v1,false,C,A deterrent control discourages an action by communicating consequences or increasing perceived risk.,Plain-English reteaching plus at least three varied retests; preserve partial work at endpoint.,Codex original educational item,author review; independent SME review pending,2026-09-18,2026-09-18
CEH26-M01-Q022,1.0.0,prepared_original,M01,scenario and mechanism interpretation,Interprets assessment visibility within the original scenario.,Learner choice and categorical confidence; record assistance and actual time; separate original/retest results.,mcq,UUU M01; CEH v5 domain 1,not assigned,uuu_course_aligned_v1,false,B,A vulnerability assessment identifies and prioritizes weaknesses; it does not necessarily demonstrate exploitation.,Plain-English reteaching plus at least three varied retests; preserve partial work at endpoint.,Codex original educational item,author review; independent SME review pending,2026-09-18,2026-09-18
CEH26-M01-Q023,1.0.0,prepared_original,M01,scenario and mechanism interpretation,Interprets framework purpose within the original scenario.,Learner choice and categorical confidence; record assistance and actual time; separate original/retest results.,mcq,UUU M01; CEH v5 domain 1,not assigned,uuu_course_aligned_v1,false,D,CVSS describes technical vulnerability severity using a defined scoring method; business priority needs additional context.,Plain-English reteaching plus at least three varied retests; preserve partial work at endpoint.,Codex original educational item,author review; independent SME review pending,2026-09-18,2026-09-18
CEH26-M01-Q024,1.0.0,prepared_original,M01,scenario and mechanism interpretation,Interprets identity and assurance within the original scenario.,Learner choice and categorical confidence; record assistance and actual time; separate original/retest results.,mcq,UUU M01; CEH v5 domain 1,not assigned,uuu_course_aligned_v1,false,D,Separation of duties divides sensitive responsibilities so one actor cannot complete the whole risky process alone.,Plain-English reteaching plus at least three varied retests; preserve partial work at endpoint.,Codex original educational item,author review; independent SME review pending,2026-09-18,2026-09-18
CEH26-M01-Q025,1.0.0,prepared_original,M01,scenario and mechanism interpretation,Interprets security objectives within the original scenario.,Learner choice and categorical confidence; record assistance and actual time; separate original/retest results.,mcq,UUU M01; CEH v5 domain 1,not assigned,uuu_course_aligned_v1,false,B,Integrity protects information against unauthorized alteration or destruction.,Plain-English reteaching plus at least three varied retests; preserve partial work at endpoint.,Codex original educational item,author review; independent SME review pending,2026-09-18,2026-09-18
CEH26-M01-Q026,1.0.0,prepared_original,M01,scenario and mechanism interpretation,Interprets assessment authority within the original scenario.,Learner choice and categorical confidence; record assistance and actual time; separate original/retest results.,mcq,UUU M01; CEH v5 domain 1,not assigned,uuu_course_aligned_v1,true,A,"Rules of engagement define operational conditions such as timing, contacts, escalation and stopping criteria.",Plain-English reteaching plus at least three varied retests; preserve partial work at endpoint.,Codex original educational item,author review; independent SME review pending,2026-09-18,2026-09-18
CEH26-M01-Q027,1.0.0,prepared_original,M01,scenario and mechanism interpretation,Interprets control function within the original scenario.,Learner choice and categorical confidence; record assistance and actual time; separate original/retest results.,mcq,UUU M01; CEH v5 domain 1,not assigned,uuu_course_aligned_v1,false,C,A preventive control attempts to stop an unwanted action before it succeeds.,Plain-English reteaching plus at least three varied retests; preserve partial work at endpoint.,Codex original educational item,author review; independent SME review pending,2026-09-18,2026-09-18
CEH26-M01-Q028,1.0.0,prepared_original,M01,scenario and mechanism interpretation,Interprets assessment visibility within the original scenario.,Learner choice and categorical confidence; record assistance and actual time; separate original/retest results.,mcq,UUU M01; CEH v5 domain 1,not assigned,uuu_course_aligned_v1,false,B,A gray-box assessment provides limited internal knowledge or a representative user account.,Plain-English reteaching plus at least three varied retests; preserve partial work at endpoint.,Codex original educational item,author review; independent SME review pending,2026-09-18,2026-09-18
CEH26-M01-Q029,1.0.0,prepared_original,M01,scenario and mechanism interpretation,Distinguishes the GDPR from information-security standards and frameworks.,Learner choice and categorical confidence; record assistance and actual time; separate original/retest results.,mcq,UUU M01; CEH v5 domain 1,not assigned,uuu_course_aligned_v1,false,A,"The GDPR is Regulation (EU) 2016/679 concerning personal-data protection. This question identifies its role, not whether it applies to a particular organization.",Plain-English reteaching plus at least three varied retests; preserve partial work at endpoint.,Codex original educational item,author review; independent SME review pending,2026-09-18,2026-09-18
CEH26-M01-Q030,1.0.0,prepared_original,M01,scenario and mechanism interpretation,Interprets identity and assurance within the original scenario.,Learner choice and categorical confidence; record assistance and actual time; separate original/retest results.,mcq,UUU M01; CEH v5 domain 1,not assigned,uuu_course_aligned_v1,false,D,Authorization decides which actions an authenticated or otherwise identified subject may perform.,Plain-English reteaching plus at least three varied retests; preserve partial work at endpoint.,Codex original educational item,author review; independent SME review pending,2026-09-18,2026-09-18
CEH26-M02-Q001,1.0.0,prepared_original,M02,scenario and mechanism interpretation,Interprets passive and active reconnaissance within the original scenario.,Learner choice and categorical confidence; record assistance and actual time; separate original/retest results.,mcq,UUU M02; CEH v5 domain 2,not assigned,uuu_course_aligned_v1,false,D,Passive-source research uses already available third-party information without probing the target service directly.,Plain-English reteaching plus at least three varied retests; preserve partial work at endpoint.,Codex original educational item,author review; independent SME review pending,2026-09-18,2026-09-18
CEH26-M02-Q002,1.0.0,prepared_original,M02,scenario and mechanism interpretation,Interprets dns records within the original scenario.,Learner choice and categorical confidence; record assistance and actual time; separate original/retest results.,mcq,UUU M02; CEH v5 domain 2,not assigned,uuu_course_aligned_v1,false,D,An A record maps a name to an IPv4 address.,Plain-English reteaching plus at least three varied retests; preserve partial work at endpoint.,Codex original educational item,author review; independent SME review pending,2026-09-18,2026-09-18
CEH26-M02-Q003,1.0.0,prepared_original,M02,scenario and mechanism interpretation,Interprets additional dns data within the original scenario.,Learner choice and categorical confidence; record assistance and actual time; separate original/retest results.,mcq,UUU M02; CEH v5 domain 2,not assigned,uuu_course_aligned_v1,false,C,An NS record identifies an authoritative name server for a DNS zone.,Plain-English reteaching plus at least three varied retests; preserve partial work at endpoint.,Codex original educational item,author review; independent SME review pending,2026-09-18,2026-09-18
CEH26-M02-Q004,1.0.0,prepared_original,M02,scenario and mechanism interpretation,Interprets reconnaissance sources within the original scenario.,Learner choice and categorical confidence; record assistance and actual time; separate original/retest results.,mcq,UUU M02; CEH v5 domain 2,not assigned,uuu_course_aligned_v1,false,C,RDAP provides structured registration information; privacy redaction and registry differences limit what it reveals.,Plain-English reteaching plus at least three varied retests; preserve partial work at endpoint.,Codex original educational item,author review; independent SME review pending,2026-09-18,2026-09-18
CEH26-M02-Q005,1.0.0,prepared_original,M02,scenario and mechanism interpretation,Interprets network footprint interpretation within the original scenario.,Learner choice and categorical confidence; record assistance and actual time; separate original/retest results.,mcq,UUU M02; CEH v5 domain 2,not assigned,uuu_course_aligned_v1,false,D,"Traceroute infers path hops from probe responses, often using time-to-live or hop-limit expiry; missing replies do not prove a broken path.",Plain-English reteaching plus at least three varied retests; preserve partial work at endpoint.,Codex original educational item,author review; independent SME review pending,2026-09-18,2026-09-18
CEH26-M02-Q006,1.0.0,prepared_original,M02,scenario and mechanism interpretation,Interprets exposure reduction within the original scenario.,Learner choice and categorical confidence; record assistance and actual time; separate original/retest results.,mcq,UUU M02; CEH v5 domain 2,not assigned,uuu_course_aligned_v1,false,A,"Remove unnecessary author, path and software details from public documents and pages.",Plain-English reteaching plus at least three varied retests; preserve partial work at endpoint.,Codex original educational item,author review; independent SME review pending,2026-09-18,2026-09-18
CEH26-M02-Q007,1.0.0,prepared_original,M02,scenario and mechanism interpretation,Interprets passive and active reconnaissance within the original scenario.,Learner choice and categorical confidence; record assistance and actual time; separate original/retest results.,mcq,UUU M02; CEH v5 domain 2,not assigned,uuu_course_aligned_v1,false,C,Active reconnaissance sends requests or probes to the target or its infrastructure and requires appropriate scope.,Plain-English reteaching plus at least three varied retests; preserve partial work at endpoint.,Codex original educational item,author review; independent SME review pending,2026-09-18,2026-09-18
CEH26-M02-Q008,1.0.0,prepared_original,M02,scenario and mechanism interpretation,Interprets dns records within the original scenario.,Learner choice and categorical confidence; record assistance and actual time; separate original/retest results.,mcq,UUU M02; CEH v5 domain 2,not assigned,uuu_course_aligned_v1,false,A,An AAAA record maps a name to an IPv6 address.,Plain-English reteaching plus at least three varied retests; preserve partial work at endpoint.,Codex original educational item,author review; independent SME review pending,2026-09-18,2026-09-18
CEH26-M02-Q009,1.0.0,prepared_original,M02,scenario and mechanism interpretation,Interprets additional dns data within the original scenario.,Learner choice and categorical confidence; record assistance and actual time; separate original/retest results.,mcq,UUU M02; CEH v5 domain 2,not assigned,uuu_course_aligned_v1,false,B,An SOA record carries zone authority metadata including a serial number and timing values.,Plain-English reteaching plus at least three varied retests; preserve partial work at endpoint.,Codex original educational item,author review; independent SME review pending,2026-09-18,2026-09-18
CEH26-M02-Q010,1.0.0,prepared_original,M02,scenario and mechanism interpretation,Interprets reconnaissance sources within the original scenario.,Learner choice and categorical confidence; record assistance and actual time; separate original/retest results.,mcq,UUU M02; CEH v5 domain 2,not assigned,uuu_course_aligned_v1,false,B,"Certificate transparency records publicly logged certificates and can reveal names, but not whether a service is currently live.",Plain-English reteaching plus at least three varied retests; preserve partial work at endpoint.,Codex original educational item,author review; independent SME review pending,2026-09-18,2026-09-18
CEH26-M02-Q011,1.0.0,prepared_original,M02,scenario and mechanism interpretation,Interprets network footprint interpretation within the original scenario.,Learner choice and categorical confidence; record assistance and actual time; separate original/retest results.,mcq,UUU M02; CEH v5 domain 2,not assigned,uuu_course_aligned_v1,false,D,"AS and routing data identify network routing relationships or announced prefixes, not automatic testing permission.",Plain-English reteaching plus at least three varied retests; preserve partial work at endpoint.,Codex original educational item,author review; independent SME review pending,2026-09-18,2026-09-18
CEH26-M02-Q012,1.0.0,prepared_original,M02,scenario and mechanism interpretation,Interprets exposure reduction within the original scenario.,Learner choice and categorical confidence; record assistance and actual time; separate original/retest results.,mcq,UUU M02; CEH v5 domain 2,not assigned,uuu_course_aligned_v1,false,B,Allow DNS zone transfers only to the intended authorized secondary servers.,Plain-English reteaching plus at least three varied retests; preserve partial work at endpoint.,Codex original educational item,author review; independent SME review pending,2026-09-18,2026-09-18
CEH26-M02-Q013,1.0.0,prepared_original,M02,scenario and mechanism interpretation,Interprets passive and active reconnaissance within the original scenario.,Learner choice and categorical confidence; record assistance and actual time; separate original/retest results.,mcq,UUU M02; CEH v5 domain 2,not assigned,uuu_course_aligned_v1,false,B,"Corroboration compares independent evidence because a single public record may be incomplete, stale or misleading.",Plain-English reteaching plus at least three varied retests; preserve partial work at endpoint.,Codex original educational item,author review; independent SME review pending,2026-09-18,2026-09-18
CEH26-M02-Q014,1.0.0,prepared_original,M02,scenario and mechanism interpretation,Interprets dns records within the original scenario.,Learner choice and categorical confidence; record assistance and actual time; separate original/retest results.,mcq,UUU M02; CEH v5 domain 2,not assigned,uuu_course_aligned_v1,false,A,An MX record identifies mail exchangers for a domain and includes preference values.,Plain-English reteaching plus at least three varied retests; preserve partial work at endpoint.,Codex original educational item,author review; independent SME review pending,2026-09-18,2026-09-18
CEH26-M02-Q015,1.0.0,prepared_original,M02,scenario and mechanism interpretation,Interprets additional dns data within the original scenario.,Learner choice and categorical confidence; record assistance and actual time; separate original/retest results.,mcq,UUU M02; CEH v5 domain 2,not assigned,uuu_course_aligned_v1,false,D,A PTR record maps a reverse-DNS name toward a host name; it does not prove service ownership.,Plain-English reteaching plus at least three varied retests; preserve partial work at endpoint.,Codex original educational item,author review; independent SME review pending,2026-09-18,2026-09-18
CEH26-M02-Q016,1.0.0,prepared_original,M02,scenario and mechanism interpretation,Interprets reconnaissance sources within the original scenario.,Learner choice and categorical confidence; record assistance and actual time; separate original/retest results.,mcq,UUU M02; CEH v5 domain 2,not assigned,uuu_course_aligned_v1,false,B,A search engine exposes its indexed view of content; cached results can lag behind current deployment.,Plain-English reteaching plus at least three varied retests; preserve partial work at endpoint.,Codex original educational item,author review; independent SME review pending,2026-09-18,2026-09-18
CEH26-M02-Q017,1.0.0,prepared_original,M02,scenario and mechanism interpretation,Interprets network footprint interpretation within the original scenario.,Learner choice and categorical confidence; record assistance and actual time; separate original/retest results.,mcq,UUU M02; CEH v5 domain 2,not assigned,uuu_course_aligned_v1,false,D,"IP geolocation estimates an address's location; VPNs, shared infrastructure and stale databases limit precision.",Plain-English reteaching plus at least three varied retests; preserve partial work at endpoint.,Codex original educational item,author review; independent SME review pending,2026-09-18,2026-09-18
CEH26-M02-Q018,1.0.0,prepared_original,M02,scenario and mechanism interpretation,Interprets exposure reduction within the original scenario.,Learner choice and categorical confidence; record assistance and actual time; separate original/retest results.,mcq,UUU M02; CEH v5 domain 2,not assigned,uuu_course_aligned_v1,false,A,Publish necessary role-based contacts while avoiding unnecessary personal staff details.,Plain-English reteaching plus at least three varied retests; preserve partial work at endpoint.,Codex original educational item,author review; independent SME review pending,2026-09-18,2026-09-18
CEH26-M02-Q019,1.0.0,prepared_original,M02,scenario and mechanism interpretation,Interprets passive and active reconnaissance within the original scenario.,Learner choice and categorical confidence; record assistance and actual time; separate original/retest results.,mcq,UUU M02; CEH v5 domain 2,not assigned,uuu_course_aligned_v1,false,C,Data minimization limits collection to information actually needed for the authorized purpose.,Plain-English reteaching plus at least three varied retests; preserve partial work at endpoint.,Codex original educational item,author review; independent SME review pending,2026-09-18,2026-09-18
CEH26-M02-Q020,1.0.0,prepared_original,M02,scenario and mechanism interpretation,Interprets dns records within the original scenario.,Learner choice and categorical confidence; record assistance and actual time; separate original/retest results.,mcq,UUU M02; CEH v5 domain 2,not assigned,uuu_course_aligned_v1,false,C,A CNAME record makes one name an alias of another canonical name.,Plain-English reteaching plus at least three varied retests; preserve partial work at endpoint.,Codex original educational item,author review; independent SME review pending,2026-09-18,2026-09-18
CEH26-M02-Q021,1.0.0,prepared_original,M02,scenario and mechanism interpretation,Interprets additional dns data within the original scenario.,Learner choice and categorical confidence; record assistance and actual time; separate original/retest results.,mcq,UUU M02; CEH v5 domain 2,not assigned,uuu_course_aligned_v1,false,D,"A TXT record carries text, including formats used by some email policies and ownership checks.",Plain-English reteaching plus at least three varied retests; preserve partial work at endpoint.,Codex original educational item,author review; independent SME review pending,2026-09-18,2026-09-18
CEH26-M02-Q022,1.0.0,prepared_original,M02,scenario and mechanism interpretation,Interprets reconnaissance sources within the original scenario.,Learner choice and categorical confidence; record assistance and actual time; separate original/retest results.,mcq,UUU M02; CEH v5 domain 2,not assigned,uuu_course_aligned_v1,false,C,"Document metadata can reveal properties such as authoring software or author fields, which may be stale or user-controlled.",Plain-English reteaching plus at least three varied retests; preserve partial work at endpoint.,Codex original educational item,author review; independent SME review pending,2026-09-18,2026-09-18
CEH26-M02-Q023,1.0.0,prepared_original,M02,scenario and mechanism interpretation,Interprets network footprint interpretation within the original scenario.,Learner choice and categorical confidence; record assistance and actual time; separate original/retest results.,mcq,UUU M02; CEH v5 domain 2,not assigned,uuu_course_aligned_v1,false,C,A reverse proxy or CDN can terminate public requests while hiding or separating the origin server.,Plain-English reteaching plus at least three varied retests; preserve partial work at endpoint.,Codex original educational item,author review; independent SME review pending,2026-09-18,2026-09-18
CEH26-M02-Q024,1.0.0,prepared_original,M02,scenario and mechanism interpretation,Interprets exposure reduction within the original scenario.,Learner choice and categorical confidence; record assistance and actual time; separate original/retest results.,mcq,UUU M02; CEH v5 domain 2,not assigned,uuu_course_aligned_v1,false,B,"Track public names, certificates and vendor links so abandoned or unexpected dependencies can be investigated.",Plain-English reteaching plus at least three varied retests; preserve partial work at endpoint.,Codex original educational item,author review; independent SME review pending,2026-09-18,2026-09-18
CEH26-M02-Q025,1.0.0,prepared_original,M02,scenario and mechanism interpretation,Interprets passive and active reconnaissance within the original scenario.,Learner choice and categorical confidence; record assistance and actual time; separate original/retest results.,mcq,UUU M02; CEH v5 domain 2,not assigned,uuu_course_aligned_v1,false,B,Active reconnaissance sends requests or probes to the target or its infrastructure and requires appropriate scope.,Plain-English reteaching plus at least three varied retests; preserve partial work at endpoint.,Codex original educational item,author review; independent SME review pending,2026-09-18,2026-09-18
CEH26-M02-Q026,1.0.0,prepared_original,M02,scenario and mechanism interpretation,Interprets dns records within the original scenario.,Learner choice and categorical confidence; record assistance and actual time; separate original/retest results.,mcq,UUU M02; CEH v5 domain 2,not assigned,uuu_course_aligned_v1,false,B,An MX record identifies mail exchangers for a domain and includes preference values.,Plain-English reteaching plus at least three varied retests; preserve partial work at endpoint.,Codex original educational item,author review; independent SME review pending,2026-09-18,2026-09-18
CEH26-M02-Q027,1.0.0,prepared_original,M02,scenario and mechanism interpretation,Interprets additional dns data within the original scenario.,Learner choice and categorical confidence; record assistance and actual time; separate original/retest results.,mcq,UUU M02; CEH v5 domain 2,not assigned,uuu_course_aligned_v1,false,D,A PTR record maps a reverse-DNS name toward a host name; it does not prove service ownership.,Plain-English reteaching plus at least three varied retests; preserve partial work at endpoint.,Codex original educational item,author review; independent SME review pending,2026-09-18,2026-09-18
CEH26-M02-Q028,1.0.0,prepared_original,M02,scenario and mechanism interpretation,Interprets reconnaissance sources within the original scenario.,Learner choice and categorical confidence; record assistance and actual time; separate original/retest results.,mcq,UUU M02; CEH v5 domain 2,not assigned,uuu_course_aligned_v1,false,A,"Certificate transparency records publicly logged certificates and can reveal names, but not whether a service is currently live.",Plain-English reteaching plus at least three varied retests; preserve partial work at endpoint.,Codex original educational item,author review; independent SME review pending,2026-09-18,2026-09-18
CEH26-M02-Q029,1.0.0,prepared_original,M02,scenario and mechanism interpretation,Interprets network footprint interpretation within the original scenario.,Learner choice and categorical confidence; record assistance and actual time; separate original/retest results.,mcq,UUU M02; CEH v5 domain 2,not assigned,uuu_course_aligned_v1,false,A,"Traceroute infers path hops from probe responses, often using time-to-live or hop-limit expiry; missing replies do not prove a broken path.",Plain-English reteaching plus at least three varied retests; preserve partial work at endpoint.,Codex original educational item,author review; independent SME review pending,2026-09-18,2026-09-18
CEH26-M02-Q030,1.0.0,prepared_original,M02,scenario and mechanism interpretation,Interprets exposure reduction within the original scenario.,Learner choice and categorical confidence; record assistance and actual time; separate original/retest results.,mcq,UUU M02; CEH v5 domain 2,not assigned,uuu_course_aligned_v1,false,A,Allow DNS zone transfers only to the intended authorized secondary servers.,Plain-English reteaching plus at least three varied retests; preserve partial work at endpoint.,Codex original educational item,author review; independent SME review pending,2026-09-18,2026-09-18
CEH26-M03-Q001,1.0.0,prepared_original,M03,scenario and mechanism interpretation,Interprets port states within the original scenario.,Learner choice and categorical confidence; record assistance and actual time; separate original/retest results.,mcq,UUU M03; CEH v5 domain 2,not assigned,uuu_course_aligned_v1,false,B,An open port has a service accepting the relevant transport connections or datagrams from the scanner's perspective.,Plain-English reteaching plus at least three varied retests; preserve partial work at endpoint.,Codex original educational item,author review; independent SME review pending,2026-09-18,2026-09-18
CEH26-M03-Q002,1.0.0,prepared_original,M03,scenario and mechanism interpretation,Interprets scan methods within the original scenario.,Learner choice and categorical confidence; record assistance and actual time; separate original/retest results.,mcq,UUU M03; CEH v5 domain 2,not assigned,uuu_course_aligned_v1,false,D,A SYN scan sends connection-opening probes and interprets responses without completing the normal handshake for open ports.,Plain-English reteaching plus at least three varied retests; preserve partial work at endpoint.,Codex original educational item,author review; independent SME review pending,2026-09-18,2026-09-18
CEH26-M03-Q003,1.0.0,prepared_original,M03,scenario and mechanism interpretation,Interprets discovery and identification within the original scenario.,Learner choice and categorical confidence; record assistance and actual time; separate original/retest results.,mcq,UUU M03; CEH v5 domain 2,not assigned,uuu_course_aligned_v1,false,D,Host discovery tests whether a host is responsive using approved discovery probes; a negative result may reflect filtering.,Plain-English reteaching plus at least three varied retests; preserve partial work at endpoint.,Codex original educational item,author review; independent SME review pending,2026-09-18,2026-09-18
CEH26-M03-Q004,1.0.0,prepared_original,M03,scenario and mechanism interpretation,Interprets nmap option meaning within the original scenario.,Learner choice and categorical confidence; record assistance and actual time; separate original/retest results.,mcq,UUU M03; CEH v5 domain 2,not assigned,uuu_course_aligned_v1,false,A,The -sV option requests service/version detection for discovered ports.,Plain-English reteaching plus at least three varied retests; preserve partial work at endpoint.,Codex original educational item,author review; independent SME review pending,2026-09-18,2026-09-18
CEH26-M03-Q005,1.0.0,prepared_original,M03,scenario and mechanism interpretation,Interprets interpreting scan limits within the original scenario.,Learner choice and categorical confidence; record assistance and actual time; separate original/retest results.,mcq,UUU M03; CEH v5 domain 2,not assigned,uuu_course_aligned_v1,false,A,"Results describe the path, source location and time of observation; another network path may expose different behavior.",Plain-English reteaching plus at least three varied retests; preserve partial work at endpoint.,Codex original educational item,author review; independent SME review pending,2026-09-18,2026-09-18
CEH26-M03-Q006,1.0.0,prepared_original,M03,scenario and mechanism interpretation,Interprets discovery defenses within the original scenario.,Learner choice and categorical confidence; record assistance and actual time; separate original/retest results.,mcq,UUU M03; CEH v5 domain 2,not assigned,uuu_course_aligned_v1,false,C,Segmentation constrains which network zones can reach services and limits exposure across trust boundaries.,Plain-English reteaching plus at least three varied retests; preserve partial work at endpoint.,Codex original educational item,author review; independent SME review pending,2026-09-18,2026-09-18
CEH26-M03-Q007,1.0.0,prepared_original,M03,scenario and mechanism interpretation,Interprets port states within the original scenario.,Learner choice and categorical confidence; record assistance and actual time; separate original/retest results.,mcq,UUU M03; CEH v5 domain 2,not assigned,uuu_course_aligned_v1,false,D,A closed port is reachable but has no service listening for the tested transport at that time.,Plain-English reteaching plus at least three varied retests; preserve partial work at endpoint.,Codex original educational item,author review; independent SME review pending,2026-09-18,2026-09-18
CEH26-M03-Q008,1.0.0,prepared_original,M03,scenario and mechanism interpretation,Interprets scan methods within the original scenario.,Learner choice and categorical confidence; record assistance and actual time; separate original/retest results.,mcq,UUU M03; CEH v5 domain 2,not assigned,uuu_course_aligned_v1,false,B,A connect scan uses the operating system connection API and completes successful TCP handshakes.,Plain-English reteaching plus at least three varied retests; preserve partial work at endpoint.,Codex original educational item,author review; independent SME review pending,2026-09-18,2026-09-18
CEH26-M03-Q009,1.0.0,prepared_original,M03,scenario and mechanism interpretation,Interprets discovery and identification within the original scenario.,Learner choice and categorical confidence; record assistance and actual time; separate original/retest results.,mcq,UUU M03; CEH v5 domain 2,not assigned,uuu_course_aligned_v1,false,C,Version detection interrogates a service to infer its protocol or implementation; banners and fingerprints require interpretation.,Plain-English reteaching plus at least three varied retests; preserve partial work at endpoint.,Codex original educational item,author review; independent SME review pending,2026-09-18,2026-09-18
CEH26-M03-Q010,1.0.0,prepared_original,M03,scenario and mechanism interpretation,Interprets nmap option meaning within the original scenario.,Learner choice and categorical confidence; record assistance and actual time; separate original/retest results.,mcq,UUU M03; CEH v5 domain 2,not assigned,uuu_course_aligned_v1,false,C,"The -O option requests operating-system detection, subject to privileges and useful probe conditions.",Plain-English reteaching plus at least three varied retests; preserve partial work at endpoint.,Codex original educational item,author review; independent SME review pending,2026-09-18,2026-09-18
CEH26-M03-Q011,1.0.0,prepared_original,M03,scenario and mechanism interpretation,Interprets interpreting scan limits within the original scenario.,Learner choice and categorical confidence; record assistance and actual time; separate original/retest results.,mcq,UUU M03; CEH v5 domain 2,not assigned,uuu_course_aligned_v1,false,C,TCP and UDP maintain separate port spaces; a result for one does not establish the other.,Plain-English reteaching plus at least three varied retests; preserve partial work at endpoint.,Codex original educational item,author review; independent SME review pending,2026-09-18,2026-09-18
CEH26-M03-Q012,1.0.0,prepared_original,M03,scenario and mechanism interpretation,Interprets discovery defenses within the original scenario.,Learner choice and categorical confidence; record assistance and actual time; separate original/retest results.,mcq,UUU M03; CEH v5 domain 2,not assigned,uuu_course_aligned_v1,false,B,Service hardening removes unnecessary listeners and secures the configuration of services that remain.,Plain-English reteaching plus at least three varied retests; preserve partial work at endpoint.,Codex original educational item,author review; independent SME review pending,2026-09-18,2026-09-18
CEH26-M03-Q013,1.0.0,prepared_original,M03,scenario and mechanism interpretation,Interprets port states within the original scenario.,Learner choice and categorical confidence; record assistance and actual time; separate original/retest results.,mcq,UUU M03; CEH v5 domain 2,not assigned,uuu_course_aligned_v1,false,C,Filtering prevents the scanner from determining whether a port is open or closed.,Plain-English reteaching plus at least three varied retests; preserve partial work at endpoint.,Codex original educational item,author review; independent SME review pending,2026-09-18,2026-09-18
CEH26-M03-Q014,1.0.0,prepared_original,M03,scenario and mechanism interpretation,Interprets scan methods within the original scenario.,Learner choice and categorical confidence; record assistance and actual time; separate original/retest results.,mcq,UUU M03; CEH v5 domain 2,not assigned,uuu_course_aligned_v1,false,A,A UDP scan sends UDP probes and interprets replies and ICMP errors; silence can be ambiguous.,Plain-English reteaching plus at least three varied retests; preserve partial work at endpoint.,Codex original educational item,author review; independent SME review pending,2026-09-18,2026-09-18
CEH26-M03-Q015,1.0.0,prepared_original,M03,scenario and mechanism interpretation,Interprets discovery and identification within the original scenario.,Learner choice and categorical confidence; record assistance and actual time; separate original/retest results.,mcq,UUU M03; CEH v5 domain 2,not assigned,uuu_course_aligned_v1,false,A,OS fingerprinting infers an operating system from characteristics such as network-stack responses and remains an inference.,Plain-English reteaching plus at least three varied retests; preserve partial work at endpoint.,Codex original educational item,author review; independent SME review pending,2026-09-18,2026-09-18
CEH26-M03-Q016,1.0.0,prepared_original,M03,scenario and mechanism interpretation,Interprets nmap option meaning within the original scenario.,Learner choice and categorical confidence; record assistance and actual time; separate original/retest results.,mcq,UUU M03; CEH v5 domain 2,not assigned,uuu_course_aligned_v1,false,D,The -Pn option skips host discovery and treats specified targets as up for subsequent scanning; it does not make traffic invisible.,Plain-English reteaching plus at least three varied retests; preserve partial work at endpoint.,Codex original educational item,author review; independent SME review pending,2026-09-18,2026-09-18
CEH26-M03-Q017,1.0.0,prepared_original,M03,scenario and mechanism interpretation,Interprets interpreting scan limits within the original scenario.,Learner choice and categorical confidence; record assistance and actual time; separate original/retest results.,mcq,UUU M03; CEH v5 domain 2,not assigned,uuu_course_aligned_v1,false,D,"A banner or fingerprint may be customized, hidden or affected by a proxy, so product claims need corroboration.",Plain-English reteaching plus at least three varied retests; preserve partial work at endpoint.,Codex original educational item,author review; independent SME review pending,2026-09-18,2026-09-18
CEH26-M03-Q018,1.0.0,prepared_original,M03,scenario and mechanism interpretation,Interprets discovery defenses within the original scenario.,Learner choice and categorical confidence; record assistance and actual time; separate original/retest results.,mcq,UUU M03; CEH v5 domain 2,not assigned,uuu_course_aligned_v1,false,D,Network or host telemetry can identify probing patterns and preserve context for investigation.,Plain-English reteaching plus at least three varied retests; preserve partial work at endpoint.,Codex original educational item,author review; independent SME review pending,2026-09-18,2026-09-18
CEH26-M03-Q019,1.0.0,prepared_original,M03,scenario and mechanism interpretation,Interprets port states within the original scenario.,Learner choice and categorical confidence; record assistance and actual time; separate original/retest results.,mcq,UUU M03; CEH v5 domain 2,not assigned,uuu_course_aligned_v1,false,B,The probe outcome cannot distinguish an open port from one whose traffic is silently filtered.,Plain-English reteaching plus at least three varied retests; preserve partial work at endpoint.,Codex original educational item,author review; independent SME review pending,2026-09-18,2026-09-18
CEH26-M03-Q020,1.0.0,prepared_original,M03,scenario and mechanism interpretation,Interprets scan methods within the original scenario.,Learner choice and categorical confidence; record assistance and actual time; separate original/retest results.,mcq,UUU M03; CEH v5 domain 2,not assigned,uuu_course_aligned_v1,false,B,An ACK scan primarily maps filtering behavior; it does not determine which ports have listening services.,Plain-English reteaching plus at least three varied retests; preserve partial work at endpoint.,Codex original educational item,author review; independent SME review pending,2026-09-18,2026-09-18
CEH26-M03-Q021,1.0.0,prepared_original,M03,scenario and mechanism interpretation,Interprets discovery and identification within the original scenario.,Learner choice and categorical confidence; record assistance and actual time; separate original/retest results.,mcq,UUU M03; CEH v5 domain 2,not assigned,uuu_course_aligned_v1,false,C,Validation checks whether a suspected weakness actually applies under the target's configuration and authorized test conditions.,Plain-English reteaching plus at least three varied retests; preserve partial work at endpoint.,Codex original educational item,author review; independent SME review pending,2026-09-18,2026-09-18
CEH26-M03-Q022,1.0.0,prepared_original,M03,scenario and mechanism interpretation,Interprets nmap option meaning within the original scenario.,Learner choice and categorical confidence; record assistance and actual time; separate original/retest results.,mcq,UUU M03; CEH v5 domain 2,not assigned,uuu_course_aligned_v1,false,A,The -sn option performs host discovery without the normal port scan.,Plain-English reteaching plus at least three varied retests; preserve partial work at endpoint.,Codex original educational item,author review; independent SME review pending,2026-09-18,2026-09-18
CEH26-M03-Q023,1.0.0,prepared_original,M03,scenario and mechanism interpretation,Interprets interpreting scan limits within the original scenario.,Learner choice and categorical confidence; record assistance and actual time; separate original/retest results.,mcq,UUU M03; CEH v5 domain 2,not assigned,uuu_course_aligned_v1,false,B,"Aggressive probing can increase loss, load or false negatives; reliable testing uses suitable rates and conditions.",Plain-English reteaching plus at least three varied retests; preserve partial work at endpoint.,Codex original educational item,author review; independent SME review pending,2026-09-18,2026-09-18
CEH26-M03-Q024,1.0.0,prepared_original,M03,scenario and mechanism interpretation,Interprets discovery defenses within the original scenario.,Learner choice and categorical confidence; record assistance and actual time; separate original/retest results.,mcq,UUU M03; CEH v5 domain 2,not assigned,uuu_course_aligned_v1,false,A,Authenticated inventory uses trusted management information to complement what unauthenticated network probes can see.,Plain-English reteaching plus at least three varied retests; preserve partial work at endpoint.,Codex original educational item,author review; independent SME review pending,2026-09-18,2026-09-18
CEH26-M03-Q025,1.0.0,prepared_original,M03,scenario and mechanism interpretation,Interprets port states within the original scenario.,Learner choice and categorical confidence; record assistance and actual time; separate original/retest results.,mcq,UUU M03; CEH v5 domain 2,not assigned,uuu_course_aligned_v1,false,B,A closed port is reachable but has no service listening for the tested transport at that time.,Plain-English reteaching plus at least three varied retests; preserve partial work at endpoint.,Codex original educational item,author review; independent SME review pending,2026-09-18,2026-09-18
CEH26-M03-Q026,1.0.0,prepared_original,M03,scenario and mechanism interpretation,Interprets scan methods within the original scenario.,Learner choice and categorical confidence; record assistance and actual time; separate original/retest results.,mcq,UUU M03; CEH v5 domain 2,not assigned,uuu_course_aligned_v1,false,B,A connect scan uses the operating system connection API and completes successful TCP handshakes.,Plain-English reteaching plus at least three varied retests; preserve partial work at endpoint.,Codex original educational item,author review; independent SME review pending,2026-09-18,2026-09-18
CEH26-M03-Q027,1.0.0,prepared_original,M03,scenario and mechanism interpretation,Interprets discovery and identification within the original scenario.,Learner choice and categorical confidence; record assistance and actual time; separate original/retest results.,mcq,UUU M03; CEH v5 domain 2,not assigned,uuu_course_aligned_v1,false,D,Version detection interrogates a service to infer its protocol or implementation; banners and fingerprints require interpretation.,Plain-English reteaching plus at least three varied retests; preserve partial work at endpoint.,Codex original educational item,author review; independent SME review pending,2026-09-18,2026-09-18
CEH26-M03-Q028,1.0.0,prepared_original,M03,scenario and mechanism interpretation,Interprets nmap option meaning within the original scenario.,Learner choice and categorical confidence; record assistance and actual time; separate original/retest results.,mcq,UUU M03; CEH v5 domain 2,not assigned,uuu_course_aligned_v1,false,D,The -Pn option skips host discovery and treats specified targets as up for subsequent scanning; it does not make traffic invisible.,Plain-English reteaching plus at least three varied retests; preserve partial work at endpoint.,Codex original educational item,author review; independent SME review pending,2026-09-18,2026-09-18
CEH26-M03-Q029,1.0.0,prepared_original,M03,scenario and mechanism interpretation,Interprets interpreting scan limits within the original scenario.,Learner choice and categorical confidence; record assistance and actual time; separate original/retest results.,mcq,UUU M03; CEH v5 domain 2,not assigned,uuu_course_aligned_v1,false,A,TCP and UDP maintain separate port spaces; a result for one does not establish the other.,Plain-English reteaching plus at least three varied retests; preserve partial work at endpoint.,Codex original educational item,author review; independent SME review pending,2026-09-18,2026-09-18
CEH26-M03-Q030,1.0.0,prepared_original,M03,scenario and mechanism interpretation,Interprets discovery defenses within the original scenario.,Learner choice and categorical confidence; record assistance and actual time; separate original/retest results.,mcq,UUU M03; CEH v5 domain 2,not assigned,uuu_course_aligned_v1,false,C,Service hardening removes unnecessary listeners and secures the configuration of services that remain.,Plain-English reteaching plus at least three varied retests; preserve partial work at endpoint.,Codex original educational item,author review; independent SME review pending,2026-09-18,2026-09-18
CEH26-M04-Q001,1.0.0,prepared_original,M04,scenario and mechanism interpretation,Interprets enumeration protocols within the original scenario.,Learner choice and categorical confidence; record assistance and actual time; separate original/retest results.,mcq,UUU M04; CEH v5 domain 2,not assigned,uuu_course_aligned_v1,false,A,"LDAP queries directory objects and attributes, with access constrained by authentication and directory permissions.",Plain-English reteaching plus at least three varied retests; preserve partial work at endpoint.,Codex original educational item,author review; independent SME review pending,2026-09-18,2026-09-18
CEH26-M04-Q002,1.0.0,prepared_original,M04,scenario and mechanism interpretation,Interprets snmp security within the original scenario.,Learner choice and categorical confidence; record assistance and actual time; separate original/retest results.,mcq,UUU M04; CEH v5 domain 2,not assigned,uuu_course_aligned_v1,false,A,SNMPv1 and v2c use community strings and do not provide the cryptographic protections offered by SNMPv3 USM.,Plain-English reteaching plus at least three varied retests; preserve partial work at endpoint.,Codex original educational item,author review; independent SME review pending,2026-09-18,2026-09-18
CEH26-M04-Q003,1.0.0,prepared_original,M04,scenario and mechanism interpretation,Interprets service-specific enumeration within the original scenario.,Learner choice and categorical confidence; record assistance and actual time; separate original/retest results.,mcq,UUU M04; CEH v5 domain 2,not assigned,uuu_course_aligned_v1,false,D,A zone transfer can disclose an entire zone when the server permits the requesting client to obtain it.,Plain-English reteaching plus at least three varied retests; preserve partial work at endpoint.,Codex original educational item,author review; independent SME review pending,2026-09-18,2026-09-18
CEH26-M04-Q004,1.0.0,prepared_original,M04,scenario and mechanism interpretation,Interprets identity and access findings within the original scenario.,Learner choice and categorical confidence; record assistance and actual time; separate original/retest results.,mcq,UUU M04; CEH v5 domain 2,not assigned,uuu_course_aligned_v1,false,A,Anonymous exposure occurs when useful information can be read without supplying an authenticated identity.,Plain-English reteaching plus at least three varied retests; preserve partial work at endpoint.,Codex original educational item,author review; independent SME review pending,2026-09-18,2026-09-18
CEH26-M04-Q005,1.0.0,prepared_original,M04,scenario and mechanism interpretation,Interprets enumeration result quality within the original scenario.,Learner choice and categorical confidence; record assistance and actual time; separate original/retest results.,mcq,UUU M04; CEH v5 domain 2,not assigned,uuu_course_aligned_v1,false,B,Confirm service identity with protocol behavior or trusted host information instead of relying only on a conventional port number.,Plain-English reteaching plus at least three varied retests; preserve partial work at endpoint.,Codex original educational item,author review; independent SME review pending,2026-09-18,2026-09-18
CEH26-M04-Q006,1.0.0,prepared_original,M04,scenario and mechanism interpretation,Interprets enumeration countermeasures within the original scenario.,Learner choice and categorical confidence; record assistance and actual time; separate original/retest results.,mcq,UUU M04; CEH v5 domain 2,not assigned,uuu_course_aligned_v1,false,C,Reduce unauthenticated information disclosure while preserving required service behavior.,Plain-English reteaching plus at least three varied retests; preserve partial work at endpoint.,Codex original educational item,author review; independent SME review pending,2026-09-18,2026-09-18
CEH26-M04-Q007,1.0.0,prepared_original,M04,scenario and mechanism interpretation,Interprets enumeration protocols within the original scenario.,Learner choice and categorical confidence; record assistance and actual time; separate original/retest results.,mcq,UUU M04; CEH v5 domain 2,not assigned,uuu_course_aligned_v1,false,B,SNMP exposes management data through defined objects; security depends on version and access configuration.,Plain-English reteaching plus at least three varied retests; preserve partial work at endpoint.,Codex original educational item,author review; independent SME review pending,2026-09-18,2026-09-18
CEH26-M04-Q008,1.0.0,prepared_original,M04,scenario and mechanism interpretation,Interprets snmp security within the original scenario.,Learner choice and categorical confidence; record assistance and actual time; separate original/retest results.,mcq,UUU M04; CEH v5 domain 2,not assigned,uuu_course_aligned_v1,false,C,The authPriv security level adds message authentication and privacy when correctly configured.,Plain-English reteaching plus at least three varied retests; preserve partial work at endpoint.,Codex original educational item,author review; independent SME review pending,2026-09-18,2026-09-18
CEH26-M04-Q009,1.0.0,prepared_original,M04,scenario and mechanism interpretation,Interprets service-specific enumeration within the original scenario.,Learner choice and categorical confidence; record assistance and actual time; separate original/retest results.,mcq,UUU M04; CEH v5 domain 2,not assigned,uuu_course_aligned_v1,false,D,NFS export information identifies shared filesystem paths and allowed clients; advertised access still needs scoped verification.,Plain-English reteaching plus at least three varied retests; preserve partial work at endpoint.,Codex original educational item,author review; independent SME review pending,2026-09-18,2026-09-18
CEH26-M04-Q010,1.0.0,prepared_original,M04,scenario and mechanism interpretation,Interprets identity and access findings within the original scenario.,Learner choice and categorical confidence; record assistance and actual time; separate original/retest results.,mcq,UUU M04; CEH v5 domain 2,not assigned,uuu_course_aligned_v1,false,C,Excessive read access grants an authenticated account more information than its role requires.,Plain-English reteaching plus at least three varied retests; preserve partial work at endpoint.,Codex original educational item,author review; independent SME review pending,2026-09-18,2026-09-18
CEH26-M04-Q011,1.0.0,prepared_original,M04,scenario and mechanism interpretation,Interprets enumeration result quality within the original scenario.,Learner choice and categorical confidence; record assistance and actual time; separate original/retest results.,mcq,UUU M04; CEH v5 domain 2,not assigned,uuu_course_aligned_v1,false,C,Check the actual allowed operation under the specific identity; listed configuration alone may not show the effective result.,Plain-English reteaching plus at least three varied retests; preserve partial work at endpoint.,Codex original educational item,author review; independent SME review pending,2026-09-18,2026-09-18
CEH26-M04-Q012,1.0.0,prepared_original,M04,scenario and mechanism interpretation,Interprets enumeration countermeasures within the original scenario.,Learner choice and categorical confidence; record assistance and actual time; separate original/retest results.,mcq,UUU M04; CEH v5 domain 2,not assigned,uuu_course_aligned_v1,false,B,"Grant directory, share and management access only to the identities and data needed for each role.",Plain-English reteaching plus at least three varied retests; preserve partial work at endpoint.,Codex original educational item,author review; independent SME review pending,2026-09-18,2026-09-18
CEH26-M04-Q013,1.0.0,prepared_original,M04,scenario and mechanism interpretation,Interprets enumeration protocols within the original scenario.,Learner choice and categorical confidence; record assistance and actual time; separate original/retest results.,mcq,UUU M04; CEH v5 domain 2,not assigned,uuu_course_aligned_v1,false,B,"SMB provides file-sharing and related services, with access governed by authentication, share and file permissions.",Plain-English reteaching plus at least three varied retests; preserve partial work at endpoint.,Codex original educational item,author review; independent SME review pending,2026-09-18,2026-09-18
CEH26-M04-Q014,1.0.0,prepared_original,M04,scenario and mechanism interpretation,Interprets snmp security within the original scenario.,Learner choice and categorical confidence; record assistance and actual time; separate original/retest results.,mcq,UUU M04; CEH v5 domain 2,not assigned,uuu_course_aligned_v1,false,C,Read-only permissions limit queries to reading permitted management objects rather than modifying them.,Plain-English reteaching plus at least three varied retests; preserve partial work at endpoint.,Codex original educational item,author review; independent SME review pending,2026-09-18,2026-09-18
CEH26-M04-Q015,1.0.0,prepared_original,M04,scenario and mechanism interpretation,Interprets service-specific enumeration within the original scenario.,Learner choice and categorical confidence; record assistance and actual time; separate original/retest results.,mcq,UUU M04; CEH v5 domain 2,not assigned,uuu_course_aligned_v1,false,A,RPC service discovery reveals registered remote procedure services or their mapped endpoints.,Plain-English reteaching plus at least three varied retests; preserve partial work at endpoint.,Codex original educational item,author review; independent SME review pending,2026-09-18,2026-09-18
CEH26-M04-Q016,1.0.0,prepared_original,M04,scenario and mechanism interpretation,Interprets identity and access findings within the original scenario.,Learner choice and categorical confidence; record assistance and actual time; separate original/retest results.,mcq,UUU M04; CEH v5 domain 2,not assigned,uuu_course_aligned_v1,false,A,Excessive write access lets an account alter resources outside its legitimate responsibilities.,Plain-English reteaching plus at least three varied retests; preserve partial work at endpoint.,Codex original educational item,author review; independent SME review pending,2026-09-18,2026-09-18
CEH26-M04-Q017,1.0.0,prepared_original,M04,scenario and mechanism interpretation,Interprets enumeration result quality within the original scenario.,Learner choice and categorical confidence; record assistance and actual time; separate original/retest results.,mcq,UUU M04; CEH v5 domain 2,not assigned,uuu_course_aligned_v1,false,D,Continue only within authorized targets and methods; newly discovered endpoints do not automatically expand scope.,Plain-English reteaching plus at least three varied retests; preserve partial work at endpoint.,Codex original educational item,author review; independent SME review pending,2026-09-18,2026-09-18
CEH26-M04-Q018,1.0.0,prepared_original,M04,scenario and mechanism interpretation,Interprets enumeration countermeasures within the original scenario.,Learner choice and categorical confidence; record assistance and actual time; separate original/retest results.,mcq,UUU M04; CEH v5 domain 2,not assigned,uuu_course_aligned_v1,false,D,Retire unused legacy discovery or sharing services to reduce avoidable exposure.,Plain-English reteaching plus at least three varied retests; preserve partial work at endpoint.,Codex original educational item,author review; independent SME review pending,2026-09-18,2026-09-18
CEH26-M04-Q019,1.0.0,prepared_original,M04,scenario and mechanism interpretation,Interprets enumeration protocols within the original scenario.,Learner choice and categorical confidence; record assistance and actual time; separate original/retest results.,mcq,UUU M04; CEH v5 domain 2,not assigned,uuu_course_aligned_v1,false,B,SMTP transfers email; some server commands or responses can reveal recipient information when enabled.,Plain-English reteaching plus at least three varied retests; preserve partial work at endpoint.,Codex original educational item,author review; independent SME review pending,2026-09-18,2026-09-18
CEH26-M04-Q020,1.0.0,prepared_original,M04,scenario and mechanism interpretation,Interprets snmp security within the original scenario.,Learner choice and categorical confidence; record assistance and actual time; separate original/retest results.,mcq,UUU M04; CEH v5 domain 2,not assigned,uuu_course_aligned_v1,false,A,Restricting management traffic to approved sources reduces who can reach the service.,Plain-English reteaching plus at least three varied retests; preserve partial work at endpoint.,Codex original educational item,author review; independent SME review pending,2026-09-18,2026-09-18
CEH26-M04-Q021,1.0.0,prepared_original,M04,scenario and mechanism interpretation,Interprets service-specific enumeration within the original scenario.,Learner choice and categorical confidence; record assistance and actual time; separate original/retest results.,mcq,UUU M04; CEH v5 domain 2,not assigned,uuu_course_aligned_v1,false,A,NetBIOS name data can expose host or service naming information but does not prove the underlying system is compromised.,Plain-English reteaching plus at least three varied retests; preserve partial work at endpoint.,Codex original educational item,author review; independent SME review pending,2026-09-18,2026-09-18
CEH26-M04-Q022,1.0.0,prepared_original,M04,scenario and mechanism interpretation,Interprets identity and access findings within the original scenario.,Learner choice and categorical confidence; record assistance and actual time; separate original/retest results.,mcq,UUU M04; CEH v5 domain 2,not assigned,uuu_course_aligned_v1,false,C,"A discovered name is a lead; it does not establish that the account is active, accessible or authorized for testing.",Plain-English reteaching plus at least three varied retests; preserve partial work at endpoint.,Codex original educational item,author review; independent SME review pending,2026-09-18,2026-09-18
CEH26-M04-Q023,1.0.0,prepared_original,M04,scenario and mechanism interpretation,Interprets enumeration result quality within the original scenario.,Learner choice and categorical confidence; record assistance and actual time; separate original/retest results.,mcq,UUU M04; CEH v5 domain 2,not assigned,uuu_course_aligned_v1,false,A,"Protect enumeration output because account names, paths and configuration details may aid later misuse.",Plain-English reteaching plus at least three varied retests; preserve partial work at endpoint.,Codex original educational item,author review; independent SME review pending,2026-09-18,2026-09-18
CEH26-M04-Q024,1.0.0,prepared_original,M04,scenario and mechanism interpretation,Interprets enumeration countermeasures within the original scenario.,Learner choice and categorical confidence; record assistance and actual time; separate original/retest results.,mcq,UUU M04; CEH v5 domain 2,not assigned,uuu_course_aligned_v1,false,B,Log and review unusual enumeration volume or sensitive-object queries within appropriate operational limits.,Plain-English reteaching plus at least three varied retests; preserve partial work at endpoint.,Codex original educational item,author review; independent SME review pending,2026-09-18,2026-09-18
CEH26-M04-Q025,1.0.0,prepared_original,M04,scenario and mechanism interpretation,Interprets enumeration protocols within the original scenario.,Learner choice and categorical confidence; record assistance and actual time; separate original/retest results.,mcq,UUU M04; CEH v5 domain 2,not assigned,uuu_course_aligned_v1,false,D,"LDAP queries directory objects and attributes, with access constrained by authentication and directory permissions.",Plain-English reteaching plus at least three varied retests; preserve partial work at endpoint.,Codex original educational item,author review; independent SME review pending,2026-09-18,2026-09-18
CEH26-M04-Q026,1.0.0,prepared_original,M04,scenario and mechanism interpretation,Interprets snmp security within the original scenario.,Learner choice and categorical confidence; record assistance and actual time; separate original/retest results.,mcq,UUU M04; CEH v5 domain 2,not assigned,uuu_course_aligned_v1,false,C,The authPriv security level adds message authentication and privacy when correctly configured.,Plain-English reteaching plus at least three varied retests; preserve partial work at endpoint.,Codex original educational item,author review; independent SME review pending,2026-09-18,2026-09-18
CEH26-M04-Q027,1.0.0,prepared_original,M04,scenario and mechanism interpretation,Interprets service-specific enumeration within the original scenario.,Learner choice and categorical confidence; record assistance and actual time; separate original/retest results.,mcq,UUU M04; CEH v5 domain 2,not assigned,uuu_course_aligned_v1,false,D,NFS export information identifies shared filesystem paths and allowed clients; advertised access still needs scoped verification.,Plain-English reteaching plus at least three varied retests; preserve partial work at endpoint.,Codex original educational item,author review; independent SME review pending,2026-09-18,2026-09-18
CEH26-M04-Q028,1.0.0,prepared_original,M04,scenario and mechanism interpretation,Interprets identity and access findings within the original scenario.,Learner choice and categorical confidence; record assistance and actual time; separate original/retest results.,mcq,UUU M04; CEH v5 domain 2,not assigned,uuu_course_aligned_v1,false,B,Excessive read access grants an authenticated account more information than its role requires.,Plain-English reteaching plus at least three varied retests; preserve partial work at endpoint.,Codex original educational item,author review; independent SME review pending,2026-09-18,2026-09-18
CEH26-M04-Q029,1.0.0,prepared_original,M04,scenario and mechanism interpretation,Interprets enumeration result quality within the original scenario.,Learner choice and categorical confidence; record assistance and actual time; separate original/retest results.,mcq,UUU M04; CEH v5 domain 2,not assigned,uuu_course_aligned_v1,false,B,Check the actual allowed operation under the specific identity; listed configuration alone may not show the effective result.,Plain-English reteaching plus at least three varied retests; preserve partial work at endpoint.,Codex original educational item,author review; independent SME review pending,2026-09-18,2026-09-18
CEH26-M04-Q030,1.0.0,prepared_original,M04,scenario and mechanism interpretation,Interprets enumeration countermeasures within the original scenario.,Learner choice and categorical confidence; record assistance and actual time; separate original/retest results.,mcq,UUU M04; CEH v5 domain 2,not assigned,uuu_course_aligned_v1,false,D,"Grant directory, share and management access only to the identities and data needed for each role.",Plain-English reteaching plus at least three varied retests; preserve partial work at endpoint.,Codex original educational item,author review; independent SME review pending,2026-09-18,2026-09-18
CEH26-M05-Q001,1.0.0,prepared_original,M05,scenario and mechanism interpretation,Interprets weakness and risk within the original scenario.,Learner choice and categorical confidence; record assistance and actual time; separate original/retest results.,mcq,UUU M05; CEH v5 domain 3,not assigned,uuu_course_aligned_v1,false,A,A vulnerability is a weakness that could be exploited under relevant conditions.,Plain-English reteaching plus at least three varied retests; preserve partial work at endpoint.,Codex original educational item,author review; independent SME review pending,2026-09-18,2026-09-18
CEH26-M05-Q002,1.0.0,prepared_original,M05,scenario and mechanism interpretation,Interprets classification systems within the original scenario.,Learner choice and categorical confidence; record assistance and actual time; separate original/retest results.,mcq,UUU M05; CEH v5 domain 3,not assigned,uuu_course_aligned_v1,false,B,A CVE identifier names a publicly disclosed vulnerability record; the identifier itself is not a severity score.,Plain-English reteaching plus at least three varied retests; preserve partial work at endpoint.,Codex original educational item,author review; independent SME review pending,2026-09-18,2026-09-18
CEH26-M05-Q003,1.0.0,prepared_original,M05,scenario and mechanism interpretation,Interprets finding accuracy within the original scenario.,Learner choice and categorical confidence; record assistance and actual time; separate original/retest results.,mcq,UUU M05; CEH v5 domain 3,not assigned,uuu_course_aligned_v1,false,C,A true positive correctly identifies a condition that is actually present.,Plain-English reteaching plus at least three varied retests; preserve partial work at endpoint.,Codex original educational item,author review; independent SME review pending,2026-09-18,2026-09-18
CEH26-M05-Q004,1.0.0,prepared_original,M05,scenario and mechanism interpretation,Interprets assessment access within the original scenario.,Learner choice and categorical confidence; record assistance and actual time; separate original/retest results.,mcq,UUU M05; CEH v5 domain 3,not assigned,uuu_course_aligned_v1,false,B,A credentialed assessment uses authorized access to inspect information unavailable to an unauthenticated probe.,Plain-English reteaching plus at least three varied retests; preserve partial work at endpoint.,Codex original educational item,author review; independent SME review pending,2026-09-18,2026-09-18
CEH26-M05-Q005,1.0.0,prepared_original,M05,scenario and mechanism interpretation,Interprets remediation priority within the original scenario.,Learner choice and categorical confidence; record assistance and actual time; separate original/retest results.,mcq,UUU M05; CEH v5 domain 3,not assigned,uuu_course_aligned_v1,false,D,"Reachability, required conditions and credible exploitation evidence affect practical urgency.",Plain-English reteaching plus at least three varied retests; preserve partial work at endpoint.,Codex original educational item,author review; independent SME review pending,2026-09-18,2026-09-18
CEH26-M05-Q006,1.0.0,prepared_original,M05,scenario and mechanism interpretation,Interprets remediation lifecycle within the original scenario.,Learner choice and categorical confidence; record assistance and actual time; separate original/retest results.,mcq,UUU M05; CEH v5 domain 3,not assigned,uuu_course_aligned_v1,false,C,"Confirm that the intended change removes the relevant vulnerable condition, rather than only recording that a patch command ran.",Plain-English reteaching plus at least three varied retests; preserve partial work at endpoint.,Codex original educational item,author review; independent SME review pending,2026-09-18,2026-09-18
CEH26-M05-Q007,1.0.0,prepared_original,M05,scenario and mechanism interpretation,Interprets weakness and risk within the original scenario.,Learner choice and categorical confidence; record assistance and actual time; separate original/retest results.,mcq,UUU M05; CEH v5 domain 3,not assigned,uuu_course_aligned_v1,false,A,"A threat is a potential cause of an adverse event, such as an actor or harmful circumstance.",Plain-English reteaching plus at least three varied retests; preserve partial work at endpoint.,Codex original educational item,author review; independent SME review pending,2026-09-18,2026-09-18
CEH26-M05-Q008,1.0.0,prepared_original,M05,scenario and mechanism interpretation,Interprets classification systems within the original scenario.,Learner choice and categorical confidence; record assistance and actual time; separate original/retest results.,mcq,UUU M05; CEH v5 domain 3,not assigned,uuu_course_aligned_v1,false,D,"CWE classifies weakness types, such as improper input handling or missing authorization.",Plain-English reteaching plus at least three varied retests; preserve partial work at endpoint.,Codex original educational item,author review; independent SME review pending,2026-09-18,2026-09-18
CEH26-M05-Q009,1.0.0,prepared_original,M05,scenario and mechanism interpretation,Interprets finding accuracy within the original scenario.,Learner choice and categorical confidence; record assistance and actual time; separate original/retest results.,mcq,UUU M05; CEH v5 domain 3,not assigned,uuu_course_aligned_v1,false,D,A false positive reports a problem that is not actually present under the assessed conditions.,Plain-English reteaching plus at least three varied retests; preserve partial work at endpoint.,Codex original educational item,author review; independent SME review pending,2026-09-18,2026-09-18
CEH26-M05-Q010,1.0.0,prepared_original,M05,scenario and mechanism interpretation,Interprets assessment access within the original scenario.,Learner choice and categorical confidence; record assistance and actual time; separate original/retest results.,mcq,UUU M05; CEH v5 domain 3,not assigned,uuu_course_aligned_v1,false,C,An unauthenticated assessment observes exposure without logging in; its visibility is limited to that perspective.,Plain-English reteaching plus at least three varied retests; preserve partial work at endpoint.,Codex original educational item,author review; independent SME review pending,2026-09-18,2026-09-18
CEH26-M05-Q011,1.0.0,prepared_original,M05,scenario and mechanism interpretation,Interprets remediation priority within the original scenario.,Learner choice and categorical confidence; record assistance and actual time; separate original/retest results.,mcq,UUU M05; CEH v5 domain 3,not assigned,uuu_course_aligned_v1,false,D,The affected asset's function and the potential harm determine organizational consequences.,Plain-English reteaching plus at least three varied retests; preserve partial work at endpoint.,Codex original educational item,author review; independent SME review pending,2026-09-18,2026-09-18
CEH26-M05-Q012,1.0.0,prepared_original,M05,scenario and mechanism interpretation,Interprets remediation lifecycle within the original scenario.,Learner choice and categorical confidence; record assistance and actual time; separate original/retest results.,mcq,UUU M05; CEH v5 domain 3,not assigned,uuu_course_aligned_v1,false,A,Repeat the permitted check that originally demonstrated the problem and compare the result.,Plain-English reteaching plus at least three varied retests; preserve partial work at endpoint.,Codex original educational item,author review; independent SME review pending,2026-09-18,2026-09-18
CEH26-M05-Q013,1.0.0,prepared_original,M05,scenario and mechanism interpretation,Interprets weakness and risk within the original scenario.,Learner choice and categorical confidence; record assistance and actual time; separate original/retest results.,mcq,UUU M05; CEH v5 domain 3,not assigned,uuu_course_aligned_v1,false,C,An exploit is a method or mechanism that takes advantage of a vulnerability.,Plain-English reteaching plus at least three varied retests; preserve partial work at endpoint.,Codex original educational item,author review; independent SME review pending,2026-09-18,2026-09-18
CEH26-M05-Q014,1.0.0,prepared_original,M05,scenario and mechanism interpretation,Interprets classification systems within the original scenario.,Learner choice and categorical confidence; record assistance and actual time; separate original/retest results.,mcq,UUU M05; CEH v5 domain 3,not assigned,uuu_course_aligned_v1,false,D,CVSS expresses technical vulnerability severity using metrics and a versioned scoring method.,Plain-English reteaching plus at least three varied retests; preserve partial work at endpoint.,Codex original educational item,author review; independent SME review pending,2026-09-18,2026-09-18
CEH26-M05-Q015,1.0.0,prepared_original,M05,scenario and mechanism interpretation,Interprets finding accuracy within the original scenario.,Learner choice and categorical confidence; record assistance and actual time; separate original/retest results.,mcq,UUU M05; CEH v5 domain 3,not assigned,uuu_course_aligned_v1,false,B,A false negative fails to report a problem that actually exists.,Plain-English reteaching plus at least three varied retests; preserve partial work at endpoint.,Codex original educational item,author review; independent SME review pending,2026-09-18,2026-09-18
CEH26-M05-Q016,1.0.0,prepared_original,M05,scenario and mechanism interpretation,Interprets assessment access within the original scenario.,Learner choice and categorical confidence; record assistance and actual time; separate original/retest results.,mcq,UUU M05; CEH v5 domain 3,not assigned,uuu_course_aligned_v1,false,A,A configuration review compares settings and effective controls with defined requirements.,Plain-English reteaching plus at least three varied retests; preserve partial work at endpoint.,Codex original educational item,author review; independent SME review pending,2026-09-18,2026-09-18
CEH26-M05-Q017,1.0.0,prepared_original,M05,scenario and mechanism interpretation,Interprets remediation priority within the original scenario.,Learner choice and categorical confidence; record assistance and actual time; separate original/retest results.,mcq,UUU M05; CEH v5 domain 3,not assigned,uuu_course_aligned_v1,false,C,An alternate control can reduce exposure or impact while the underlying weakness is being repaired.,Plain-English reteaching plus at least three varied retests; preserve partial work at endpoint.,Codex original educational item,author review; independent SME review pending,2026-09-18,2026-09-18
CEH26-M05-Q018,1.0.0,prepared_original,M05,scenario and mechanism interpretation,Interprets remediation lifecycle within the original scenario.,Learner choice and categorical confidence; record assistance and actual time; separate original/retest results.,mcq,UUU M05; CEH v5 domain 3,not assigned,uuu_course_aligned_v1,false,B,Verify that the change preserves required behavior and has not introduced a new failure.,Plain-English reteaching plus at least three varied retests; preserve partial work at endpoint.,Codex original educational item,author review; independent SME review pending,2026-09-18,2026-09-18
CEH26-M05-Q019,1.0.0,prepared_original,M05,scenario and mechanism interpretation,Interprets weakness and risk within the original scenario.,Learner choice and categorical confidence; record assistance and actual time; separate original/retest results.,mcq,UUU M05; CEH v5 domain 3,not assigned,uuu_course_aligned_v1,false,B,Risk concerns the likelihood and consequences of an adverse event in a particular context.,Plain-English reteaching plus at least three varied retests; preserve partial work at endpoint.,Codex original educational item,author review; independent SME review pending,2026-09-18,2026-09-18
CEH26-M05-Q020,1.0.0,prepared_original,M05,scenario and mechanism interpretation,Interprets classification systems within the original scenario.,Learner choice and categorical confidence; record assistance and actual time; separate original/retest results.,mcq,UUU M05; CEH v5 domain 3,not assigned,uuu_course_aligned_v1,false,C,The Known Exploited Vulnerabilities catalog identifies listed vulnerabilities with evidence of exploitation in the wild.,Plain-English reteaching plus at least three varied retests; preserve partial work at endpoint.,Codex original educational item,author review; independent SME review pending,2026-09-18,2026-09-18
CEH26-M05-Q021,1.0.0,prepared_original,M05,scenario and mechanism interpretation,Interprets finding accuracy within the original scenario.,Learner choice and categorical confidence; record assistance and actual time; separate original/retest results.,mcq,UUU M05; CEH v5 domain 3,not assigned,uuu_course_aligned_v1,false,C,A true negative correctly leaves an absent condition unreported.,Plain-English reteaching plus at least three varied retests; preserve partial work at endpoint.,Codex original educational item,author review; independent SME review pending,2026-09-18,2026-09-18
CEH26-M05-Q022,1.0.0,prepared_original,M05,scenario and mechanism interpretation,Interprets assessment access within the original scenario.,Learner choice and categorical confidence; record assistance and actual time; separate original/retest results.,mcq,UUU M05; CEH v5 domain 3,not assigned,uuu_course_aligned_v1,false,A,Manual validation investigates a finding's applicability or behavior beyond an automated label.,Plain-English reteaching plus at least three varied retests; preserve partial work at endpoint.,Codex original educational item,author review; independent SME review pending,2026-09-18,2026-09-18
CEH26-M05-Q023,1.0.0,prepared_original,M05,scenario and mechanism interpretation,Interprets remediation priority within the original scenario.,Learner choice and categorical confidence; record assistance and actual time; separate original/retest results.,mcq,UUU M05; CEH v5 domain 3,not assigned,uuu_course_aligned_v1,false,B,Residual risk is the risk that remains after controls or remediation have been applied.,Plain-English reteaching plus at least three varied retests; preserve partial work at endpoint.,Codex original educational item,author review; independent SME review pending,2026-09-18,2026-09-18
CEH26-M05-Q024,1.0.0,prepared_original,M05,scenario and mechanism interpretation,Interprets remediation lifecycle within the original scenario.,Learner choice and categorical confidence; record assistance and actual time; separate original/retest results.,mcq,UUU M05; CEH v5 domain 3,not assigned,uuu_course_aligned_v1,false,C,"When an authorized owner accepts remaining risk, record the scope, reason, owner and review conditions.",Plain-English reteaching plus at least three varied retests; preserve partial work at endpoint.,Codex original educational item,author review; independent SME review pending,2026-09-18,2026-09-18
CEH26-M05-Q025,1.0.0,prepared_original,M05,scenario and mechanism interpretation,Interprets weakness and risk within the original scenario.,Learner choice and categorical confidence; record assistance and actual time; separate original/retest results.,mcq,UUU M05; CEH v5 domain 3,not assigned,uuu_course_aligned_v1,false,B,A vulnerability is a weakness that could be exploited under relevant conditions.,Plain-English reteaching plus at least three varied retests; preserve partial work at endpoint.,Codex original educational item,author review; independent SME review pending,2026-09-18,2026-09-18
CEH26-M05-Q026,1.0.0,prepared_original,M05,scenario and mechanism interpretation,Interprets classification systems within the original scenario.,Learner choice and categorical confidence; record assistance and actual time; separate original/retest results.,mcq,UUU M05; CEH v5 domain 3,not assigned,uuu_course_aligned_v1,false,D,A CVE identifier names a publicly disclosed vulnerability record; the identifier itself is not a severity score.,Plain-English reteaching plus at least three varied retests; preserve partial work at endpoint.,Codex original educational item,author review; independent SME review pending,2026-09-18,2026-09-18
CEH26-M05-Q027,1.0.0,prepared_original,M05,scenario and mechanism interpretation,Interprets finding accuracy within the original scenario.,Learner choice and categorical confidence; record assistance and actual time; separate original/retest results.,mcq,UUU M05; CEH v5 domain 3,not assigned,uuu_course_aligned_v1,false,B,A false positive reports a problem that is not actually present under the assessed conditions.,Plain-English reteaching plus at least three varied retests; preserve partial work at endpoint.,Codex original educational item,author review; independent SME review pending,2026-09-18,2026-09-18
CEH26-M05-Q028,1.0.0,prepared_original,M05,scenario and mechanism interpretation,Interprets assessment access within the original scenario.,Learner choice and categorical confidence; record assistance and actual time; separate original/retest results.,mcq,UUU M05; CEH v5 domain 3,not assigned,uuu_course_aligned_v1,false,A,A credentialed assessment uses authorized access to inspect information unavailable to an unauthenticated probe.,Plain-English reteaching plus at least three varied retests; preserve partial work at endpoint.,Codex original educational item,author review; independent SME review pending,2026-09-18,2026-09-18
CEH26-M05-Q029,1.0.0,prepared_original,M05,scenario and mechanism interpretation,Interprets remediation priority within the original scenario.,Learner choice and categorical confidence; record assistance and actual time; separate original/retest results.,mcq,UUU M05; CEH v5 domain 3,not assigned,uuu_course_aligned_v1,false,D,The affected asset's function and the potential harm determine organizational consequences.,Plain-English reteaching plus at least three varied retests; preserve partial work at endpoint.,Codex original educational item,author review; independent SME review pending,2026-09-18,2026-09-18
CEH26-M05-Q030,1.0.0,prepared_original,M05,scenario and mechanism interpretation,Interprets remediation lifecycle within the original scenario.,Learner choice and categorical confidence; record assistance and actual time; separate original/retest results.,mcq,UUU M05; CEH v5 domain 3,not assigned,uuu_course_aligned_v1,false,A,"Confirm that the intended change removes the relevant vulnerable condition, rather than only recording that a patch command ran.",Plain-English reteaching plus at least three varied retests; preserve partial work at endpoint.,Codex original educational item,author review; independent SME review pending,2026-09-18,2026-09-18
CEH26-M06-Q001,1.0.0,prepared_original,M06,scenario and mechanism interpretation,Interprets credential attacks within the original scenario.,Learner choice and categorical confidence; record assistance and actual time; separate original/retest results.,mcq,UUU M06; CEH v5 domain 3,not assigned,uuu_course_aligned_v1,false,C,"Password spraying tries a small number of likely passwords across many accounts, often to avoid per-account lockout.",Plain-English reteaching plus at least three varied retests; preserve partial work at endpoint.,Codex original educational item,author review; independent SME review pending,2026-09-18,2026-09-18
CEH26-M06-Q002,1.0.0,prepared_original,M06,scenario and mechanism interpretation,Interprets privilege and movement within the original scenario.,Learner choice and categorical confidence; record assistance and actual time; separate original/retest results.,mcq,UUU M06; CEH v5 domain 3,not assigned,uuu_course_aligned_v1,false,B,Vertical escalation gains permissions above the current privilege level on a system or application.,Plain-English reteaching plus at least three varied retests; preserve partial work at endpoint.,Codex original educational item,author review; independent SME review pending,2026-09-18,2026-09-18
CEH26-M06-Q003,1.0.0,prepared_original,M06,scenario and mechanism interpretation,Interprets windows credential concepts within the original scenario.,Learner choice and categorical confidence; record assistance and actual time; separate original/retest results.,mcq,UUU M06; CEH v5 domain 3,not assigned,uuu_course_aligned_v1,false,A,Pass-the-hash uses an appropriate password hash as authentication material where the protocol and conditions permit it.,Plain-English reteaching plus at least three varied retests; preserve partial work at endpoint.,Codex original educational item,author review; independent SME review pending,2026-09-18,2026-09-18
CEH26-M06-Q004,1.0.0,prepared_original,M06,scenario and mechanism interpretation,Interprets password storage within the original scenario.,Learner choice and categorical confidence; record assistance and actual time; separate original/retest results.,mcq,UUU M06; CEH v5 domain 3,not assigned,uuu_course_aligned_v1,false,B,A unique salt makes equal passwords produce different stored verifiers and reduces reuse of precomputed tables.,Plain-English reteaching plus at least three varied retests; preserve partial work at endpoint.,Codex original educational item,author review; independent SME review pending,2026-09-18,2026-09-18
CEH26-M06-Q005,1.0.0,prepared_original,M06,scenario and mechanism interpretation,Interprets execution and hiding within the original scenario.,Learner choice and categorical confidence; record assistance and actual time; separate original/retest results.,mcq,UUU M06; CEH v5 domain 3,not assigned,uuu_course_aligned_v1,false,A,"Process injection runs code within another process, potentially changing the apparent execution context.",Plain-English reteaching plus at least three varied retests; preserve partial work at endpoint.,Codex original educational item,author review; independent SME review pending,2026-09-18,2026-09-18
CEH26-M06-Q006,1.0.0,prepared_original,M06,scenario and mechanism interpretation,Interprets host defense within the original scenario.,Learner choice and categorical confidence; record assistance and actual time; separate original/retest results.,mcq,UUU M06; CEH v5 domain 3,not assigned,uuu_course_aligned_v1,false,D,Patching removes a known software weakness when the relevant fix is installed and effective.,Plain-English reteaching plus at least three varied retests; preserve partial work at endpoint.,Codex original educational item,author review; independent SME review pending,2026-09-18,2026-09-18
CEH26-M06-Q007,1.0.0,prepared_original,M06,scenario and mechanism interpretation,Interprets credential attacks within the original scenario.,Learner choice and categorical confidence; record assistance and actual time; separate original/retest results.,mcq,UUU M06; CEH v5 domain 3,not assigned,uuu_course_aligned_v1,false,D,Credential stuffing reuses previously obtained username/password pairs against other services.,Plain-English reteaching plus at least three varied retests; preserve partial work at endpoint.,Codex original educational item,author review; independent SME review pending,2026-09-18,2026-09-18
CEH26-M06-Q008,1.0.0,prepared_original,M06,scenario and mechanism interpretation,Interprets privilege and movement within the original scenario.,Learner choice and categorical confidence; record assistance and actual time; separate original/retest results.,mcq,UUU M06; CEH v5 domain 3,not assigned,uuu_course_aligned_v1,false,B,"Horizontal access violates boundaries between subjects at a similar privilege level, such as two customer accounts.",Plain-English reteaching plus at least three varied retests; preserve partial work at endpoint.,Codex original educational item,author review; independent SME review pending,2026-09-18,2026-09-18
CEH26-M06-Q009,1.0.0,prepared_original,M06,scenario and mechanism interpretation,Interprets windows credential concepts within the original scenario.,Learner choice and categorical confidence; record assistance and actual time; separate original/retest results.,mcq,UUU M06; CEH v5 domain 3,not assigned,uuu_course_aligned_v1,false,A,Pass-the-ticket reuses Kerberos ticket material rather than recovering the user's plaintext password.,Plain-English reteaching plus at least three varied retests; preserve partial work at endpoint.,Codex original educational item,author review; independent SME review pending,2026-09-18,2026-09-18
CEH26-M06-Q010,1.0.0,prepared_original,M06,scenario and mechanism interpretation,Interprets password storage within the original scenario.,Learner choice and categorical confidence; record assistance and actual time; separate original/retest results.,mcq,UUU M06; CEH v5 domain 3,not assigned,uuu_course_aligned_v1,false,C,A purpose-built password KDF makes each guess expensive through configurable computational or memory cost.,Plain-English reteaching plus at least three varied retests; preserve partial work at endpoint.,Codex original educational item,author review; independent SME review pending,2026-09-18,2026-09-18
CEH26-M06-Q011,1.0.0,prepared_original,M06,scenario and mechanism interpretation,Interprets execution and hiding within the original scenario.,Learner choice and categorical confidence; record assistance and actual time; separate original/retest results.,mcq,UUU M06; CEH v5 domain 3,not assigned,uuu_course_aligned_v1,false,B,"On a supporting filesystem, an alternate data stream associates additional data with a file beyond its primary unnamed stream.",Plain-English reteaching plus at least three varied retests; preserve partial work at endpoint.,Codex original educational item,author review; independent SME review pending,2026-09-18,2026-09-18
CEH26-M06-Q012,1.0.0,prepared_original,M06,scenario and mechanism interpretation,Interprets host defense within the original scenario.,Learner choice and categorical confidence; record assistance and actual time; separate original/retest results.,mcq,UUU M06; CEH v5 domain 3,not assigned,uuu_course_aligned_v1,false,C,"Protect credential stores, reduce unnecessary privileged logons and limit reusable credential material.",Plain-English reteaching plus at least three varied retests; preserve partial work at endpoint.,Codex original educational item,author review; independent SME review pending,2026-09-18,2026-09-18
CEH26-M06-Q013,1.0.0,prepared_original,M06,scenario and mechanism interpretation,Interprets credential attacks within the original scenario.,Learner choice and categorical confidence; record assistance and actual time; separate original/retest results.,mcq,UUU M06; CEH v5 domain 3,not assigned,uuu_course_aligned_v1,false,A,Offline guessing tests candidate passwords against acquired verifiers without sending each attempt to the login service.,Plain-English reteaching plus at least three varied retests; preserve partial work at endpoint.,Codex original educational item,author review; independent SME review pending,2026-09-18,2026-09-18
CEH26-M06-Q014,1.0.0,prepared_original,M06,scenario and mechanism interpretation,Interprets privilege and movement within the original scenario.,Learner choice and categorical confidence; record assistance and actual time; separate original/retest results.,mcq,UUU M06; CEH v5 domain 3,not assigned,uuu_course_aligned_v1,false,C,Lateral movement extends access to other systems or resources within an environment.,Plain-English reteaching plus at least three varied retests; preserve partial work at endpoint.,Codex original educational item,author review; independent SME review pending,2026-09-18,2026-09-18
CEH26-M06-Q015,1.0.0,prepared_original,M06,scenario and mechanism interpretation,Interprets windows credential concepts within the original scenario.,Learner choice and categorical confidence; record assistance and actual time; separate original/retest results.,mcq,UUU M06; CEH v5 domain 3,not assigned,uuu_course_aligned_v1,false,A,Kerberoasting obtains suitable service-ticket material for offline guessing of a service account password.,Plain-English reteaching plus at least three varied retests; preserve partial work at endpoint.,Codex original educational item,author review; independent SME review pending,2026-09-18,2026-09-18
CEH26-M06-Q016,1.0.0,prepared_original,M06,scenario and mechanism interpretation,Interprets password storage within the original scenario.,Learner choice and categorical confidence; record assistance and actual time; separate original/retest results.,mcq,UUU M06; CEH v5 domain 3,not assigned,uuu_course_aligned_v1,false,D,A pepper is an additional secret kept apart from the password database; losing only the database need not expose it.,Plain-English reteaching plus at least three varied retests; preserve partial work at endpoint.,Codex original educational item,author review; independent SME review pending,2026-09-18,2026-09-18
CEH26-M06-Q017,1.0.0,prepared_original,M06,scenario and mechanism interpretation,Interprets execution and hiding within the original scenario.,Learner choice and categorical confidence; record assistance and actual time; separate original/retest results.,mcq,UUU M06; CEH v5 domain 3,not assigned,uuu_course_aligned_v1,false,D,"A rootkit hides or manipulates system views to conceal activity, often requiring privileged access.",Plain-English reteaching plus at least three varied retests; preserve partial work at endpoint.,Codex original educational item,author review; independent SME review pending,2026-09-18,2026-09-18
CEH26-M06-Q018,1.0.0,prepared_original,M06,scenario and mechanism interpretation,Interprets host defense within the original scenario.,Learner choice and categorical confidence; record assistance and actual time; separate original/retest results.,mcq,UUU M06; CEH v5 domain 3,not assigned,uuu_course_aligned_v1,false,A,Application control restricts execution according to an approved policy rather than trusting any executable a user can write.,Plain-English reteaching plus at least three varied retests; preserve partial work at endpoint.,Codex original educational item,author review; independent SME review pending,2026-09-18,2026-09-18
CEH26-M06-Q019,1.0.0,prepared_original,M06,scenario and mechanism interpretation,Interprets credential attacks within the original scenario.,Learner choice and categorical confidence; record assistance and actual time; separate original/retest results.,mcq,UUU M06; CEH v5 domain 3,not assigned,uuu_course_aligned_v1,false,B,Online brute-force guessing tries many password candidates through a live authentication interface.,Plain-English reteaching plus at least three varied retests; preserve partial work at endpoint.,Codex original educational item,author review; independent SME review pending,2026-09-18,2026-09-18
CEH26-M06-Q020,1.0.0,prepared_original,M06,scenario and mechanism interpretation,Interprets privilege and movement within the original scenario.,Learner choice and categorical confidence; record assistance and actual time; separate original/retest results.,mcq,UUU M06; CEH v5 domain 3,not assigned,uuu_course_aligned_v1,false,D,Persistence provides a way to retain or regain access after interruptions such as restart or session loss.,Plain-English reteaching plus at least three varied retests; preserve partial work at endpoint.,Codex original educational item,author review; independent SME review pending,2026-09-18,2026-09-18
CEH26-M06-Q021,1.0.0,prepared_original,M06,scenario and mechanism interpretation,Interprets windows credential concepts within the original scenario.,Learner choice and categorical confidence; record assistance and actual time; separate original/retest results.,mcq,UUU M06; CEH v5 domain 3,not assigned,uuu_course_aligned_v1,false,B,Credential dumping extracts credential material from memory or stored system data; the material may take several forms.,Plain-English reteaching plus at least three varied retests; preserve partial work at endpoint.,Codex original educational item,author review; independent SME review pending,2026-09-18,2026-09-18
CEH26-M06-Q022,1.0.0,prepared_original,M06,scenario and mechanism interpretation,Interprets password storage within the original scenario.,Learner choice and categorical confidence; record assistance and actual time; separate original/retest results.,mcq,UUU M06; CEH v5 domain 3,not assigned,uuu_course_aligned_v1,false,D,"MFA requires additional authentication factors, reducing reliance on a password alone; it does not repair weak password storage.",Plain-English reteaching plus at least three varied retests; preserve partial work at endpoint.,Codex original educational item,author review; independent SME review pending,2026-09-18,2026-09-18
CEH26-M06-Q023,1.0.0,prepared_original,M06,scenario and mechanism interpretation,Interprets execution and hiding within the original scenario.,Learner choice and categorical confidence; record assistance and actual time; separate original/retest results.,mcq,UUU M06; CEH v5 domain 3,not assigned,uuu_course_aligned_v1,false,D,Log tampering alters or removes audit records and can damage the ability to reconstruct activity.,Plain-English reteaching plus at least three varied retests; preserve partial work at endpoint.,Codex original educational item,author review; independent SME review pending,2026-09-18,2026-09-18
CEH26-M06-Q024,1.0.0,prepared_original,M06,scenario and mechanism interpretation,Interprets host defense within the original scenario.,Learner choice and categorical confidence; record assistance and actual time; separate original/retest results.,mcq,UUU M06; CEH v5 domain 3,not assigned,uuu_course_aligned_v1,false,B,Forwarding logs to a protected separate system reduces dependence on a potentially altered endpoint's local records.,Plain-English reteaching plus at least three varied retests; preserve partial work at endpoint.,Codex original educational item,author review; independent SME review pending,2026-09-18,2026-09-18
CEH26-M06-Q025,1.0.0,prepared_original,M06,scenario and mechanism interpretation,Interprets credential attacks within the original scenario.,Learner choice and categorical confidence; record assistance and actual time; separate original/retest results.,mcq,UUU M06; CEH v5 domain 3,not assigned,uuu_course_aligned_v1,false,D,Offline guessing tests candidate passwords against acquired verifiers without sending each attempt to the login service.,Plain-English reteaching plus at least three varied retests; preserve partial work at endpoint.,Codex original educational item,author review; independent SME review pending,2026-09-18,2026-09-18
CEH26-M06-Q026,1.0.0,prepared_original,M06,scenario and mechanism interpretation,Interprets privilege and movement within the original scenario.,Learner choice and categorical confidence; record assistance and actual time; separate original/retest results.,mcq,UUU M06; CEH v5 domain 3,not assigned,uuu_course_aligned_v1,false,C,Vertical escalation gains permissions above the current privilege level on a system or application.,Plain-English reteaching plus at least three varied retests; preserve partial work at endpoint.,Codex original educational item,author review; independent SME review pending,2026-09-18,2026-09-18
CEH26-M06-Q027,1.0.0,prepared_original,M06,scenario and mechanism interpretation,Interprets windows credential concepts within the original scenario.,Learner choice and categorical confidence; record assistance and actual time; separate original/retest results.,mcq,UUU M06; CEH v5 domain 3,not assigned,uuu_course_aligned_v1,false,A,Kerberoasting obtains suitable service-ticket material for offline guessing of a service account password.,Plain-English reteaching plus at least three varied retests; preserve partial work at endpoint.,Codex original educational item,author review; independent SME review pending,2026-09-18,2026-09-18
CEH26-M06-Q028,1.0.0,prepared_original,M06,scenario and mechanism interpretation,Interprets password storage within the original scenario.,Learner choice and categorical confidence; record assistance and actual time; separate original/retest results.,mcq,UUU M06; CEH v5 domain 3,not assigned,uuu_course_aligned_v1,false,C,A purpose-built password KDF makes each guess expensive through configurable computational or memory cost.,Plain-English reteaching plus at least three varied retests; preserve partial work at endpoint.,Codex original educational item,author review; independent SME review pending,2026-09-18,2026-09-18
CEH26-M06-Q029,1.0.0,prepared_original,M06,scenario and mechanism interpretation,Interprets execution and hiding within the original scenario.,Learner choice and categorical confidence; record assistance and actual time; separate original/retest results.,mcq,UUU M06; CEH v5 domain 3,not assigned,uuu_course_aligned_v1,false,A,"Process injection runs code within another process, potentially changing the apparent execution context.",Plain-English reteaching plus at least three varied retests; preserve partial work at endpoint.,Codex original educational item,author review; independent SME review pending,2026-09-18,2026-09-18
CEH26-M06-Q030,1.0.0,prepared_original,M06,scenario and mechanism interpretation,Interprets host defense within the original scenario.,Learner choice and categorical confidence; record assistance and actual time; separate original/retest results.,mcq,UUU M06; CEH v5 domain 3,not assigned,uuu_course_aligned_v1,false,C,"Protect credential stores, reduce unnecessary privileged logons and limit reusable credential material.",Plain-English reteaching plus at least three varied retests; preserve partial work at endpoint.,Codex original educational item,author review; independent SME review pending,2026-09-18,2026-09-18
CEH26-M07-Q001,1.0.0,prepared_original,M07,scenario and mechanism interpretation,Interprets malware classes within the original scenario.,Learner choice and categorical confidence; record assistance and actual time; separate original/retest results.,mcq,UUU M07; CEH v5 domain 3,not assigned,uuu_course_aligned_v1,false,B,A virus replicates by attaching to a host file or similar carrier and depends on that host's execution or activation.,Plain-English reteaching plus at least three varied retests; preserve partial work at endpoint.,Codex original educational item,author review; independent SME review pending,2026-09-18,2026-09-18
CEH26-M07-Q002,1.0.0,prepared_original,M07,scenario and mechanism interpretation,Interprets malware behavior within the original scenario.,Learner choice and categorical confidence; record assistance and actual time; separate original/retest results.,mcq,UUU M07; CEH v5 domain 3,not assigned,uuu_course_aligned_v1,false,D,Keylogging captures keystrokes and can expose entered secrets or sensitive content.,Plain-English reteaching plus at least three varied retests; preserve partial work at endpoint.,Codex original educational item,author review; independent SME review pending,2026-09-18,2026-09-18
CEH26-M07-Q003,1.0.0,prepared_original,M07,scenario and mechanism interpretation,Interprets analysis methods within the original scenario.,Learner choice and categorical confidence; record assistance and actual time; separate original/retest results.,mcq,UUU M07; CEH v5 domain 3,not assigned,uuu_course_aligned_v1,false,C,Static analysis inspects a sample's code or structure without intentionally executing its behavior.,Plain-English reteaching plus at least three varied retests; preserve partial work at endpoint.,Codex original educational item,author review; independent SME review pending,2026-09-18,2026-09-18
CEH26-M07-Q004,1.0.0,prepared_original,M07,scenario and mechanism interpretation,Interprets detection approaches within the original scenario.,Learner choice and categorical confidence; record assistance and actual time; separate original/retest results.,mcq,UUU M07; CEH v5 domain 3,not assigned,uuu_course_aligned_v1,false,A,Signature detection matches known patterns; unseen or changed implementations may evade a particular signature.,Plain-English reteaching plus at least three varied retests; preserve partial work at endpoint.,Codex original educational item,author review; independent SME review pending,2026-09-18,2026-09-18
CEH26-M07-Q005,1.0.0,prepared_original,M07,scenario and mechanism interpretation,Interprets evasion and uncertainty within the original scenario.,Learner choice and categorical confidence; record assistance and actual time; separate original/retest results.,mcq,UUU M07; CEH v5 domain 3,not assigned,uuu_course_aligned_v1,false,D,Packing and obfuscation alter representation to hinder inspection; their presence alone does not prove malicious intent.,Plain-English reteaching plus at least three varied retests; preserve partial work at endpoint.,Codex original educational item,author review; independent SME review pending,2026-09-18,2026-09-18
CEH26-M07-Q006,1.0.0,prepared_original,M07,scenario and mechanism interpretation,Interprets response priorities within the original scenario.,Learner choice and categorical confidence; record assistance and actual time; separate original/retest results.,mcq,UUU M07; CEH v5 domain 3,not assigned,uuu_course_aligned_v1,false,B,Containment limits further harm or spread while preserving the ability to investigate.,Plain-English reteaching plus at least three varied retests; preserve partial work at endpoint.,Codex original educational item,author review; independent SME review pending,2026-09-18,2026-09-18
CEH26-M07-Q007,1.0.0,prepared_original,M07,scenario and mechanism interpretation,Interprets malware classes within the original scenario.,Learner choice and categorical confidence; record assistance and actual time; separate original/retest results.,mcq,UUU M07; CEH v5 domain 3,not assigned,uuu_course_aligned_v1,false,A,A worm can propagate between systems without needing to attach itself to an ordinary host file.,Plain-English reteaching plus at least three varied retests; preserve partial work at endpoint.,Codex original educational item,author review; independent SME review pending,2026-09-18,2026-09-18
CEH26-M07-Q008,1.0.0,prepared_original,M07,scenario and mechanism interpretation,Interprets malware behavior within the original scenario.,Learner choice and categorical confidence; record assistance and actual time; separate original/retest results.,mcq,UUU M07; CEH v5 domain 3,not assigned,uuu_course_aligned_v1,false,C,Command-and-control communication lets an external controller coordinate or task an implanted component.,Plain-English reteaching plus at least three varied retests; preserve partial work at endpoint.,Codex original educational item,author review; independent SME review pending,2026-09-18,2026-09-18
CEH26-M07-Q009,1.0.0,prepared_original,M07,scenario and mechanism interpretation,Interprets analysis methods within the original scenario.,Learner choice and categorical confidence; record assistance and actual time; separate original/retest results.,mcq,UUU M07; CEH v5 domain 3,not assigned,uuu_course_aligned_v1,false,C,Dynamic analysis observes behavior while a sample runs in an appropriately controlled environment.,Plain-English reteaching plus at least three varied retests; preserve partial work at endpoint.,Codex original educational item,author review; independent SME review pending,2026-09-18,2026-09-18
CEH26-M07-Q010,1.0.0,prepared_original,M07,scenario and mechanism interpretation,Interprets detection approaches within the original scenario.,Learner choice and categorical confidence; record assistance and actual time; separate original/retest results.,mcq,UUU M07; CEH v5 domain 3,not assigned,uuu_course_aligned_v1,false,B,Behavior-based detection looks for suspicious actions or sequences rather than only exact file patterns.,Plain-English reteaching plus at least three varied retests; preserve partial work at endpoint.,Codex original educational item,author review; independent SME review pending,2026-09-18,2026-09-18
CEH26-M07-Q011,1.0.0,prepared_original,M07,scenario and mechanism interpretation,Interprets evasion and uncertainty within the original scenario.,Learner choice and categorical confidence; record assistance and actual time; separate original/retest results.,mcq,UUU M07; CEH v5 domain 3,not assigned,uuu_course_aligned_v1,false,B,"A sample may detect analysis conditions and suppress behavior, so a quiet run does not prove safety.",Plain-English reteaching plus at least three varied retests; preserve partial work at endpoint.,Codex original educational item,author review; independent SME review pending,2026-09-18,2026-09-18
CEH26-M07-Q012,1.0.0,prepared_original,M07,scenario and mechanism interpretation,Interprets response priorities within the original scenario.,Learner choice and categorical confidence; record assistance and actual time; separate original/retest results.,mcq,UUU M07; CEH v5 domain 3,not assigned,uuu_course_aligned_v1,false,D,"Preservation retains necessary logs, volatile data or artifacts before actions that could destroy them, where operational safety permits.",Plain-English reteaching plus at least three varied retests; preserve partial work at endpoint.,Codex original educational item,author review; independent SME review pending,2026-09-18,2026-09-18
CEH26-M07-Q013,1.0.0,prepared_original,M07,scenario and mechanism interpretation,Interprets malware classes within the original scenario.,Learner choice and categorical confidence; record assistance and actual time; separate original/retest results.,mcq,UUU M07; CEH v5 domain 3,not assigned,uuu_course_aligned_v1,false,C,A Trojan presents an apparently useful or legitimate function while carrying hidden malicious behavior.,Plain-English reteaching plus at least three varied retests; preserve partial work at endpoint.,Codex original educational item,author review; independent SME review pending,2026-09-18,2026-09-18
CEH26-M07-Q014,1.0.0,prepared_original,M07,scenario and mechanism interpretation,Interprets malware behavior within the original scenario.,Learner choice and categorical confidence; record assistance and actual time; separate original/retest results.,mcq,UUU M07; CEH v5 domain 3,not assigned,uuu_course_aligned_v1,false,C,A bot joins a group of compromised devices controlled to perform coordinated activity.,Plain-English reteaching plus at least three varied retests; preserve partial work at endpoint.,Codex original educational item,author review; independent SME review pending,2026-09-18,2026-09-18
CEH26-M07-Q015,1.0.0,prepared_original,M07,scenario and mechanism interpretation,Interprets analysis methods within the original scenario.,Learner choice and categorical confidence; record assistance and actual time; separate original/retest results.,mcq,UUU M07; CEH v5 domain 3,not assigned,uuu_course_aligned_v1,false,D,"Memory analysis inspects volatile state such as loaded modules, processes and in-memory content.",Plain-English reteaching plus at least three varied retests; preserve partial work at endpoint.,Codex original educational item,author review; independent SME review pending,2026-09-18,2026-09-18
CEH26-M07-Q016,1.0.0,prepared_original,M07,scenario and mechanism interpretation,Interprets detection approaches within the original scenario.,Learner choice and categorical confidence; record assistance and actual time; separate original/retest results.,mcq,UUU M07; CEH v5 domain 3,not assigned,uuu_course_aligned_v1,false,B,Reputation uses previously collected trust or threat information about an indicator; an unknown reputation is not proof of safety.,Plain-English reteaching plus at least three varied retests; preserve partial work at endpoint.,Codex original educational item,author review; independent SME review pending,2026-09-18,2026-09-18
CEH26-M07-Q017,1.0.0,prepared_original,M07,scenario and mechanism interpretation,Interprets evasion and uncertainty within the original scenario.,Learner choice and categorical confidence; record assistance and actual time; separate original/retest results.,mcq,UUU M07; CEH v5 domain 3,not assigned,uuu_course_aligned_v1,false,B,"An attacker can misuse legitimate installed tools, so a trusted tool name alone does not establish benign intent.",Plain-English reteaching plus at least three varied retests; preserve partial work at endpoint.,Codex original educational item,author review; independent SME review pending,2026-09-18,2026-09-18
CEH26-M07-Q018,1.0.0,prepared_original,M07,scenario and mechanism interpretation,Interprets response priorities within the original scenario.,Learner choice and categorical confidence; record assistance and actual time; separate original/retest results.,mcq,UUU M07; CEH v5 domain 3,not assigned,uuu_course_aligned_v1,false,D,Eradication removes malicious components and the access or weakness that enabled the incident.,Plain-English reteaching plus at least three varied retests; preserve partial work at endpoint.,Codex original educational item,author review; independent SME review pending,2026-09-18,2026-09-18
CEH26-M07-Q019,1.0.0,prepared_original,M07,scenario and mechanism interpretation,Interprets malware classes within the original scenario.,Learner choice and categorical confidence; record assistance and actual time; separate original/retest results.,mcq,UUU M07; CEH v5 domain 3,not assigned,uuu_course_aligned_v1,false,A,"Ransomware denies access to data or systems, commonly through encryption, and demands payment; some campaigns also steal data.",Plain-English reteaching plus at least three varied retests; preserve partial work at endpoint.,Codex original educational item,author review; independent SME review pending,2026-09-18,2026-09-18
CEH26-M07-Q020,1.0.0,prepared_original,M07,scenario and mechanism interpretation,Interprets malware behavior within the original scenario.,Learner choice and categorical confidence; record assistance and actual time; separate original/retest results.,mcq,UUU M07; CEH v5 domain 3,not assigned,uuu_course_aligned_v1,false,A,Fileless techniques emphasize memory or existing interpreters and system facilities; they can still leave observable artifacts.,Plain-English reteaching plus at least three varied retests; preserve partial work at endpoint.,Codex original educational item,author review; independent SME review pending,2026-09-18,2026-09-18
CEH26-M07-Q021,1.0.0,prepared_original,M07,scenario and mechanism interpretation,Interprets analysis methods within the original scenario.,Learner choice and categorical confidence; record assistance and actual time; separate original/retest results.,mcq,UUU M07; CEH v5 domain 3,not assigned,uuu_course_aligned_v1,false,A,"Network analysis studies communications, destinations, protocols and timing rather than relying only on file contents.",Plain-English reteaching plus at least three varied retests; preserve partial work at endpoint.,Codex original educational item,author review; independent SME review pending,2026-09-18,2026-09-18
CEH26-M07-Q022,1.0.0,prepared_original,M07,scenario and mechanism interpretation,Interprets detection approaches within the original scenario.,Learner choice and categorical confidence; record assistance and actual time; separate original/retest results.,mcq,UUU M07; CEH v5 domain 3,not assigned,uuu_course_aligned_v1,false,C,"Allowlisting permits only approved software or behavior under a defined policy, reducing the execution set.",Plain-English reteaching plus at least three varied retests; preserve partial work at endpoint.,Codex original educational item,author review; independent SME review pending,2026-09-18,2026-09-18
CEH26-M07-Q023,1.0.0,prepared_original,M07,scenario and mechanism interpretation,Interprets evasion and uncertainty within the original scenario.,Learner choice and categorical confidence; record assistance and actual time; separate original/retest results.,mcq,UUU M07; CEH v5 domain 3,not assigned,uuu_course_aligned_v1,false,D,An alert must be assessed against context and corroborating evidence before being treated as confirmed malicious behavior.,Plain-English reteaching plus at least three varied retests; preserve partial work at endpoint.,Codex original educational item,author review; independent SME review pending,2026-09-18,2026-09-18
CEH26-M07-Q024,1.0.0,prepared_original,M07,scenario and mechanism interpretation,Interprets response priorities within the original scenario.,Learner choice and categorical confidence; record assistance and actual time; separate original/retest results.,mcq,UUU M07; CEH v5 domain 3,not assigned,uuu_course_aligned_v1,false,B,Recovery restores trusted service and checks that business function and security controls operate as expected.,Plain-English reteaching plus at least three varied retests; preserve partial work at endpoint.,Codex original educational item,author review; independent SME review pending,2026-09-18,2026-09-18
CEH26-M07-Q025,1.0.0,prepared_original,M07,scenario and mechanism interpretation,Interprets malware classes within the original scenario.,Learner choice and categorical confidence; record assistance and actual time; separate original/retest results.,mcq,UUU M07; CEH v5 domain 3,not assigned,uuu_course_aligned_v1,false,D,A virus replicates by attaching to a host file or similar carrier and depends on that host's execution or activation.,Plain-English reteaching plus at least three varied retests; preserve partial work at endpoint.,Codex original educational item,author review; independent SME review pending,2026-09-18,2026-09-18
CEH26-M07-Q026,1.0.0,prepared_original,M07,scenario and mechanism interpretation,Interprets malware behavior within the original scenario.,Learner choice and categorical confidence; record assistance and actual time; separate original/retest results.,mcq,UUU M07; CEH v5 domain 3,not assigned,uuu_course_aligned_v1,false,A,Fileless techniques emphasize memory or existing interpreters and system facilities; they can still leave observable artifacts.,Plain-English reteaching plus at least three varied retests; preserve partial work at endpoint.,Codex original educational item,author review; independent SME review pending,2026-09-18,2026-09-18
CEH26-M07-Q027,1.0.0,prepared_original,M07,scenario and mechanism interpretation,Interprets analysis methods within the original scenario.,Learner choice and categorical confidence; record assistance and actual time; separate original/retest results.,mcq,UUU M07; CEH v5 domain 3,not assigned,uuu_course_aligned_v1,false,A,Static analysis inspects a sample's code or structure without intentionally executing its behavior.,Plain-English reteaching plus at least three varied retests; preserve partial work at endpoint.,Codex original educational item,author review; independent SME review pending,2026-09-18,2026-09-18
CEH26-M07-Q028,1.0.0,prepared_original,M07,scenario and mechanism interpretation,Interprets detection approaches within the original scenario.,Learner choice and categorical confidence; record assistance and actual time; separate original/retest results.,mcq,UUU M07; CEH v5 domain 3,not assigned,uuu_course_aligned_v1,false,C,Reputation uses previously collected trust or threat information about an indicator; an unknown reputation is not proof of safety.,Plain-English reteaching plus at least three varied retests; preserve partial work at endpoint.,Codex original educational item,author review; independent SME review pending,2026-09-18,2026-09-18
CEH26-M07-Q029,1.0.0,prepared_original,M07,scenario and mechanism interpretation,Interprets evasion and uncertainty within the original scenario.,Learner choice and categorical confidence; record assistance and actual time; separate original/retest results.,mcq,UUU M07; CEH v5 domain 3,not assigned,uuu_course_aligned_v1,false,B,Packing and obfuscation alter representation to hinder inspection; their presence alone does not prove malicious intent.,Plain-English reteaching plus at least three varied retests; preserve partial work at endpoint.,Codex original educational item,author review; independent SME review pending,2026-09-18,2026-09-18
CEH26-M07-Q030,1.0.0,prepared_original,M07,scenario and mechanism interpretation,Interprets response priorities within the original scenario.,Learner choice and categorical confidence; record assistance and actual time; separate original/retest results.,mcq,UUU M07; CEH v5 domain 3,not assigned,uuu_course_aligned_v1,false,D,Eradication removes malicious components and the access or weakness that enabled the incident.,Plain-English reteaching plus at least three varied retests; preserve partial work at endpoint.,Codex original educational item,author review; independent SME review pending,2026-09-18,2026-09-18
CEH26-M08-Q001,1.0.0,prepared_original,M08,scenario and mechanism interpretation,Interprets packet visibility within the original scenario.,Learner choice and categorical confidence; record assistance and actual time; separate original/retest results.,mcq,UUU M08; CEH v5 domain 4,not assigned,uuu_course_aligned_v1,false,A,Promiscuous mode allows an interface to pass more received frames to capture software; it does not force a switch to send all traffic to that port.,Plain-English reteaching plus at least three varied retests; preserve partial work at endpoint.,Codex original educational item,author review; independent SME review pending,2026-09-18,2026-09-18
CEH26-M08-Q002,1.0.0,prepared_original,M08,scenario and mechanism interpretation,Interprets local-network attacks within the original scenario.,Learner choice and categorical confidence; record assistance and actual time; separate original/retest results.,mcq,UUU M08; CEH v5 domain 4,not assigned,uuu_course_aligned_v1,false,D,ARP spoofing sends misleading local IPv4-to-link-layer address information and can redirect traffic on a local segment.,Plain-English reteaching plus at least three varied retests; preserve partial work at endpoint.,Codex original educational item,author review; independent SME review pending,2026-09-18,2026-09-18
CEH26-M08-Q003,1.0.0,prepared_original,M08,scenario and mechanism interpretation,Interprets layer-two defenses within the original scenario.,Learner choice and categorical confidence; record assistance and actual time; separate original/retest results.,mcq,UUU M08; CEH v5 domain 4,not assigned,uuu_course_aligned_v1,false,C,DAI validates ARP messages against trusted bindings or policy to reduce spoofed address mappings.,Plain-English reteaching plus at least three varied retests; preserve partial work at endpoint.,Codex original educational item,author review; independent SME review pending,2026-09-18,2026-09-18
CEH26-M08-Q004,1.0.0,prepared_original,M08,scenario and mechanism interpretation,Interprets packet fields within the original scenario.,Learner choice and categorical confidence; record assistance and actual time; separate original/retest results.,mcq,UUU M08; CEH v5 domain 4,not assigned,uuu_course_aligned_v1,false,D,Addresses identify the apparent network endpoints in the observed packet; NAT or spoofing can complicate attribution.,Plain-English reteaching plus at least three varied retests; preserve partial work at endpoint.,Codex original educational item,author review; independent SME review pending,2026-09-18,2026-09-18
CEH26-M08-Q005,1.0.0,prepared_original,M08,scenario and mechanism interpretation,Interprets capture interpretation within the original scenario.,Learner choice and categorical confidence; record assistance and actual time; separate original/retest results.,mcq,UUU M08; CEH v5 domain 4,not assigned,uuu_course_aligned_v1,false,A,"A retransmission repeats data thought to be unacknowledged; loss, delay or capture artifacts require investigation.",Plain-English reteaching plus at least three varied retests; preserve partial work at endpoint.,Codex original educational item,author review; independent SME review pending,2026-09-18,2026-09-18
CEH26-M08-Q006,1.0.0,prepared_original,M08,scenario and mechanism interpretation,Interprets evidence and privacy within the original scenario.,Learner choice and categorical confidence; record assistance and actual time; separate original/retest results.,mcq,UUU M08; CEH v5 domain 4,not assigned,uuu_course_aligned_v1,false,B,"Capture only the approved interfaces, hosts and period; shared-network visibility is not permission to collect everything.",Plain-English reteaching plus at least three varied retests; preserve partial work at endpoint.,Codex original educational item,author review; independent SME review pending,2026-09-18,2026-09-18
CEH26-M08-Q007,1.0.0,prepared_original,M08,scenario and mechanism interpretation,Interprets packet visibility within the original scenario.,Learner choice and categorical confidence; record assistance and actual time; separate original/retest results.,mcq,UUU M08; CEH v5 domain 4,not assigned,uuu_course_aligned_v1,false,B,"Port mirroring copies selected switch traffic to an authorized monitoring port, subject to configuration and capacity limits.",Plain-English reteaching plus at least three varied retests; preserve partial work at endpoint.,Codex original educational item,author review; independent SME review pending,2026-09-18,2026-09-18
CEH26-M08-Q008,1.0.0,prepared_original,M08,scenario and mechanism interpretation,Interprets local-network attacks within the original scenario.,Learner choice and categorical confidence; record assistance and actual time; separate original/retest results.,mcq,UUU M08; CEH v5 domain 4,not assigned,uuu_course_aligned_v1,false,C,MAC-table flooding attempts to overwhelm switch forwarding entries; the resulting behavior depends on the device and controls.,Plain-English reteaching plus at least three varied retests; preserve partial work at endpoint.,Codex original educational item,author review; independent SME review pending,2026-09-18,2026-09-18
CEH26-M08-Q009,1.0.0,prepared_original,M08,scenario and mechanism interpretation,Interprets layer-two defenses within the original scenario.,Learner choice and categorical confidence; record assistance and actual time; separate original/retest results.,mcq,UUU M08; CEH v5 domain 4,not assigned,uuu_course_aligned_v1,false,C,DHCP snooping distinguishes trusted DHCP paths and can build bindings used by other protections.,Plain-English reteaching plus at least three varied retests; preserve partial work at endpoint.,Codex original educational item,author review; independent SME review pending,2026-09-18,2026-09-18
CEH26-M08-Q010,1.0.0,prepared_original,M08,scenario and mechanism interpretation,Interprets packet fields within the original scenario.,Learner choice and categorical confidence; record assistance and actual time; separate original/retest results.,mcq,UUU M08; CEH v5 domain 4,not assigned,uuu_course_aligned_v1,false,D,"A transport port identifies a protocol endpoint within a transport, but convention alone does not prove the application.",Plain-English reteaching plus at least three varied retests; preserve partial work at endpoint.,Codex original educational item,author review; independent SME review pending,2026-09-18,2026-09-18
CEH26-M08-Q011,1.0.0,prepared_original,M08,scenario and mechanism interpretation,Interprets capture interpretation within the original scenario.,Learner choice and categorical confidence; record assistance and actual time; separate original/retest results.,mcq,UUU M08; CEH v5 domain 4,not assigned,uuu_course_aligned_v1,false,C,A reset abruptly rejects or terminates a TCP connection; its cause needs surrounding context.,Plain-English reteaching plus at least three varied retests; preserve partial work at endpoint.,Codex original educational item,author review; independent SME review pending,2026-09-18,2026-09-18
CEH26-M08-Q012,1.0.0,prepared_original,M08,scenario and mechanism interpretation,Interprets evidence and privacy within the original scenario.,Learner choice and categorical confidence; record assistance and actual time; separate original/retest results.,mcq,UUU M08; CEH v5 domain 4,not assigned,uuu_course_aligned_v1,false,B,"Record capture time, clock assumptions and observation location so packets can be interpreted in context.",Plain-English reteaching plus at least three varied retests; preserve partial work at endpoint.,Codex original educational item,author review; independent SME review pending,2026-09-18,2026-09-18
CEH26-M08-Q013,1.0.0,prepared_original,M08,scenario and mechanism interpretation,Interprets packet visibility within the original scenario.,Learner choice and categorical confidence; record assistance and actual time; separate original/retest results.,mcq,UUU M08; CEH v5 domain 4,not assigned,uuu_course_aligned_v1,false,D,A network TAP provides a dedicated observation point on a link; visibility depends on its placement and capabilities.,Plain-English reteaching plus at least three varied retests; preserve partial work at endpoint.,Codex original educational item,author review; independent SME review pending,2026-09-18,2026-09-18
CEH26-M08-Q014,1.0.0,prepared_original,M08,scenario and mechanism interpretation,Interprets local-network attacks within the original scenario.,Learner choice and categorical confidence; record assistance and actual time; separate original/retest results.,mcq,UUU M08; CEH v5 domain 4,not assigned,uuu_course_aligned_v1,false,D,"A rogue DHCP server supplies unauthorized network configuration, such as a malicious gateway or DNS server.",Plain-English reteaching plus at least three varied retests; preserve partial work at endpoint.,Codex original educational item,author review; independent SME review pending,2026-09-18,2026-09-18
CEH26-M08-Q015,1.0.0,prepared_original,M08,scenario and mechanism interpretation,Interprets layer-two defenses within the original scenario.,Learner choice and categorical confidence; record assistance and actual time; separate original/retest results.,mcq,UUU M08; CEH v5 domain 4,not assigned,uuu_course_aligned_v1,false,B,Port security restricts learned or permitted source MAC addresses on a switch port according to policy.,Plain-English reteaching plus at least three varied retests; preserve partial work at endpoint.,Codex original educational item,author review; independent SME review pending,2026-09-18,2026-09-18
CEH26-M08-Q016,1.0.0,prepared_original,M08,scenario and mechanism interpretation,Interprets packet fields within the original scenario.,Learner choice and categorical confidence; record assistance and actual time; separate original/retest results.,mcq,UUU M08; CEH v5 domain 4,not assigned,uuu_course_aligned_v1,false,B,"TCP flags such as SYN, ACK, FIN and RST describe connection-control information in the segment.",Plain-English reteaching plus at least three varied retests; preserve partial work at endpoint.,Codex original educational item,author review; independent SME review pending,2026-09-18,2026-09-18
CEH26-M08-Q017,1.0.0,prepared_original,M08,scenario and mechanism interpretation,Interprets capture interpretation within the original scenario.,Learner choice and categorical confidence; record assistance and actual time; separate original/retest results.,mcq,UUU M08; CEH v5 domain 4,not assigned,uuu_course_aligned_v1,false,A,"DNS messages connect a question with an answer, but a captured answer still requires trust and freshness checks.",Plain-English reteaching plus at least three varied retests; preserve partial work at endpoint.,Codex original educational item,author review; independent SME review pending,2026-09-18,2026-09-18
CEH26-M08-Q018,1.0.0,prepared_original,M08,scenario and mechanism interpretation,Interprets evidence and privacy within the original scenario.,Learner choice and categorical confidence; record assistance and actual time; separate original/retest results.,mcq,UUU M08; CEH v5 domain 4,not assigned,uuu_course_aligned_v1,false,A,Reduce or redact unnecessary personal or secret payload content when preserving evidence for a limited purpose.,Plain-English reteaching plus at least three varied retests; preserve partial work at endpoint.,Codex original educational item,author review; independent SME review pending,2026-09-18,2026-09-18
CEH26-M08-Q019,1.0.0,prepared_original,M08,scenario and mechanism interpretation,Interprets packet visibility within the original scenario.,Learner choice and categorical confidence; record assistance and actual time; separate original/retest results.,mcq,UUU M08; CEH v5 domain 4,not assigned,uuu_course_aligned_v1,false,C,"Encryption can conceal application content from a passive observer even when addresses, timing or other metadata remain visible.",Plain-English reteaching plus at least three varied retests; preserve partial work at endpoint.,Codex original educational item,author review; independent SME review pending,2026-09-18,2026-09-18
CEH26-M08-Q020,1.0.0,prepared_original,M08,scenario and mechanism interpretation,Interprets local-network attacks within the original scenario.,Learner choice and categorical confidence; record assistance and actual time; separate original/retest results.,mcq,UUU M08; CEH v5 domain 4,not assigned,uuu_course_aligned_v1,false,D,DNS poisoning causes a resolver or client to use an incorrect name-to-address answer.,Plain-English reteaching plus at least three varied retests; preserve partial work at endpoint.,Codex original educational item,author review; independent SME review pending,2026-09-18,2026-09-18
CEH26-M08-Q021,1.0.0,prepared_original,M08,scenario and mechanism interpretation,Interprets layer-two defenses within the original scenario.,Learner choice and categorical confidence; record assistance and actual time; separate original/retest results.,mcq,UUU M08; CEH v5 domain 4,not assigned,uuu_course_aligned_v1,false,B,Correctly authenticated encryption protects traffic content and peer identity even when the local path is observable.,Plain-English reteaching plus at least three varied retests; preserve partial work at endpoint.,Codex original educational item,author review; independent SME review pending,2026-09-18,2026-09-18
CEH26-M08-Q022,1.0.0,prepared_original,M08,scenario and mechanism interpretation,Interprets packet fields within the original scenario.,Learner choice and categorical confidence; record assistance and actual time; separate original/retest results.,mcq,UUU M08; CEH v5 domain 4,not assigned,uuu_course_aligned_v1,false,A,"The payload carries higher-layer data, which may be application content or encrypted bytes.",Plain-English reteaching plus at least three varied retests; preserve partial work at endpoint.,Codex original educational item,author review; independent SME review pending,2026-09-18,2026-09-18
CEH26-M08-Q023,1.0.0,prepared_original,M08,scenario and mechanism interpretation,Interprets capture interpretation within the original scenario.,Learner choice and categorical confidence; record assistance and actual time; separate original/retest results.,mcq,UUU M08; CEH v5 domain 4,not assigned,uuu_course_aligned_v1,false,A,"Handshake metadata can reveal protocol negotiation or certificates where visible, without necessarily exposing application content.",Plain-English reteaching plus at least three varied retests; preserve partial work at endpoint.,Codex original educational item,author review; independent SME review pending,2026-09-18,2026-09-18
CEH26-M08-Q024,1.0.0,prepared_original,M08,scenario and mechanism interpretation,Interprets evidence and privacy within the original scenario.,Learner choice and categorical confidence; record assistance and actual time; separate original/retest results.,mcq,UUU M08; CEH v5 domain 4,not assigned,uuu_course_aligned_v1,false,D,Compare packet evidence with appropriate endpoint or application records before making a stronger causal claim.,Plain-English reteaching plus at least three varied retests; preserve partial work at endpoint.,Codex original educational item,author review; independent SME review pending,2026-09-18,2026-09-18
CEH26-M08-Q025,1.0.0,prepared_original,M08,scenario and mechanism interpretation,Interprets packet visibility within the original scenario.,Learner choice and categorical confidence; record assistance and actual time; separate original/retest results.,mcq,UUU M08; CEH v5 domain 4,not assigned,uuu_course_aligned_v1,false,A,Promiscuous mode allows an interface to pass more received frames to capture software; it does not force a switch to send all traffic to that port.,Plain-English reteaching plus at least three varied retests; preserve partial work at endpoint.,Codex original educational item,author review; independent SME review pending,2026-09-18,2026-09-18
CEH26-M08-Q026,1.0.0,prepared_original,M08,scenario and mechanism interpretation,Interprets local-network attacks within the original scenario.,Learner choice and categorical confidence; record assistance and actual time; separate original/retest results.,mcq,UUU M08; CEH v5 domain 4,not assigned,uuu_course_aligned_v1,false,C,ARP spoofing sends misleading local IPv4-to-link-layer address information and can redirect traffic on a local segment.,Plain-English reteaching plus at least three varied retests; preserve partial work at endpoint.,Codex original educational item,author review; independent SME review pending,2026-09-18,2026-09-18
CEH26-M08-Q027,1.0.0,prepared_original,M08,scenario and mechanism interpretation,Interprets layer-two defenses within the original scenario.,Learner choice and categorical confidence; record assistance and actual time; separate original/retest results.,mcq,UUU M08; CEH v5 domain 4,not assigned,uuu_course_aligned_v1,false,B,DHCP snooping distinguishes trusted DHCP paths and can build bindings used by other protections.,Plain-English reteaching plus at least three varied retests; preserve partial work at endpoint.,Codex original educational item,author review; independent SME review pending,2026-09-18,2026-09-18
CEH26-M08-Q028,1.0.0,prepared_original,M08,scenario and mechanism interpretation,Interprets packet fields within the original scenario.,Learner choice and categorical confidence; record assistance and actual time; separate original/retest results.,mcq,UUU M08; CEH v5 domain 4,not assigned,uuu_course_aligned_v1,false,D,"A transport port identifies a protocol endpoint within a transport, but convention alone does not prove the application.",Plain-English reteaching plus at least three varied retests; preserve partial work at endpoint.,Codex original educational item,author review; independent SME review pending,2026-09-18,2026-09-18
CEH26-M08-Q029,1.0.0,prepared_original,M08,scenario and mechanism interpretation,Interprets capture interpretation within the original scenario.,Learner choice and categorical confidence; record assistance and actual time; separate original/retest results.,mcq,UUU M08; CEH v5 domain 4,not assigned,uuu_course_aligned_v1,false,C,"A retransmission repeats data thought to be unacknowledged; loss, delay or capture artifacts require investigation.",Plain-English reteaching plus at least three varied retests; preserve partial work at endpoint.,Codex original educational item,author review; independent SME review pending,2026-09-18,2026-09-18
CEH26-M08-Q030,1.0.0,prepared_original,M08,scenario and mechanism interpretation,Interprets evidence and privacy within the original scenario.,Learner choice and categorical confidence; record assistance and actual time; separate original/retest results.,mcq,UUU M08; CEH v5 domain 4,not assigned,uuu_course_aligned_v1,false,B,Reduce or redact unnecessary personal or secret payload content when preserving evidence for a limited purpose.,Plain-English reteaching plus at least three varied retests; preserve partial work at endpoint.,Codex original educational item,author review; independent SME review pending,2026-09-18,2026-09-18
CEH26-M09-Q001,1.0.0,prepared_original,M09,scenario and mechanism interpretation,Interprets social-engineering channels within the original scenario.,Learner choice and categorical confidence; record assistance and actual time; separate original/retest results.,mcq,UUU M09; CEH v5 domain 4,not assigned,uuu_course_aligned_v1,false,D,"Phishing uses deceptive messages to induce harmful actions or disclosure, commonly through email or other electronic messaging.",Plain-English reteaching plus at least three varied retests; preserve partial work at endpoint.,Codex original educational item,author review; independent SME review pending,2026-09-18,2026-09-18
CEH26-M09-Q002,1.0.0,prepared_original,M09,scenario and mechanism interpretation,Interprets influence mechanisms within the original scenario.,Learner choice and categorical confidence; record assistance and actual time; separate original/retest results.,mcq,UUU M09; CEH v5 domain 4,not assigned,uuu_course_aligned_v1,false,B,Authority cues exploit apparent rank or trusted institutional status to discourage verification.,Plain-English reteaching plus at least three varied retests; preserve partial work at endpoint.,Codex original educational item,author review; independent SME review pending,2026-09-18,2026-09-18
CEH26-M09-Q003,1.0.0,prepared_original,M09,scenario and mechanism interpretation,Interprets physical deception within the original scenario.,Learner choice and categorical confidence; record assistance and actual time; separate original/retest results.,mcq,UUU M09; CEH v5 domain 4,not assigned,uuu_course_aligned_v1,false,A,Tailgating gains entry by following an authorized person through an access-controlled boundary without proper authorization.,Plain-English reteaching plus at least three varied retests; preserve partial work at endpoint.,Codex original educational item,author review; independent SME review pending,2026-09-18,2026-09-18
CEH26-M09-Q004,1.0.0,prepared_original,M09,scenario and mechanism interpretation,Interprets verification controls within the original scenario.,Learner choice and categorical confidence; record assistance and actual time; separate original/retest results.,mcq,UUU M09; CEH v5 domain 4,not assigned,uuu_course_aligned_v1,false,B,"Verify a sensitive request through a known trusted contact path, not a number or link supplied by the requester.",Plain-English reteaching plus at least three varied retests; preserve partial work at endpoint.,Codex original educational item,author review; independent SME review pending,2026-09-18,2026-09-18
CEH26-M09-Q005,1.0.0,prepared_original,M09,scenario and mechanism interpretation,Interprets exercise governance within the original scenario.,Learner choice and categorical confidence; record assistance and actual time; separate original/retest results.,mcq,UUU M09; CEH v5 domain 4,not assigned,uuu_course_aligned_v1,false,C,"A social-engineering exercise needs authorized scope, targets, methods and escalation before delivery.",Plain-English reteaching plus at least three varied retests; preserve partial work at endpoint.,Codex original educational item,author review; independent SME review pending,2026-09-18,2026-09-18
CEH26-M09-Q006,1.0.0,prepared_original,M09,scenario and mechanism interpretation,Interprets modern deception distinctions within the original scenario.,Learner choice and categorical confidence; record assistance and actual time; separate original/retest results.,mcq,UUU M09; CEH v5 domain 4,not assigned,uuu_course_aligned_v1,false,D,BEC manipulates business communication to induce actions such as fraudulent payments; malware is not required.,Plain-English reteaching plus at least three varied retests; preserve partial work at endpoint.,Codex original educational item,author review; independent SME review pending,2026-09-18,2026-09-18
CEH26-M09-Q007,1.0.0,prepared_original,M09,scenario and mechanism interpretation,Interprets social-engineering channels within the original scenario.,Learner choice and categorical confidence; record assistance and actual time; separate original/retest results.,mcq,UUU M09; CEH v5 domain 4,not assigned,uuu_course_aligned_v1,false,C,Spear phishing tailors deception to a particular person or group using relevant context.,Plain-English reteaching plus at least three varied retests; preserve partial work at endpoint.,Codex original educational item,author review; independent SME review pending,2026-09-18,2026-09-18
CEH26-M09-Q008,1.0.0,prepared_original,M09,scenario and mechanism interpretation,Interprets influence mechanisms within the original scenario.,Learner choice and categorical confidence; record assistance and actual time; separate original/retest results.,mcq,UUU M09; CEH v5 domain 4,not assigned,uuu_course_aligned_v1,false,A,Urgency pressures a person to act quickly before examining the request.,Plain-English reteaching plus at least three varied retests; preserve partial work at endpoint.,Codex original educational item,author review; independent SME review pending,2026-09-18,2026-09-18
CEH26-M09-Q009,1.0.0,prepared_original,M09,scenario and mechanism interpretation,Interprets physical deception within the original scenario.,Learner choice and categorical confidence; record assistance and actual time; separate original/retest results.,mcq,UUU M09; CEH v5 domain 4,not assigned,uuu_course_aligned_v1,false,B,"Shoulder surfing observes a person's screen, keyboard or similar visible activity to learn sensitive information.",Plain-English reteaching plus at least three varied retests; preserve partial work at endpoint.,Codex original educational item,author review; independent SME review pending,2026-09-18,2026-09-18
CEH26-M09-Q010,1.0.0,prepared_original,M09,scenario and mechanism interpretation,Interprets verification controls within the original scenario.,Learner choice and categorical confidence; record assistance and actual time; separate original/retest results.,mcq,UUU M09; CEH v5 domain 4,not assigned,uuu_course_aligned_v1,false,A,Require a second authorized reviewer for sensitive changes or transfers so one deceived person is insufficient.,Plain-English reteaching plus at least three varied retests; preserve partial work at endpoint.,Codex original educational item,author review; independent SME review pending,2026-09-18,2026-09-18
CEH26-M09-Q011,1.0.0,prepared_original,M09,scenario and mechanism interpretation,Interprets exercise governance within the original scenario.,Learner choice and categorical confidence; record assistance and actual time; separate original/retest results.,mcq,UUU M09; CEH v5 domain 4,not assigned,uuu_course_aligned_v1,false,D,Protect people from unnecessary harm and avoid collecting real passwords or unrelated sensitive information.,Plain-English reteaching plus at least three varied retests; preserve partial work at endpoint.,Codex original educational item,author review; independent SME review pending,2026-09-18,2026-09-18
CEH26-M09-Q012,1.0.0,prepared_original,M09,scenario and mechanism interpretation,Interprets modern deception distinctions within the original scenario.,Learner choice and categorical confidence; record assistance and actual time; separate original/retest results.,mcq,UUU M09; CEH v5 domain 4,not assigned,uuu_course_aligned_v1,false,B,Repeated authentication prompts can pressure a person into approving an attacker-initiated login.,Plain-English reteaching plus at least three varied retests; preserve partial work at endpoint.,Codex original educational item,author review; independent SME review pending,2026-09-18,2026-09-18
CEH26-M09-Q013,1.0.0,prepared_original,M09,scenario and mechanism interpretation,Interprets social-engineering channels within the original scenario.,Learner choice and categorical confidence; record assistance and actual time; separate original/retest results.,mcq,UUU M09; CEH v5 domain 4,not assigned,uuu_course_aligned_v1,false,A,Vishing uses voice communication to deceive a person into disclosure or action.,Plain-English reteaching plus at least three varied retests; preserve partial work at endpoint.,Codex original educational item,author review; independent SME review pending,2026-09-18,2026-09-18
CEH26-M09-Q014,1.0.0,prepared_original,M09,scenario and mechanism interpretation,Interprets influence mechanisms within the original scenario.,Learner choice and categorical confidence; record assistance and actual time; separate original/retest results.,mcq,UUU M09; CEH v5 domain 4,not assigned,uuu_course_aligned_v1,false,D,Scarcity suggests that an opportunity or resource is limited and may soon disappear.,Plain-English reteaching plus at least three varied retests; preserve partial work at endpoint.,Codex original educational item,author review; independent SME review pending,2026-09-18,2026-09-18
CEH26-M09-Q015,1.0.0,prepared_original,M09,scenario and mechanism interpretation,Interprets physical deception within the original scenario.,Learner choice and categorical confidence; record assistance and actual time; separate original/retest results.,mcq,UUU M09; CEH v5 domain 4,not assigned,uuu_course_aligned_v1,false,C,Dumpster diving seeks useful information from discarded materials.,Plain-English reteaching plus at least three varied retests; preserve partial work at endpoint.,Codex original educational item,author review; independent SME review pending,2026-09-18,2026-09-18
CEH26-M09-Q016,1.0.0,prepared_original,M09,scenario and mechanism interpretation,Interprets verification controls within the original scenario.,Learner choice and categorical confidence; record assistance and actual time; separate original/retest results.,mcq,UUU M09; CEH v5 domain 4,not assigned,uuu_course_aligned_v1,false,B,"Origin-bound cryptographic authentication resists many credential-phishing flows, while broader social engineering still needs controls.",Plain-English reteaching plus at least three varied retests; preserve partial work at endpoint.,Codex original educational item,author review; independent SME review pending,2026-09-18,2026-09-18
CEH26-M09-Q017,1.0.0,prepared_original,M09,scenario and mechanism interpretation,Interprets exercise governance within the original scenario.,Learner choice and categorical confidence; record assistance and actual time; separate original/retest results.,mcq,UUU M09; CEH v5 domain 4,not assigned,uuu_course_aligned_v1,false,B,Measure the behavior relevant to the learning goal instead of treating one click count as complete competence evidence.,Plain-English reteaching plus at least three varied retests; preserve partial work at endpoint.,Codex original educational item,author review; independent SME review pending,2026-09-18,2026-09-18
CEH26-M09-Q018,1.0.0,prepared_original,M09,scenario and mechanism interpretation,Interprets modern deception distinctions within the original scenario.,Learner choice and categorical confidence; record assistance and actual time; separate original/retest results.,mcq,UUU M09; CEH v5 domain 4,not assigned,uuu_course_aligned_v1,false,C,A QR code can conceal a destination until scanned; the encoded link still needs independent trust checks.,Plain-English reteaching plus at least three varied retests; preserve partial work at endpoint.,Codex original educational item,author review; independent SME review pending,2026-09-18,2026-09-18
CEH26-M09-Q019,1.0.0,prepared_original,M09,scenario and mechanism interpretation,Interprets social-engineering channels within the original scenario.,Learner choice and categorical confidence; record assistance and actual time; separate original/retest results.,mcq,UUU M09; CEH v5 domain 4,not assigned,uuu_course_aligned_v1,false,D,Smishing delivers deceptive requests through SMS or similar text-message channels.,Plain-English reteaching plus at least three varied retests; preserve partial work at endpoint.,Codex original educational item,author review; independent SME review pending,2026-09-18,2026-09-18
CEH26-M09-Q020,1.0.0,prepared_original,M09,scenario and mechanism interpretation,Interprets influence mechanisms within the original scenario.,Learner choice and categorical confidence; record assistance and actual time; separate original/retest results.,mcq,UUU M09; CEH v5 domain 4,not assigned,uuu_course_aligned_v1,false,A,Reciprocity exploits a person's perceived obligation to return a favor or benefit.,Plain-English reteaching plus at least three varied retests; preserve partial work at endpoint.,Codex original educational item,author review; independent SME review pending,2026-09-18,2026-09-18
CEH26-M09-Q021,1.0.0,prepared_original,M09,scenario and mechanism interpretation,Interprets physical deception within the original scenario.,Learner choice and categorical confidence; record assistance and actual time; separate original/retest results.,mcq,UUU M09; CEH v5 domain 4,not assigned,uuu_course_aligned_v1,false,C,"Baiting offers an appealing object or benefit to induce an unsafe action, such as opening untrusted media.",Plain-English reteaching plus at least three varied retests; preserve partial work at endpoint.,Codex original educational item,author review; independent SME review pending,2026-09-18,2026-09-18
CEH26-M09-Q022,1.0.0,prepared_original,M09,scenario and mechanism interpretation,Interprets verification controls within the original scenario.,Learner choice and categorical confidence; record assistance and actual time; separate original/retest results.,mcq,UUU M09; CEH v5 domain 4,not assigned,uuu_course_aligned_v1,false,D,A simple trusted reporting path lets recipients raise suspicious requests without continuing the interaction.,Plain-English reteaching plus at least three varied retests; preserve partial work at endpoint.,Codex original educational item,author review; independent SME review pending,2026-09-18,2026-09-18
CEH26-M09-Q023,1.0.0,prepared_original,M09,scenario and mechanism interpretation,Interprets exercise governance within the original scenario.,Learner choice and categorical confidence; record assistance and actual time; separate original/retest results.,mcq,UUU M09; CEH v5 domain 4,not assigned,uuu_course_aligned_v1,false,A,A useful debrief explains cues and reporting actions without humiliating individuals.,Plain-English reteaching plus at least three varied retests; preserve partial work at endpoint.,Codex original educational item,author review; independent SME review pending,2026-09-18,2026-09-18
CEH26-M09-Q024,1.0.0,prepared_original,M09,scenario and mechanism interpretation,Interprets modern deception distinctions within the original scenario.,Learner choice and categorical confidence; record assistance and actual time; separate original/retest results.,mcq,UUU M09; CEH v5 domain 4,not assigned,uuu_course_aligned_v1,false,B,"Generated voice or video can imitate a trusted person, so apparent likeness alone is insufficient verification.",Plain-English reteaching plus at least three varied retests; preserve partial work at endpoint.,Codex original educational item,author review; independent SME review pending,2026-09-18,2026-09-18
CEH26-M09-Q025,1.0.0,prepared_original,M09,scenario and mechanism interpretation,Interprets social-engineering channels within the original scenario.,Learner choice and categorical confidence; record assistance and actual time; separate original/retest results.,mcq,UUU M09; CEH v5 domain 4,not assigned,uuu_course_aligned_v1,false,B,Spear phishing tailors deception to a particular person or group using relevant context.,Plain-English reteaching plus at least three varied retests; preserve partial work at endpoint.,Codex original educational item,author review; independent SME review pending,2026-09-18,2026-09-18
CEH26-M09-Q026,1.0.0,prepared_original,M09,scenario and mechanism interpretation,Interprets influence mechanisms within the original scenario.,Learner choice and categorical confidence; record assistance and actual time; separate original/retest results.,mcq,UUU M09; CEH v5 domain 4,not assigned,uuu_course_aligned_v1,false,A,Authority cues exploit apparent rank or trusted institutional status to discourage verification.,Plain-English reteaching plus at least three varied retests; preserve partial work at endpoint.,Codex original educational item,author review; independent SME review pending,2026-09-18,2026-09-18
CEH26-M09-Q027,1.0.0,prepared_original,M09,scenario and mechanism interpretation,Interprets physical deception within the original scenario.,Learner choice and categorical confidence; record assistance and actual time; separate original/retest results.,mcq,UUU M09; CEH v5 domain 4,not assigned,uuu_course_aligned_v1,false,D,"Shoulder surfing observes a person's screen, keyboard or similar visible activity to learn sensitive information.",Plain-English reteaching plus at least three varied retests; preserve partial work at endpoint.,Codex original educational item,author review; independent SME review pending,2026-09-18,2026-09-18
CEH26-M09-Q028,1.0.0,prepared_original,M09,scenario and mechanism interpretation,Interprets verification controls within the original scenario.,Learner choice and categorical confidence; record assistance and actual time; separate original/retest results.,mcq,UUU M09; CEH v5 domain 4,not assigned,uuu_course_aligned_v1,false,D,"Verify a sensitive request through a known trusted contact path, not a number or link supplied by the requester.",Plain-English reteaching plus at least three varied retests; preserve partial work at endpoint.,Codex original educational item,author review; independent SME review pending,2026-09-18,2026-09-18
CEH26-M09-Q029,1.0.0,prepared_original,M09,scenario and mechanism interpretation,Interprets exercise governance within the original scenario.,Learner choice and categorical confidence; record assistance and actual time; separate original/retest results.,mcq,UUU M09; CEH v5 domain 4,not assigned,uuu_course_aligned_v1,false,C,Protect people from unnecessary harm and avoid collecting real passwords or unrelated sensitive information.,Plain-English reteaching plus at least three varied retests; preserve partial work at endpoint.,Codex original educational item,author review; independent SME review pending,2026-09-18,2026-09-18
CEH26-M09-Q030,1.0.0,prepared_original,M09,scenario and mechanism interpretation,Interprets modern deception distinctions within the original scenario.,Learner choice and categorical confidence; record assistance and actual time; separate original/retest results.,mcq,UUU M09; CEH v5 domain 4,not assigned,uuu_course_aligned_v1,false,C,BEC manipulates business communication to induce actions such as fraudulent payments; malware is not required.,Plain-English reteaching plus at least three varied retests; preserve partial work at endpoint.,Codex original educational item,author review; independent SME review pending,2026-09-18,2026-09-18
CEH26-M10-Q001,1.0.0,prepared_original,M10,scenario and mechanism interpretation,Interprets availability mechanisms within the original scenario.,Learner choice and categorical confidence; record assistance and actual time; separate original/retest results.,mcq,UUU M10; CEH v5 domain 4,not assigned,uuu_course_aligned_v1,false,C,Volumetric attacks attempt to saturate bandwidth or packet-processing capacity with excessive traffic.,Plain-English reteaching plus at least three varied retests; preserve partial work at endpoint.,Codex original educational item,author review; independent SME review pending,2026-09-18,2026-09-18
CEH26-M10-Q002,1.0.0,prepared_original,M10,scenario and mechanism interpretation,Interprets reflection and amplification within the original scenario.,Learner choice and categorical confidence; record assistance and actual time; separate original/retest results.,mcq,UUU M10; CEH v5 domain 4,not assigned,uuu_course_aligned_v1,false,D,"Reflection sends replies from third-party services toward a victim, often by using a spoofed source address in requests.",Plain-English reteaching plus at least three varied retests; preserve partial work at endpoint.,Codex original educational item,author review; independent SME review pending,2026-09-18,2026-09-18
CEH26-M10-Q003,1.0.0,prepared_original,M10,scenario and mechanism interpretation,Interprets syn-flood defenses within the original scenario.,Learner choice and categorical confidence; record assistance and actual time; separate original/retest results.,mcq,UUU M10; CEH v5 domain 4,not assigned,uuu_course_aligned_v1,false,B,SYN cookies encode enough handshake state in a response so selected state need not be allocated until a valid acknowledgement arrives.,Plain-English reteaching plus at least three varied retests; preserve partial work at endpoint.,Codex original educational item,author review; independent SME review pending,2026-09-18,2026-09-18
CEH26-M10-Q004,1.0.0,prepared_original,M10,scenario and mechanism interpretation,Interprets application resilience within the original scenario.,Learner choice and categorical confidence; record assistance and actual time; separate original/retest results.,mcq,UUU M10; CEH v5 domain 4,not assigned,uuu_course_aligned_v1,false,A,"Bound request complexity, body size or execution time so one request cannot consume unbounded work.",Plain-English reteaching plus at least three varied retests; preserve partial work at endpoint.,Codex original educational item,author review; independent SME review pending,2026-09-18,2026-09-18
CEH26-M10-Q005,1.0.0,prepared_original,M10,scenario and mechanism interpretation,Interprets interpreting outages within the original scenario.,Learner choice and categorical confidence; record assistance and actual time; separate original/retest results.,mcq,UUU M10; CEH v5 domain 4,not assigned,uuu_course_aligned_v1,false,B,Compare current traffic and resource behavior with a relevant normal baseline before classifying an anomaly.,Plain-English reteaching plus at least three varied retests; preserve partial work at endpoint.,Codex original educational item,author review; independent SME review pending,2026-09-18,2026-09-18
CEH26-M10-Q006,1.0.0,prepared_original,M10,scenario and mechanism interpretation,Interprets safe testing and recovery within the original scenario.,Learner choice and categorical confidence; record assistance and actual time; separate original/retest results.,mcq,UUU M10; CEH v5 domain 4,not assigned,uuu_course_aligned_v1,true,D,"Use an approved environment, rate, duration and stop condition to test capacity without uncontrolled disruption.",Plain-English reteaching plus at least three varied retests; preserve partial work at endpoint.,Codex original educational item,author review; independent SME review pending,2026-09-18,2026-09-18
CEH26-M10-Q007,1.0.0,prepared_original,M10,scenario and mechanism interpretation,Interprets availability mechanisms within the original scenario.,Learner choice and categorical confidence; record assistance and actual time; separate original/retest results.,mcq,UUU M10; CEH v5 domain 4,not assigned,uuu_course_aligned_v1,false,D,"State-exhaustion attacks consume connection or protocol tracking resources, even without maximal bandwidth.",Plain-English reteaching plus at least three varied retests; preserve partial work at endpoint.,Codex original educational item,author review; independent SME review pending,2026-09-18,2026-09-18
CEH26-M10-Q008,1.0.0,prepared_original,M10,scenario and mechanism interpretation,Interprets reflection and amplification within the original scenario.,Learner choice and categorical confidence; record assistance and actual time; separate original/retest results.,mcq,UUU M10; CEH v5 domain 4,not assigned,uuu_course_aligned_v1,false,A,Amplification produces responses substantially larger than the triggering requests.,Plain-English reteaching plus at least three varied retests; preserve partial work at endpoint.,Codex original educational item,author review; independent SME review pending,2026-09-18,2026-09-18
CEH26-M10-Q009,1.0.0,prepared_original,M10,scenario and mechanism interpretation,Interprets syn-flood defenses within the original scenario.,Learner choice and categorical confidence; record assistance and actual time; separate original/retest results.,mcq,UUU M10; CEH v5 domain 4,not assigned,uuu_course_aligned_v1,false,A,Rate controls constrain new connection creation according to an operational policy.,Plain-English reteaching plus at least three varied retests; preserve partial work at endpoint.,Codex original educational item,author review; independent SME review pending,2026-09-18,2026-09-18
CEH26-M10-Q010,1.0.0,prepared_original,M10,scenario and mechanism interpretation,Interprets application resilience within the original scenario.,Learner choice and categorical confidence; record assistance and actual time; separate original/retest results.,mcq,UUU M10; CEH v5 domain 4,not assigned,uuu_course_aligned_v1,false,C,Quotas allocate a bounded share of resources to a user or tenant; identity design affects how easily limits can be bypassed.,Plain-English reteaching plus at least three varied retests; preserve partial work at endpoint.,Codex original educational item,author review; independent SME review pending,2026-09-18,2026-09-18
CEH26-M10-Q011,1.0.0,prepared_original,M10,scenario and mechanism interpretation,Interprets interpreting outages within the original scenario.,Learner choice and categorical confidence; record assistance and actual time; separate original/retest results.,mcq,UUU M10; CEH v5 domain 4,not assigned,uuu_course_aligned_v1,false,D,An upstream or shared dependency can cause outage symptoms even when the application is not being attacked.,Plain-English reteaching plus at least three varied retests; preserve partial work at endpoint.,Codex original educational item,author review; independent SME review pending,2026-09-18,2026-09-18
CEH26-M10-Q012,1.0.0,prepared_original,M10,scenario and mechanism interpretation,Interprets safe testing and recovery within the original scenario.,Learner choice and categorical confidence; record assistance and actual time; separate original/retest results.,mcq,UUU M10; CEH v5 domain 4,not assigned,uuu_course_aligned_v1,true,B,A rollback plan restores the prior configuration if a mitigation damages legitimate service.,Plain-English reteaching plus at least three varied retests; preserve partial work at endpoint.,Codex original educational item,author review; independent SME review pending,2026-09-18,2026-09-18
CEH26-M10-Q013,1.0.0,prepared_original,M10,scenario and mechanism interpretation,Interprets availability mechanisms within the original scenario.,Learner choice and categorical confidence; record assistance and actual time; separate original/retest results.,mcq,UUU M10; CEH v5 domain 4,not assigned,uuu_course_aligned_v1,false,A,Application-layer exhaustion makes the service spend disproportionate resources on requests or sessions.,Plain-English reteaching plus at least three varied retests; preserve partial work at endpoint.,Codex original educational item,author review; independent SME review pending,2026-09-18,2026-09-18
CEH26-M10-Q014,1.0.0,prepared_original,M10,scenario and mechanism interpretation,Interprets reflection and amplification within the original scenario.,Learner choice and categorical confidence; record assistance and actual time; separate original/retest results.,mcq,UUU M10; CEH v5 domain 4,not assigned,uuu_course_aligned_v1,false,A,Ingress or egress validation reduces spoofed source traffic when applied appropriately in the network.,Plain-English reteaching plus at least three varied retests; preserve partial work at endpoint.,Codex original educational item,author review; independent SME review pending,2026-09-18,2026-09-18
CEH26-M10-Q015,1.0.0,prepared_original,M10,scenario and mechanism interpretation,Interprets syn-flood defenses within the original scenario.,Learner choice and categorical confidence; record assistance and actual time; separate original/retest results.,mcq,UUU M10; CEH v5 domain 4,not assigned,uuu_course_aligned_v1,false,C,Upstream filtering removes unwanted traffic before it consumes a constrained downstream link or service path.,Plain-English reteaching plus at least three varied retests; preserve partial work at endpoint.,Codex original educational item,author review; independent SME review pending,2026-09-18,2026-09-18
CEH26-M10-Q016,1.0.0,prepared_original,M10,scenario and mechanism interpretation,Interprets application resilience within the original scenario.,Learner choice and categorical confidence; record assistance and actual time; separate original/retest results.,mcq,UUU M10; CEH v5 domain 4,not assigned,uuu_course_aligned_v1,false,B,"Caching reuses suitable prior results to reduce repeated computation, while correctness and invalidation remain important.",Plain-English reteaching plus at least three varied retests; preserve partial work at endpoint.,Codex original educational item,author review; independent SME review pending,2026-09-18,2026-09-18
CEH26-M10-Q017,1.0.0,prepared_original,M10,scenario and mechanism interpretation,Interprets interpreting outages within the original scenario.,Learner choice and categorical confidence; record assistance and actual time; separate original/retest results.,mcq,UUU M10; CEH v5 domain 4,not assigned,uuu_course_aligned_v1,false,C,A large increase in genuine user demand can resemble an attack in volume while requiring different decisions.,Plain-English reteaching plus at least three varied retests; preserve partial work at endpoint.,Codex original educational item,author review; independent SME review pending,2026-09-18,2026-09-18
CEH26-M10-Q018,1.0.0,prepared_original,M10,scenario and mechanism interpretation,Interprets safe testing and recovery within the original scenario.,Learner choice and categorical confidence; record assistance and actual time; separate original/retest results.,mcq,UUU M10; CEH v5 domain 4,not assigned,uuu_course_aligned_v1,true,A,Check legitimate user success and resource stability after mitigation rather than relying only on reduced attack traffic.,Plain-English reteaching plus at least three varied retests; preserve partial work at endpoint.,Codex original educational item,author review; independent SME review pending,2026-09-18,2026-09-18
CEH26-M10-Q019,1.0.0,prepared_original,M10,scenario and mechanism interpretation,Interprets availability mechanisms within the original scenario.,Learner choice and categorical confidence; record assistance and actual time; separate original/retest results.,mcq,UUU M10; CEH v5 domain 4,not assigned,uuu_course_aligned_v1,false,B,A DDoS uses many sources to disrupt availability; distribution describes sources rather than a single exhaustion mechanism.,Plain-English reteaching plus at least three varied retests; preserve partial work at endpoint.,Codex original educational item,author review; independent SME review pending,2026-09-18,2026-09-18
CEH26-M10-Q020,1.0.0,prepared_original,M10,scenario and mechanism interpretation,Interprets reflection and amplification within the original scenario.,Learner choice and categorical confidence; record assistance and actual time; separate original/retest results.,mcq,UUU M10; CEH v5 domain 4,not assigned,uuu_course_aligned_v1,false,D,"Response rate limiting constrains repeated or excessive replies, reducing some abusive response patterns.",Plain-English reteaching plus at least three varied retests; preserve partial work at endpoint.,Codex original educational item,author review; independent SME review pending,2026-09-18,2026-09-18
CEH26-M10-Q021,1.0.0,prepared_original,M10,scenario and mechanism interpretation,Interprets syn-flood defenses within the original scenario.,Learner choice and categorical confidence; record assistance and actual time; separate original/retest results.,mcq,UUU M10; CEH v5 domain 4,not assigned,uuu_course_aligned_v1,false,B,Monitoring tracks resource use and failure symptoms so the bottleneck and mitigation effects can be identified.,Plain-English reteaching plus at least three varied retests; preserve partial work at endpoint.,Codex original educational item,author review; independent SME review pending,2026-09-18,2026-09-18
CEH26-M10-Q022,1.0.0,prepared_original,M10,scenario and mechanism interpretation,Interprets application resilience within the original scenario.,Learner choice and categorical confidence; record assistance and actual time; separate original/retest results.,mcq,UUU M10; CEH v5 domain 4,not assigned,uuu_course_aligned_v1,false,C,Backpressure limits accepted work or signals overload so downstream queues do not grow without bound.,Plain-English reteaching plus at least three varied retests; preserve partial work at endpoint.,Codex original educational item,author review; independent SME review pending,2026-09-18,2026-09-18
CEH26-M10-Q023,1.0.0,prepared_original,M10,scenario and mechanism interpretation,Interprets interpreting outages within the original scenario.,Learner choice and categorical confidence; record assistance and actual time; separate original/retest results.,mcq,UUU M10; CEH v5 domain 4,not assigned,uuu_course_aligned_v1,false,D,"Use multiple indicators such as traffic patterns, request semantics and resource effects to support an attack conclusion.",Plain-English reteaching plus at least three varied retests; preserve partial work at endpoint.,Codex original educational item,author review; independent SME review pending,2026-09-18,2026-09-18
CEH26-M10-Q024,1.0.0,prepared_original,M10,scenario and mechanism interpretation,Interprets safe testing and recovery within the original scenario.,Learner choice and categorical confidence; record assistance and actual time; separate original/retest results.,mcq,UUU M10; CEH v5 domain 4,not assigned,uuu_course_aligned_v1,true,B,"Coordinate service owners, network operators and responders because availability incidents can span multiple control points.",Plain-English reteaching plus at least three varied retests; preserve partial work at endpoint.,Codex original educational item,author review; independent SME review pending,2026-09-18,2026-09-18
CEH26-M10-Q025,1.0.0,prepared_original,M10,scenario and mechanism interpretation,Interprets availability mechanisms within the original scenario.,Learner choice and categorical confidence; record assistance and actual time; separate original/retest results.,mcq,UUU M10; CEH v5 domain 4,not assigned,uuu_course_aligned_v1,false,C,Application-layer exhaustion makes the service spend disproportionate resources on requests or sessions.,Plain-English reteaching plus at least three varied retests; preserve partial work at endpoint.,Codex original educational item,author review; independent SME review pending,2026-09-18,2026-09-18
CEH26-M10-Q026,1.0.0,prepared_original,M10,scenario and mechanism interpretation,Interprets reflection and amplification within the original scenario.,Learner choice and categorical confidence; record assistance and actual time; separate original/retest results.,mcq,UUU M10; CEH v5 domain 4,not assigned,uuu_course_aligned_v1,false,B,Amplification produces responses substantially larger than the triggering requests.,Plain-English reteaching plus at least three varied retests; preserve partial work at endpoint.,Codex original educational item,author review; independent SME review pending,2026-09-18,2026-09-18
CEH26-M10-Q027,1.0.0,prepared_original,M10,scenario and mechanism interpretation,Interprets syn-flood defenses within the original scenario.,Learner choice and categorical confidence; record assistance and actual time; separate original/retest results.,mcq,UUU M10; CEH v5 domain 4,not assigned,uuu_course_aligned_v1,false,A,SYN cookies encode enough handshake state in a response so selected state need not be allocated until a valid acknowledgement arrives.,Plain-English reteaching plus at least three varied retests; preserve partial work at endpoint.,Codex original educational item,author review; independent SME review pending,2026-09-18,2026-09-18
CEH26-M10-Q028,1.0.0,prepared_original,M10,scenario and mechanism interpretation,Interprets application resilience within the original scenario.,Learner choice and categorical confidence; record assistance and actual time; separate original/retest results.,mcq,UUU M10; CEH v5 domain 4,not assigned,uuu_course_aligned_v1,false,A,"Bound request complexity, body size or execution time so one request cannot consume unbounded work.",Plain-English reteaching plus at least three varied retests; preserve partial work at endpoint.,Codex original educational item,author review; independent SME review pending,2026-09-18,2026-09-18
CEH26-M10-Q029,1.0.0,prepared_original,M10,scenario and mechanism interpretation,Interprets interpreting outages within the original scenario.,Learner choice and categorical confidence; record assistance and actual time; separate original/retest results.,mcq,UUU M10; CEH v5 domain 4,not assigned,uuu_course_aligned_v1,false,D,An upstream or shared dependency can cause outage symptoms even when the application is not being attacked.,Plain-English reteaching plus at least three varied retests; preserve partial work at endpoint.,Codex original educational item,author review; independent SME review pending,2026-09-18,2026-09-18
CEH26-M10-Q030,1.0.0,prepared_original,M10,scenario and mechanism interpretation,Interprets safe testing and recovery within the original scenario.,Learner choice and categorical confidence; record assistance and actual time; separate original/retest results.,mcq,UUU M10; CEH v5 domain 4,not assigned,uuu_course_aligned_v1,true,C,"Use an approved environment, rate, duration and stop condition to test capacity without uncontrolled disruption.",Plain-English reteaching plus at least three varied retests; preserve partial work at endpoint.,Codex original educational item,author review; independent SME review pending,2026-09-18,2026-09-18
CEH26-M11-Q001,1.0.0,prepared_original,M11,scenario and mechanism interpretation,Interprets session weaknesses within the original scenario.,Learner choice and categorical confidence; record assistance and actual time; separate original/retest results.,mcq,UUU M11; CEH v5 domain 4,not assigned,uuu_course_aligned_v1,false,B,Session fixation reuses an identifier known before login when the application fails to rotate it after authentication.,Plain-English reteaching plus at least three varied retests; preserve partial work at endpoint.,Codex original educational item,author review; independent SME review pending,2026-09-18,2026-09-18
CEH26-M11-Q002,1.0.0,prepared_original,M11,scenario and mechanism interpretation,Interprets cookie attributes within the original scenario.,Learner choice and categorical confidence; record assistance and actual time; separate original/retest results.,mcq,UUU M11; CEH v5 domain 4,not assigned,uuu_course_aligned_v1,false,B,The Secure attribute restricts cookie transmission to secure transport contexts; it does not prevent script access by itself.,Plain-English reteaching plus at least three varied retests; preserve partial work at endpoint.,Codex original educational item,author review; independent SME review pending,2026-09-18,2026-09-18
CEH26-M11-Q003,1.0.0,prepared_original,M11,scenario and mechanism interpretation,Interprets session lifecycle defenses within the original scenario.,Learner choice and categorical confidence; record assistance and actual time; separate original/retest results.,mcq,UUU M11; CEH v5 domain 4,not assigned,uuu_course_aligned_v1,false,C,Issue a fresh session identifier after authentication or privilege elevation and invalidate the previous relevant state.,Plain-English reteaching plus at least three varied retests; preserve partial work at endpoint.,Codex original educational item,author review; independent SME review pending,2026-09-18,2026-09-18
CEH26-M11-Q004,1.0.0,prepared_original,M11,scenario and mechanism interpretation,Interprets csrf and session scope within the original scenario.,Learner choice and categorical confidence; record assistance and actual time; separate original/retest results.,mcq,UUU M11; CEH v5 domain 4,not assigned,uuu_course_aligned_v1,true,D,CSRF induces a victim's browser to send an unwanted authenticated request using ambient credentials.,Plain-English reteaching plus at least three varied retests; preserve partial work at endpoint.,Codex original educational item,author review; independent SME review pending,2026-09-18,2026-09-18
CEH26-M11-Q005,1.0.0,prepared_original,M11,scenario and mechanism interpretation,Interprets transport-session concepts within the original scenario.,Learner choice and categorical confidence; record assistance and actual time; separate original/retest results.,mcq,UUU M11; CEH v5 domain 4,not assigned,uuu_course_aligned_v1,false,B,TCP sequence numbers help a receiver place data within an expected stream; acceptable sequence state matters to forged segments.,Plain-English reteaching plus at least three varied retests; preserve partial work at endpoint.,Codex original educational item,author review; independent SME review pending,2026-09-18,2026-09-18
CEH26-M11-Q006,1.0.0,prepared_original,M11,scenario and mechanism interpretation,Interprets token design within the original scenario.,Learner choice and categorical confidence; record assistance and actual time; separate original/retest results.,mcq,UUU M11; CEH v5 domain 4,not assigned,uuu_course_aligned_v1,false,A,A session identifier should be generated with enough unpredictable randomness to resist guessing.,Plain-English reteaching plus at least three varied retests; preserve partial work at endpoint.,Codex original educational item,author review; independent SME review pending,2026-09-18,2026-09-18
CEH26-M11-Q007,1.0.0,prepared_original,M11,scenario and mechanism interpretation,Interprets session weaknesses within the original scenario.,Learner choice and categorical confidence; record assistance and actual time; separate original/retest results.,mcq,UUU M11; CEH v5 domain 4,not assigned,uuu_course_aligned_v1,false,D,Token theft obtains an existing valid session credential and may allow impersonation without knowing the password.,Plain-English reteaching plus at least three varied retests; preserve partial work at endpoint.,Codex original educational item,author review; independent SME review pending,2026-09-18,2026-09-18
CEH26-M11-Q008,1.0.0,prepared_original,M11,scenario and mechanism interpretation,Interprets cookie attributes within the original scenario.,Learner choice and categorical confidence; record assistance and actual time; separate original/retest results.,mcq,UUU M11; CEH v5 domain 4,not assigned,uuu_course_aligned_v1,false,C,"HttpOnly prevents ordinary client-side script access to the cookie, but does not stop all actions performed by injected script.",Plain-English reteaching plus at least three varied retests; preserve partial work at endpoint.,Codex original educational item,author review; independent SME review pending,2026-09-18,2026-09-18
CEH26-M11-Q009,1.0.0,prepared_original,M11,scenario and mechanism interpretation,Interprets session lifecycle defenses within the original scenario.,Learner choice and categorical confidence; record assistance and actual time; separate original/retest results.,mcq,UUU M11; CEH v5 domain 4,not assigned,uuu_course_aligned_v1,false,D,"Logout should revoke server-side session usability, not merely remove a page or local UI state.",Plain-English reteaching plus at least three varied retests; preserve partial work at endpoint.,Codex original educational item,author review; independent SME review pending,2026-09-18,2026-09-18
CEH26-M11-Q010,1.0.0,prepared_original,M11,scenario and mechanism interpretation,Interprets csrf and session scope within the original scenario.,Learner choice and categorical confidence; record assistance and actual time; separate original/retest results.,mcq,UUU M11; CEH v5 domain 4,not assigned,uuu_course_aligned_v1,true,A,An unpredictable request token tied to the expected context helps distinguish legitimate submissions from cross-site forgeries.,Plain-English reteaching plus at least three varied retests; preserve partial work at endpoint.,Codex original educational item,author review; independent SME review pending,2026-09-18,2026-09-18
CEH26-M11-Q011,1.0.0,prepared_original,M11,scenario and mechanism interpretation,Interprets transport-session concepts within the original scenario.,Learner choice and categorical confidence; record assistance and actual time; separate original/retest results.,mcq,UUU M11; CEH v5 domain 4,not assigned,uuu_course_aligned_v1,false,A,An on-path position can observe or influence traffic between peers; encryption and authentication constrain useful tampering.,Plain-English reteaching plus at least three varied retests; preserve partial work at endpoint.,Codex original educational item,author review; independent SME review pending,2026-09-18,2026-09-18
CEH26-M11-Q012,1.0.0,prepared_original,M11,scenario and mechanism interpretation,Interprets token design within the original scenario.,Learner choice and categorical confidence; record assistance and actual time; separate original/retest results.,mcq,UUU M11; CEH v5 domain 4,not assigned,uuu_course_aligned_v1,false,A,Verify a token's signature and intended algorithm with trusted keys before accepting its claims.,Plain-English reteaching plus at least three varied retests; preserve partial work at endpoint.,Codex original educational item,author review; independent SME review pending,2026-09-18,2026-09-18
CEH26-M11-Q013,1.0.0,prepared_original,M11,scenario and mechanism interpretation,Interprets session weaknesses within the original scenario.,Learner choice and categorical confidence; record assistance and actual time; separate original/retest results.,mcq,UUU M11; CEH v5 domain 4,not assigned,uuu_course_aligned_v1,false,B,Prediction exploits insufficient randomness or structure that makes valid session identifiers guessable.,Plain-English reteaching plus at least three varied retests; preserve partial work at endpoint.,Codex original educational item,author review; independent SME review pending,2026-09-18,2026-09-18
CEH26-M11-Q014,1.0.0,prepared_original,M11,scenario and mechanism interpretation,Interprets cookie attributes within the original scenario.,Learner choice and categorical confidence; record assistance and actual time; separate original/retest results.,mcq,UUU M11; CEH v5 domain 4,not assigned,uuu_course_aligned_v1,false,D,"SameSite restricts cookie inclusion in specified cross-site request contexts, depending on its configured value and browser behavior.",Plain-English reteaching plus at least three varied retests; preserve partial work at endpoint.,Codex original educational item,author review; independent SME review pending,2026-09-18,2026-09-18
CEH26-M11-Q015,1.0.0,prepared_original,M11,scenario and mechanism interpretation,Interprets session lifecycle defenses within the original scenario.,Learner choice and categorical confidence; record assistance and actual time; separate original/retest results.,mcq,UUU M11; CEH v5 domain 4,not assigned,uuu_course_aligned_v1,false,A,Idle timeout limits inactivity while absolute timeout bounds total session lifetime regardless of activity.,Plain-English reteaching plus at least three varied retests; preserve partial work at endpoint.,Codex original educational item,author review; independent SME review pending,2026-09-18,2026-09-18
CEH26-M11-Q016,1.0.0,prepared_original,M11,scenario and mechanism interpretation,Interprets csrf and session scope within the original scenario.,Learner choice and categorical confidence; record assistance and actual time; separate original/retest results.,mcq,UUU M11; CEH v5 domain 4,not assigned,uuu_course_aligned_v1,true,D,Checking the request's origin information can support CSRF defenses when implemented with appropriate trust and fallback rules.,Plain-English reteaching plus at least three varied retests; preserve partial work at endpoint.,Codex original educational item,author review; independent SME review pending,2026-09-18,2026-09-18
CEH26-M11-Q017,1.0.0,prepared_original,M11,scenario and mechanism interpretation,Interprets transport-session concepts within the original scenario.,Learner choice and categorical confidence; record assistance and actual time; separate original/retest results.,mcq,UUU M11; CEH v5 domain 4,not assigned,uuu_course_aligned_v1,false,B,Correct peer authentication helps prevent an intermediary from impersonating the intended TLS endpoint.,Plain-English reteaching plus at least three varied retests; preserve partial work at endpoint.,Codex original educational item,author review; independent SME review pending,2026-09-18,2026-09-18
CEH26-M11-Q018,1.0.0,prepared_original,M11,scenario and mechanism interpretation,Interprets token design within the original scenario.,Learner choice and categorical confidence; record assistance and actual time; separate original/retest results.,mcq,UUU M11; CEH v5 domain 4,not assigned,uuu_course_aligned_v1,false,C,"Validate context such as issuer, audience and expiry; a valid signature alone does not make every token suitable for every service.",Plain-English reteaching plus at least three varied retests; preserve partial work at endpoint.,Codex original educational item,author review; independent SME review pending,2026-09-18,2026-09-18
CEH26-M11-Q019,1.0.0,prepared_original,M11,scenario and mechanism interpretation,Interprets session weaknesses within the original scenario.,Learner choice and categorical confidence; record assistance and actual time; separate original/retest results.,mcq,UUU M11; CEH v5 domain 4,not assigned,uuu_course_aligned_v1,false,D,Replay presents previously obtained valid session material again; freshness and invalidation controls affect whether it succeeds.,Plain-English reteaching plus at least three varied retests; preserve partial work at endpoint.,Codex original educational item,author review; independent SME review pending,2026-09-18,2026-09-18
CEH26-M11-Q020,1.0.0,prepared_original,M11,scenario and mechanism interpretation,Interprets cookie attributes within the original scenario.,Learner choice and categorical confidence; record assistance and actual time; separate original/retest results.,mcq,UUU M11; CEH v5 domain 4,not assigned,uuu_course_aligned_v1,false,C,Path and Domain influence where a cookie is sent; they should not be treated as a complete authorization boundary.,Plain-English reteaching plus at least three varied retests; preserve partial work at endpoint.,Codex original educational item,author review; independent SME review pending,2026-09-18,2026-09-18
CEH26-M11-Q021,1.0.0,prepared_original,M11,scenario and mechanism interpretation,Interprets session lifecycle defenses within the original scenario.,Learner choice and categorical confidence; record assistance and actual time; separate original/retest results.,mcq,UUU M11; CEH v5 domain 4,not assigned,uuu_course_aligned_v1,false,D,Require fresh verification for sensitive operations when session possession alone is insufficient assurance.,Plain-English reteaching plus at least three varied retests; preserve partial work at endpoint.,Codex original educational item,author review; independent SME review pending,2026-09-18,2026-09-18
CEH26-M11-Q022,1.0.0,prepared_original,M11,scenario and mechanism interpretation,Interprets csrf and session scope within the original scenario.,Learner choice and categorical confidence; record assistance and actual time; separate original/retest results.,mcq,UUU M11; CEH v5 domain 4,not assigned,uuu_course_aligned_v1,true,B,Every protected operation still needs a server-side decision that the current subject may perform that specific action.,Plain-English reteaching plus at least three varied retests; preserve partial work at endpoint.,Codex original educational item,author review; independent SME review pending,2026-09-18,2026-09-18
CEH26-M11-Q023,1.0.0,prepared_original,M11,scenario and mechanism interpretation,Interprets transport-session concepts within the original scenario.,Learner choice and categorical confidence; record assistance and actual time; separate original/retest results.,mcq,UUU M11; CEH v5 domain 4,not assigned,uuu_course_aligned_v1,false,A,"An application session has its own credentials and lifecycle, distinct from the lifetime of a single transport connection.",Plain-English reteaching plus at least three varied retests; preserve partial work at endpoint.,Codex original educational item,author review; independent SME review pending,2026-09-18,2026-09-18
CEH26-M11-Q024,1.0.0,prepared_original,M11,scenario and mechanism interpretation,Interprets token design within the original scenario.,Learner choice and categorical confidence; record assistance and actual time; separate original/retest results.,mcq,UUU M11; CEH v5 domain 4,not assigned,uuu_course_aligned_v1,false,D,"Plan how compromised or logged-out credentials stop working, including the constraints of self-contained tokens.",Plain-English reteaching plus at least three varied retests; preserve partial work at endpoint.,Codex original educational item,author review; independent SME review pending,2026-09-18,2026-09-18
CEH26-M11-Q025,1.0.0,prepared_original,M11,scenario and mechanism interpretation,Interprets session weaknesses within the original scenario.,Learner choice and categorical confidence; record assistance and actual time; separate original/retest results.,mcq,UUU M11; CEH v5 domain 4,not assigned,uuu_course_aligned_v1,false,A,Session fixation reuses an identifier known before login when the application fails to rotate it after authentication.,Plain-English reteaching plus at least three varied retests; preserve partial work at endpoint.,Codex original educational item,author review; independent SME review pending,2026-09-18,2026-09-18
CEH26-M11-Q026,1.0.0,prepared_original,M11,scenario and mechanism interpretation,Interprets cookie attributes within the original scenario.,Learner choice and categorical confidence; record assistance and actual time; separate original/retest results.,mcq,UUU M11; CEH v5 domain 4,not assigned,uuu_course_aligned_v1,false,C,"HttpOnly prevents ordinary client-side script access to the cookie, but does not stop all actions performed by injected script.",Plain-English reteaching plus at least three varied retests; preserve partial work at endpoint.,Codex original educational item,author review; independent SME review pending,2026-09-18,2026-09-18
CEH26-M11-Q027,1.0.0,prepared_original,M11,scenario and mechanism interpretation,Interprets session lifecycle defenses within the original scenario.,Learner choice and categorical confidence; record assistance and actual time; separate original/retest results.,mcq,UUU M11; CEH v5 domain 4,not assigned,uuu_course_aligned_v1,false,B,Idle timeout limits inactivity while absolute timeout bounds total session lifetime regardless of activity.,Plain-English reteaching plus at least three varied retests; preserve partial work at endpoint.,Codex original educational item,author review; independent SME review pending,2026-09-18,2026-09-18
CEH26-M11-Q028,1.0.0,prepared_original,M11,scenario and mechanism interpretation,Interprets csrf and session scope within the original scenario.,Learner choice and categorical confidence; record assistance and actual time; separate original/retest results.,mcq,UUU M11; CEH v5 domain 4,not assigned,uuu_course_aligned_v1,true,C,An unpredictable request token tied to the expected context helps distinguish legitimate submissions from cross-site forgeries.,Plain-English reteaching plus at least three varied retests; preserve partial work at endpoint.,Codex original educational item,author review; independent SME review pending,2026-09-18,2026-09-18
CEH26-M11-Q029,1.0.0,prepared_original,M11,scenario and mechanism interpretation,Interprets transport-session concepts within the original scenario.,Learner choice and categorical confidence; record assistance and actual time; separate original/retest results.,mcq,UUU M11; CEH v5 domain 4,not assigned,uuu_course_aligned_v1,false,A,TCP sequence numbers help a receiver place data within an expected stream; acceptable sequence state matters to forged segments.,Plain-English reteaching plus at least three varied retests; preserve partial work at endpoint.,Codex original educational item,author review; independent SME review pending,2026-09-18,2026-09-18
CEH26-M11-Q030,1.0.0,prepared_original,M11,scenario and mechanism interpretation,Interprets token design within the original scenario.,Learner choice and categorical confidence; record assistance and actual time; separate original/retest results.,mcq,UUU M11; CEH v5 domain 4,not assigned,uuu_course_aligned_v1,false,C,"Validate context such as issuer, audience and expiry; a valid signature alone does not make every token suitable for every service.",Plain-English reteaching plus at least three varied retests; preserve partial work at endpoint.,Codex original educational item,author review; independent SME review pending,2026-09-18,2026-09-18
CEH26-M12-Q001,1.0.0,prepared_original,M12,scenario and mechanism interpretation,Interprets security device roles within the original scenario.,Learner choice and categorical confidence; record assistance and actual time; separate original/retest results.,mcq,UUU M12; CEH v5 domain 4,not assigned,uuu_course_aligned_v1,false,C,An intrusion detection system observes activity and generates detections; a passive deployment does not directly block traffic.,Plain-English reteaching plus at least three varied retests; preserve partial work at endpoint.,Codex original educational item,author review; independent SME review pending,2026-09-18,2026-09-18
CEH26-M12-Q002,1.0.0,prepared_original,M12,scenario and mechanism interpretation,Interprets inspection challenges within the original scenario.,Learner choice and categorical confidence; record assistance and actual time; separate original/retest results.,mcq,UUU M12; CEH v5 domain 4,not assigned,uuu_course_aligned_v1,false,D,An observer without decryption access may see metadata but cannot inspect protected application payloads directly.,Plain-English reteaching plus at least three varied retests; preserve partial work at endpoint.,Codex original educational item,author review; independent SME review pending,2026-09-18,2026-09-18
CEH26-M12-Q003,1.0.0,prepared_original,M12,scenario and mechanism interpretation,Interprets detection tuning within the original scenario.,Learner choice and categorical confidence; record assistance and actual time; separate original/retest results.,mcq,UUU M12; CEH v5 domain 4,not assigned,uuu_course_aligned_v1,false,B,Reduce incorrect alerts using validated context and careful rule tuning rather than suppressing all visibility.,Plain-English reteaching plus at least three varied retests; preserve partial work at endpoint.,Codex original educational item,author review; independent SME review pending,2026-09-18,2026-09-18
CEH26-M12-Q004,1.0.0,prepared_original,M12,scenario and mechanism interpretation,Interprets firewall policy within the original scenario.,Learner choice and categorical confidence; record assistance and actual time; separate original/retest results.,mcq,UUU M12; CEH v5 domain 4,not assigned,uuu_course_aligned_v1,false,A,Default deny rejects traffic unless an explicit policy permits it.,Plain-English reteaching plus at least three varied retests; preserve partial work at endpoint.,Codex original educational item,author review; independent SME review pending,2026-09-18,2026-09-18
CEH26-M12-Q005,1.0.0,prepared_original,M12,scenario and mechanism interpretation,Interprets decoy limitations within the original scenario.,Learner choice and categorical confidence; record assistance and actual time; separate original/retest results.,mcq,UUU M12; CEH v5 domain 4,not assigned,uuu_course_aligned_v1,false,B,Interaction with a decoy is an observation that needs context; it is not automatic proof of a particular actor or full compromise.,Plain-English reteaching plus at least three varied retests; preserve partial work at endpoint.,Codex original educational item,author review; independent SME review pending,2026-09-18,2026-09-18
CEH26-M12-Q006,1.0.0,prepared_original,M12,scenario and mechanism interpretation,Interprets safe validation within the original scenario.,Learner choice and categorical confidence; record assistance and actual time; separate original/retest results.,mcq,UUU M12; CEH v5 domain 4,not assigned,uuu_course_aligned_v1,false,D,Use approved recorded or synthetic data to check a detection without creating harmful live traffic.,Plain-English reteaching plus at least three varied retests; preserve partial work at endpoint.,Codex original educational item,author review; independent SME review pending,2026-09-18,2026-09-18
CEH26-M12-Q007,1.0.0,prepared_original,M12,scenario and mechanism interpretation,Interprets security device roles within the original scenario.,Learner choice and categorical confidence; record assistance and actual time; separate original/retest results.,mcq,UUU M12; CEH v5 domain 4,not assigned,uuu_course_aligned_v1,false,C,An intrusion prevention system can inspect and block traffic in its enforcement path.,Plain-English reteaching plus at least three varied retests; preserve partial work at endpoint.,Codex original educational item,author review; independent SME review pending,2026-09-18,2026-09-18
CEH26-M12-Q008,1.0.0,prepared_original,M12,scenario and mechanism interpretation,Interprets inspection challenges within the original scenario.,Learner choice and categorical confidence; record assistance and actual time; separate original/retest results.,mcq,UUU M12; CEH v5 domain 4,not assigned,uuu_course_aligned_v1,false,B,Different interpretations of fragments or streams can create disagreement between an inspection device and the endpoint.,Plain-English reteaching plus at least three varied retests; preserve partial work at endpoint.,Codex original educational item,author review; independent SME review pending,2026-09-18,2026-09-18
CEH26-M12-Q009,1.0.0,prepared_original,M12,scenario and mechanism interpretation,Interprets detection tuning within the original scenario.,Learner choice and categorical confidence; record assistance and actual time; separate original/retest results.,mcq,UUU M12; CEH v5 domain 4,not assigned,uuu_course_aligned_v1,false,A,"Improve coverage for real events that current detections miss, using appropriate telemetry and validation.",Plain-English reteaching plus at least three varied retests; preserve partial work at endpoint.,Codex original educational item,author review; independent SME review pending,2026-09-18,2026-09-18
CEH26-M12-Q010,1.0.0,prepared_original,M12,scenario and mechanism interpretation,Interprets firewall policy within the original scenario.,Learner choice and categorical confidence; record assistance and actual time; separate original/retest results.,mcq,UUU M12; CEH v5 domain 4,not assigned,uuu_course_aligned_v1,false,C,"Rules should permit only the source, destination, service and conditions required for the business purpose.",Plain-English reteaching plus at least three varied retests; preserve partial work at endpoint.,Codex original educational item,author review; independent SME review pending,2026-09-18,2026-09-18
CEH26-M12-Q011,1.0.0,prepared_original,M12,scenario and mechanism interpretation,Interprets decoy limitations within the original scenario.,Learner choice and categorical confidence; record assistance and actual time; separate original/retest results.,mcq,UUU M12; CEH v5 domain 4,not assigned,uuu_course_aligned_v1,false,A,Constrain a decoy so it cannot become an uncontrolled path into production or harm other systems.,Plain-English reteaching plus at least three varied retests; preserve partial work at endpoint.,Codex original educational item,author review; independent SME review pending,2026-09-18,2026-09-18
CEH26-M12-Q012,1.0.0,prepared_original,M12,scenario and mechanism interpretation,Interprets safe validation within the original scenario.,Learner choice and categorical confidence; record assistance and actual time; separate original/retest results.,mcq,UUU M12; CEH v5 domain 4,not assigned,uuu_course_aligned_v1,false,A,A detection test needs a declared expected outcome and an actual observation to establish coverage.,Plain-English reteaching plus at least three varied retests; preserve partial work at endpoint.,Codex original educational item,author review; independent SME review pending,2026-09-18,2026-09-18
CEH26-M12-Q013,1.0.0,prepared_original,M12,scenario and mechanism interpretation,Interprets security device roles within the original scenario.,Learner choice and categorical confidence; record assistance and actual time; separate original/retest results.,mcq,UUU M12; CEH v5 domain 4,not assigned,uuu_course_aligned_v1,false,C,A firewall enforces traffic policy at its supported layers; permitted traffic is not automatically safe application behavior.,Plain-English reteaching plus at least three varied retests; preserve partial work at endpoint.,Codex original educational item,author review; independent SME review pending,2026-09-18,2026-09-18
CEH26-M12-Q014,1.0.0,prepared_original,M12,scenario and mechanism interpretation,Interprets inspection challenges within the original scenario.,Learner choice and categorical confidence; record assistance and actual time; separate original/retest results.,mcq,UUU M12; CEH v5 domain 4,not assigned,uuu_course_aligned_v1,false,B,Security checks need a consistent decoded representation so alternate encodings do not bypass matching while reaching the same application meaning.,Plain-English reteaching plus at least three varied retests; preserve partial work at endpoint.,Codex original educational item,author review; independent SME review pending,2026-09-18,2026-09-18
CEH26-M12-Q015,1.0.0,prepared_original,M12,scenario and mechanism interpretation,Interprets detection tuning within the original scenario.,Learner choice and categorical confidence; record assistance and actual time; separate original/retest results.,mcq,UUU M12; CEH v5 domain 4,not assigned,uuu_course_aligned_v1,false,C,Interpret anomalies relative to relevant normal behavior while recognizing that a baseline can itself include unwanted activity.,Plain-English reteaching plus at least three varied retests; preserve partial work at endpoint.,Codex original educational item,author review; independent SME review pending,2026-09-18,2026-09-18
CEH26-M12-Q016,1.0.0,prepared_original,M12,scenario and mechanism interpretation,Interprets firewall policy within the original scenario.,Learner choice and categorical confidence; record assistance and actual time; separate original/retest results.,mcq,UUU M12; CEH v5 domain 4,not assigned,uuu_course_aligned_v1,false,D,Egress filtering controls outbound connections and can reduce unnecessary external communication paths.,Plain-English reteaching plus at least three varied retests; preserve partial work at endpoint.,Codex original educational item,author review; independent SME review pending,2026-09-18,2026-09-18
CEH26-M12-Q017,1.0.0,prepared_original,M12,scenario and mechanism interpretation,Interprets decoy limitations within the original scenario.,Learner choice and categorical confidence; record assistance and actual time; separate original/retest results.,mcq,UUU M12; CEH v5 domain 4,not assigned,uuu_course_aligned_v1,false,B,A more realistic decoy may collect richer behavior but can require more containment and maintenance.,Plain-English reteaching plus at least three varied retests; preserve partial work at endpoint.,Codex original educational item,author review; independent SME review pending,2026-09-18,2026-09-18
CEH26-M12-Q018,1.0.0,prepared_original,M12,scenario and mechanism interpretation,Interprets safe validation within the original scenario.,Learner choice and categorical confidence; record assistance and actual time; separate original/retest results.,mcq,UUU M12; CEH v5 domain 4,not assigned,uuu_course_aligned_v1,false,C,"Check latency, errors and valid-user success so a blocking rule does not silently damage normal operation.",Plain-English reteaching plus at least three varied retests; preserve partial work at endpoint.,Codex original educational item,author review; independent SME review pending,2026-09-18,2026-09-18
CEH26-M12-Q019,1.0.0,prepared_original,M12,scenario and mechanism interpretation,Interprets security device roles within the original scenario.,Learner choice and categorical confidence; record assistance and actual time; separate original/retest results.,mcq,UUU M12; CEH v5 domain 4,not assigned,uuu_course_aligned_v1,false,D,A honeypot is a deliberately observed decoy resource used to learn about or detect interactions.,Plain-English reteaching plus at least three varied retests; preserve partial work at endpoint.,Codex original educational item,author review; independent SME review pending,2026-09-18,2026-09-18
CEH26-M12-Q020,1.0.0,prepared_original,M12,scenario and mechanism interpretation,Interprets inspection challenges within the original scenario.,Learner choice and categorical confidence; record assistance and actual time; separate original/retest results.,mcq,UUU M12; CEH v5 domain 4,not assigned,uuu_course_aligned_v1,false,D,Parser differences or unexpected protocol use can make different components interpret the same traffic differently.,Plain-English reteaching plus at least three varied retests; preserve partial work at endpoint.,Codex original educational item,author review; independent SME review pending,2026-09-18,2026-09-18
CEH26-M12-Q021,1.0.0,prepared_original,M12,scenario and mechanism interpretation,Interprets detection tuning within the original scenario.,Learner choice and categorical confidence; record assistance and actual time; separate original/retest results.,mcq,UUU M12; CEH v5 domain 4,not assigned,uuu_course_aligned_v1,false,A,Combine complementary signals so one visibility limitation does not determine the whole conclusion.,Plain-English reteaching plus at least three varied retests; preserve partial work at endpoint.,Codex original educational item,author review; independent SME review pending,2026-09-18,2026-09-18
CEH26-M12-Q022,1.0.0,prepared_original,M12,scenario and mechanism interpretation,Interprets firewall policy within the original scenario.,Learner choice and categorical confidence; record assistance and actual time; separate original/retest results.,mcq,UUU M12; CEH v5 domain 4,not assigned,uuu_course_aligned_v1,false,D,"Review ownership and continued need, and expire temporary exceptions to prevent stale access paths.",Plain-English reteaching plus at least three varied retests; preserve partial work at endpoint.,Codex original educational item,author review; independent SME review pending,2026-09-18,2026-09-18
CEH26-M12-Q023,1.0.0,prepared_original,M12,scenario and mechanism interpretation,Interprets decoy limitations within the original scenario.,Learner choice and categorical confidence; record assistance and actual time; separate original/retest results.,mcq,UUU M12; CEH v5 domain 4,not assigned,uuu_course_aligned_v1,false,B,"Unrealistic banners, inconsistent behavior or known artifacts can reveal that a resource is a decoy.",Plain-English reteaching plus at least three varied retests; preserve partial work at endpoint.,Codex original educational item,author review; independent SME review pending,2026-09-18,2026-09-18
CEH26-M12-Q024,1.0.0,prepared_original,M12,scenario and mechanism interpretation,Interprets safe validation within the original scenario.,Learner choice and categorical confidence; record assistance and actual time; separate original/retest results.,mcq,UUU M12; CEH v5 domain 4,not assigned,uuu_course_aligned_v1,false,A,A control change needs an accountable owner and a practical reversal path when its effects are unacceptable.,Plain-English reteaching plus at least three varied retests; preserve partial work at endpoint.,Codex original educational item,author review; independent SME review pending,2026-09-18,2026-09-18
CEH26-M12-Q025,1.0.0,prepared_original,M12,scenario and mechanism interpretation,Interprets security device roles within the original scenario.,Learner choice and categorical confidence; record assistance and actual time; separate original/retest results.,mcq,UUU M12; CEH v5 domain 4,not assigned,uuu_course_aligned_v1,false,C,An intrusion detection system observes activity and generates detections; a passive deployment does not directly block traffic.,Plain-English reteaching plus at least three varied retests; preserve partial work at endpoint.,Codex original educational item,author review; independent SME review pending,2026-09-18,2026-09-18
CEH26-M12-Q026,1.0.0,prepared_original,M12,scenario and mechanism interpretation,Interprets inspection challenges within the original scenario.,Learner choice and categorical confidence; record assistance and actual time; separate original/retest results.,mcq,UUU M12; CEH v5 domain 4,not assigned,uuu_course_aligned_v1,false,D,An observer without decryption access may see metadata but cannot inspect protected application payloads directly.,Plain-English reteaching plus at least three varied retests; preserve partial work at endpoint.,Codex original educational item,author review; independent SME review pending,2026-09-18,2026-09-18
CEH26-M12-Q027,1.0.0,prepared_original,M12,scenario and mechanism interpretation,Interprets detection tuning within the original scenario.,Learner choice and categorical confidence; record assistance and actual time; separate original/retest results.,mcq,UUU M12; CEH v5 domain 4,not assigned,uuu_course_aligned_v1,false,A,Reduce incorrect alerts using validated context and careful rule tuning rather than suppressing all visibility.,Plain-English reteaching plus at least three varied retests; preserve partial work at endpoint.,Codex original educational item,author review; independent SME review pending,2026-09-18,2026-09-18
CEH26-M12-Q028,1.0.0,prepared_original,M12,scenario and mechanism interpretation,Interprets firewall policy within the original scenario.,Learner choice and categorical confidence; record assistance and actual time; separate original/retest results.,mcq,UUU M12; CEH v5 domain 4,not assigned,uuu_course_aligned_v1,false,D,"Rules should permit only the source, destination, service and conditions required for the business purpose.",Plain-English reteaching plus at least three varied retests; preserve partial work at endpoint.,Codex original educational item,author review; independent SME review pending,2026-09-18,2026-09-18
CEH26-M12-Q029,1.0.0,prepared_original,M12,scenario and mechanism interpretation,Interprets decoy limitations within the original scenario.,Learner choice and categorical confidence; record assistance and actual time; separate original/retest results.,mcq,UUU M12; CEH v5 domain 4,not assigned,uuu_course_aligned_v1,false,B,Constrain a decoy so it cannot become an uncontrolled path into production or harm other systems.,Plain-English reteaching plus at least three varied retests; preserve partial work at endpoint.,Codex original educational item,author review; independent SME review pending,2026-09-18,2026-09-18
CEH26-M12-Q030,1.0.0,prepared_original,M12,scenario and mechanism interpretation,Interprets safe validation within the original scenario.,Learner choice and categorical confidence; record assistance and actual time; separate original/retest results.,mcq,UUU M12; CEH v5 domain 4,not assigned,uuu_course_aligned_v1,false,C,A detection test needs a declared expected outcome and an actual observation to establish coverage.,Plain-English reteaching plus at least three varied retests; preserve partial work at endpoint.,Codex original educational item,author review; independent SME review pending,2026-09-18,2026-09-18
CEH26-M13-Q001,1.0.0,prepared_original,M13,scenario and mechanism interpretation,Interprets web-server exposure within the original scenario.,Learner choice and categorical confidence; record assistance and actual time; separate original/retest results.,mcq,UUU M13; CEH v5 domain 5,not assigned,uuu_course_aligned_v1,false,D,Directory listing reveals files when a server generates an index for a directory without a suitable default document or restriction.,Plain-English reteaching plus at least three varied retests; preserve partial work at endpoint.,Codex original educational item,author review; independent SME review pending,2026-09-18,2026-09-18
CEH26-M13-Q002,1.0.0,prepared_original,M13,scenario and mechanism interpretation,Interprets server hardening within the original scenario.,Learner choice and categorical confidence; record assistance and actual time; separate original/retest results.,mcq,UUU M13; CEH v5 domain 5,not assigned,uuu_course_aligned_v1,false,D,"Disable or remove unneeded handlers, modules and sample applications to reduce attack surface.",Plain-English reteaching plus at least three varied retests; preserve partial work at endpoint.,Codex original educational item,author review; independent SME review pending,2026-09-18,2026-09-18
CEH26-M13-Q003,1.0.0,prepared_original,M13,scenario and mechanism interpretation,Interprets http method interpretation within the original scenario.,Learner choice and categorical confidence; record assistance and actual time; separate original/retest results.,mcq,UUU M13; CEH v5 domain 5,not assigned,uuu_course_aligned_v1,false,B,GET requests a representation and is defined with safe semantics; applications should not use it for unintended state-changing operations.,Plain-English reteaching plus at least three varied retests; preserve partial work at endpoint.,Codex original educational item,author review; independent SME review pending,2026-09-18,2026-09-18
CEH26-M13-Q004,1.0.0,prepared_original,M13,scenario and mechanism interpretation,Interprets server response evidence within the original scenario.,Learner choice and categorical confidence; record assistance and actual time; separate original/retest results.,mcq,UUU M13; CEH v5 domain 5,not assigned,uuu_course_aligned_v1,false,B,HTTP 401 indicates that valid authentication credentials are required for the target resource; protocol details include the applicable challenge.,Plain-English reteaching plus at least three varied retests; preserve partial work at endpoint.,Codex original educational item,author review; independent SME review pending,2026-09-18,2026-09-18
CEH26-M13-Q005,1.0.0,prepared_original,M13,scenario and mechanism interpretation,Interprets proxy trust boundaries within the original scenario.,Learner choice and categorical confidence; record assistance and actual time; separate original/retest results.,mcq,UUU M13; CEH v5 domain 5,not assigned,uuu_course_aligned_v1,false,A,"Accept forwarding metadata only from defined trusted proxies, not arbitrary clients that can forge headers.",Plain-English reteaching plus at least three varied retests; preserve partial work at endpoint.,Codex original educational item,author review; independent SME review pending,2026-09-18,2026-09-18
CEH26-M13-Q006,1.0.0,prepared_original,M13,scenario and mechanism interpretation,Interprets web incident evidence within the original scenario.,Learner choice and categorical confidence; record assistance and actual time; separate original/retest results.,mcq,UUU M13; CEH v5 domain 5,not assigned,uuu_course_aligned_v1,false,A,"An access log records request activity as configured, such as path, status, client information and timing.",Plain-English reteaching plus at least three varied retests; preserve partial work at endpoint.,Codex original educational item,author review; independent SME review pending,2026-09-18,2026-09-18
CEH26-M13-Q007,1.0.0,prepared_original,M13,scenario and mechanism interpretation,Interprets web-server exposure within the original scenario.,Learner choice and categorical confidence; record assistance and actual time; separate original/retest results.,mcq,UUU M13; CEH v5 domain 5,not assigned,uuu_course_aligned_v1,false,C,Path traversal uses input to access paths outside the intended directory boundary when path handling is unsafe.,Plain-English reteaching plus at least three varied retests; preserve partial work at endpoint.,Codex original educational item,author review; independent SME review pending,2026-09-18,2026-09-18
CEH26-M13-Q008,1.0.0,prepared_original,M13,scenario and mechanism interpretation,Interprets server hardening within the original scenario.,Learner choice and categorical confidence; record assistance and actual time; separate original/retest results.,mcq,UUU M13; CEH v5 domain 5,not assigned,uuu_course_aligned_v1,false,A,Give the web process only the operating-system and filesystem access its function needs.,Plain-English reteaching plus at least three varied retests; preserve partial work at endpoint.,Codex original educational item,author review; independent SME review pending,2026-09-18,2026-09-18
CEH26-M13-Q009,1.0.0,prepared_original,M13,scenario and mechanism interpretation,Interprets http method interpretation within the original scenario.,Learner choice and categorical confidence; record assistance and actual time; separate original/retest results.,mcq,UUU M13; CEH v5 domain 5,not assigned,uuu_course_aligned_v1,false,C,POST submits data for resource-specific processing and may change state; authorization and CSRF controls still matter.,Plain-English reteaching plus at least three varied retests; preserve partial work at endpoint.,Codex original educational item,author review; independent SME review pending,2026-09-18,2026-09-18
CEH26-M13-Q010,1.0.0,prepared_original,M13,scenario and mechanism interpretation,Interprets server response evidence within the original scenario.,Learner choice and categorical confidence; record assistance and actual time; separate original/retest results.,mcq,UUU M13; CEH v5 domain 5,not assigned,uuu_course_aligned_v1,false,D,HTTP 403 indicates that the server understood the request but refuses it; the reason is not necessarily missing authentication.,Plain-English reteaching plus at least three varied retests; preserve partial work at endpoint.,Codex original educational item,author review; independent SME review pending,2026-09-18,2026-09-18
CEH26-M13-Q011,1.0.0,prepared_original,M13,scenario and mechanism interpretation,Interprets proxy trust boundaries within the original scenario.,Learner choice and categorical confidence; record assistance and actual time; separate original/retest results.,mcq,UUU M13; CEH v5 domain 5,not assigned,uuu_course_aligned_v1,false,C,Frontends and backends must agree on request framing and interpretation to avoid boundary confusion.,Plain-English reteaching plus at least three varied retests; preserve partial work at endpoint.,Codex original educational item,author review; independent SME review pending,2026-09-18,2026-09-18
CEH26-M13-Q012,1.0.0,prepared_original,M13,scenario and mechanism interpretation,Interprets web incident evidence within the original scenario.,Learner choice and categorical confidence; record assistance and actual time; separate original/retest results.,mcq,UUU M13; CEH v5 domain 5,not assigned,uuu_course_aligned_v1,false,A,An error log records server or application failures and can provide context absent from the client response.,Plain-English reteaching plus at least three varied retests; preserve partial work at endpoint.,Codex original educational item,author review; independent SME review pending,2026-09-18,2026-09-18
CEH26-M13-Q013,1.0.0,prepared_original,M13,scenario and mechanism interpretation,Interprets web-server exposure within the original scenario.,Learner choice and categorical confidence; record assistance and actual time; separate original/retest results.,mcq,UUU M13; CEH v5 domain 5,not assigned,uuu_course_aligned_v1,false,B,"Default pages, sample applications or unused administrative components can reveal information or add unnecessary attack surface.",Plain-English reteaching plus at least three varied retests; preserve partial work at endpoint.,Codex original educational item,author review; independent SME review pending,2026-09-18,2026-09-18
CEH26-M13-Q014,1.0.0,prepared_original,M13,scenario and mechanism interpretation,Interprets server hardening within the original scenario.,Learner choice and categorical confidence; record assistance and actual time; separate original/retest results.,mcq,UUU M13; CEH v5 domain 5,not assigned,uuu_course_aligned_v1,false,B,Prevent user-controlled uploads or writable directories from being interpreted as server-side executable code.,Plain-English reteaching plus at least three varied retests; preserve partial work at endpoint.,Codex original educational item,author review; independent SME review pending,2026-09-18,2026-09-18
CEH26-M13-Q015,1.0.0,prepared_original,M13,scenario and mechanism interpretation,Interprets http method interpretation within the original scenario.,Learner choice and categorical confidence; record assistance and actual time; separate original/retest results.,mcq,UUU M13; CEH v5 domain 5,not assigned,uuu_course_aligned_v1,false,B,PUT requests creation or replacement of the target resource's state; enabling it does not by itself prove unauthorized write access.,Plain-English reteaching plus at least three varied retests; preserve partial work at endpoint.,Codex original educational item,author review; independent SME review pending,2026-09-18,2026-09-18
CEH26-M13-Q016,1.0.0,prepared_original,M13,scenario and mechanism interpretation,Interprets server response evidence within the original scenario.,Learner choice and categorical confidence; record assistance and actual time; separate original/retest results.,mcq,UUU M13; CEH v5 domain 5,not assigned,uuu_course_aligned_v1,false,D,HTTP 404 reports that the target resource is not found or is not being disclosed; it does not prove a file never existed.,Plain-English reteaching plus at least three varied retests; preserve partial work at endpoint.,Codex original educational item,author review; independent SME review pending,2026-09-18,2026-09-18
CEH26-M13-Q017,1.0.0,prepared_original,M13,scenario and mechanism interpretation,Interprets proxy trust boundaries within the original scenario.,Learner choice and categorical confidence; record assistance and actual time; separate original/retest results.,mcq,UUU M13; CEH v5 domain 5,not assigned,uuu_course_aligned_v1,false,D,Restrict direct access to an origin when security controls are intended to be enforced by its reverse proxy.,Plain-English reteaching plus at least three varied retests; preserve partial work at endpoint.,Codex original educational item,author review; independent SME review pending,2026-09-18,2026-09-18
CEH26-M13-Q018,1.0.0,prepared_original,M13,scenario and mechanism interpretation,Interprets web incident evidence within the original scenario.,Learner choice and categorical confidence; record assistance and actual time; separate original/retest results.,mcq,UUU M13; CEH v5 domain 5,not assigned,uuu_course_aligned_v1,false,C,"Trusted file comparisons help detect unexpected changes to deployed content, subject to a trustworthy baseline.",Plain-English reteaching plus at least three varied retests; preserve partial work at endpoint.,Codex original educational item,author review; independent SME review pending,2026-09-18,2026-09-18
CEH26-M13-Q019,1.0.0,prepared_original,M13,scenario and mechanism interpretation,Interprets web-server exposure within the original scenario.,Learner choice and categorical confidence; record assistance and actual time; separate original/retest results.,mcq,UUU M13; CEH v5 domain 5,not assigned,uuu_course_aligned_v1,false,A,"Detailed error responses can expose internal paths, versions or implementation information useful to an attacker.",Plain-English reteaching plus at least three varied retests; preserve partial work at endpoint.,Codex original educational item,author review; independent SME review pending,2026-09-18,2026-09-18
CEH26-M13-Q020,1.0.0,prepared_original,M13,scenario and mechanism interpretation,Interprets server hardening within the original scenario.,Learner choice and categorical confidence; record assistance and actual time; separate original/retest results.,mcq,UUU M13; CEH v5 domain 5,not assigned,uuu_course_aligned_v1,false,A,Use maintained software and verified relevant fixes; deployment and restart state must make the fix effective.,Plain-English reteaching plus at least three varied retests; preserve partial work at endpoint.,Codex original educational item,author review; independent SME review pending,2026-09-18,2026-09-18
CEH26-M13-Q021,1.0.0,prepared_original,M13,scenario and mechanism interpretation,Interprets http method interpretation within the original scenario.,Learner choice and categorical confidence; record assistance and actual time; separate original/retest results.,mcq,UUU M13; CEH v5 domain 5,not assigned,uuu_course_aligned_v1,false,D,"OPTIONS describes communication options for a target or server, but advertised methods do not prove they are usable by every identity.",Plain-English reteaching plus at least three varied retests; preserve partial work at endpoint.,Codex original educational item,author review; independent SME review pending,2026-09-18,2026-09-18
CEH26-M13-Q022,1.0.0,prepared_original,M13,scenario and mechanism interpretation,Interprets server response evidence within the original scenario.,Learner choice and categorical confidence; record assistance and actual time; separate original/retest results.,mcq,UUU M13; CEH v5 domain 5,not assigned,uuu_course_aligned_v1,false,B,HTTP 500 indicates an unexpected server-side condition; the response alone does not prove a particular exploit succeeded.,Plain-English reteaching plus at least three varied retests; preserve partial work at endpoint.,Codex original educational item,author review; independent SME review pending,2026-09-18,2026-09-18
CEH26-M13-Q023,1.0.0,prepared_original,M13,scenario and mechanism interpretation,Interprets proxy trust boundaries within the original scenario.,Learner choice and categorical confidence; record assistance and actual time; separate original/retest results.,mcq,UUU M13; CEH v5 domain 5,not assigned,uuu_course_aligned_v1,false,B,"Validate host information before using it for routing, links or security-sensitive decisions.",Plain-English reteaching plus at least three varied retests; preserve partial work at endpoint.,Codex original educational item,author review; independent SME review pending,2026-09-18,2026-09-18
CEH26-M13-Q024,1.0.0,prepared_original,M13,scenario and mechanism interpretation,Interprets web incident evidence within the original scenario.,Learner choice and categorical confidence; record assistance and actual time; separate original/retest results.,mcq,UUU M13; CEH v5 domain 5,not assigned,uuu_course_aligned_v1,false,C,"Host-level process, execution and connection information can corroborate what a web request actually caused.",Plain-English reteaching plus at least three varied retests; preserve partial work at endpoint.,Codex original educational item,author review; independent SME review pending,2026-09-18,2026-09-18
CEH26-M13-Q025,1.0.0,prepared_original,M13,scenario and mechanism interpretation,Interprets web-server exposure within the original scenario.,Learner choice and categorical confidence; record assistance and actual time; separate original/retest results.,mcq,UUU M13; CEH v5 domain 5,not assigned,uuu_course_aligned_v1,false,D,Directory listing reveals files when a server generates an index for a directory without a suitable default document or restriction.,Plain-English reteaching plus at least three varied retests; preserve partial work at endpoint.,Codex original educational item,author review; independent SME review pending,2026-09-18,2026-09-18
CEH26-M13-Q026,1.0.0,prepared_original,M13,scenario and mechanism interpretation,Interprets server hardening within the original scenario.,Learner choice and categorical confidence; record assistance and actual time; separate original/retest results.,mcq,UUU M13; CEH v5 domain 5,not assigned,uuu_course_aligned_v1,false,A,Give the web process only the operating-system and filesystem access its function needs.,Plain-English reteaching plus at least three varied retests; preserve partial work at endpoint.,Codex original educational item,author review; independent SME review pending,2026-09-18,2026-09-18
CEH26-M13-Q027,1.0.0,prepared_original,M13,scenario and mechanism interpretation,Interprets http method interpretation within the original scenario.,Learner choice and categorical confidence; record assistance and actual time; separate original/retest results.,mcq,UUU M13; CEH v5 domain 5,not assigned,uuu_course_aligned_v1,false,B,PUT requests creation or replacement of the target resource's state; enabling it does not by itself prove unauthorized write access.,Plain-English reteaching plus at least three varied retests; preserve partial work at endpoint.,Codex original educational item,author review; independent SME review pending,2026-09-18,2026-09-18
CEH26-M13-Q028,1.0.0,prepared_original,M13,scenario and mechanism interpretation,Interprets server response evidence within the original scenario.,Learner choice and categorical confidence; record assistance and actual time; separate original/retest results.,mcq,UUU M13; CEH v5 domain 5,not assigned,uuu_course_aligned_v1,false,C,HTTP 403 indicates that the server understood the request but refuses it; the reason is not necessarily missing authentication.,Plain-English reteaching plus at least three varied retests; preserve partial work at endpoint.,Codex original educational item,author review; independent SME review pending,2026-09-18,2026-09-18
CEH26-M13-Q029,1.0.0,prepared_original,M13,scenario and mechanism interpretation,Interprets proxy trust boundaries within the original scenario.,Learner choice and categorical confidence; record assistance and actual time; separate original/retest results.,mcq,UUU M13; CEH v5 domain 5,not assigned,uuu_course_aligned_v1,false,C,"Accept forwarding metadata only from defined trusted proxies, not arbitrary clients that can forge headers.",Plain-English reteaching plus at least three varied retests; preserve partial work at endpoint.,Codex original educational item,author review; independent SME review pending,2026-09-18,2026-09-18
CEH26-M13-Q030,1.0.0,prepared_original,M13,scenario and mechanism interpretation,Interprets web incident evidence within the original scenario.,Learner choice and categorical confidence; record assistance and actual time; separate original/retest results.,mcq,UUU M13; CEH v5 domain 5,not assigned,uuu_course_aligned_v1,false,A,"Trusted file comparisons help detect unexpected changes to deployed content, subject to a trustworthy baseline.",Plain-English reteaching plus at least three varied retests; preserve partial work at endpoint.,Codex original educational item,author review; independent SME review pending,2026-09-18,2026-09-18
CEH26-M14-Q001,1.0.0,prepared_original,M14,scenario and mechanism interpretation,Interprets application weakness classes within the original scenario.,Learner choice and categorical confidence; record assistance and actual time; separate original/retest results.,mcq,UUU M14; CEH v5 domain 5,not assigned,uuu_course_aligned_v1,false,C,XSS occurs when untrusted content is interpreted as executable script in a browser context.,Plain-English reteaching plus at least three varied retests; preserve partial work at endpoint.,Codex original educational item,author review; independent SME review pending,2026-09-18,2026-09-18
CEH26-M14-Q002,1.0.0,prepared_original,M14,scenario and mechanism interpretation,Interprets xss contexts within the original scenario.,Learner choice and categorical confidence; record assistance and actual time; separate original/retest results.,mcq,UUU M14; CEH v5 domain 5,not assigned,uuu_course_aligned_v1,false,C,Stored XSS persists malicious input in data later rendered to other users in an unsafe execution context.,Plain-English reteaching plus at least three varied retests; preserve partial work at endpoint.,Codex original educational item,author review; independent SME review pending,2026-09-18,2026-09-18
CEH26-M14-Q003,1.0.0,prepared_original,M14,scenario and mechanism interpretation,Interprets server-side authorization within the original scenario.,Learner choice and categorical confidence; record assistance and actual time; separate original/retest results.,mcq,UUU M14; CEH v5 domain 5,not assigned,uuu_course_aligned_v1,false,B,Check whether the subject may access the specific referenced object on every relevant request.,Plain-English reteaching plus at least three varied retests; preserve partial work at endpoint.,Codex original educational item,author review; independent SME review pending,2026-09-18,2026-09-18
CEH26-M14-Q004,1.0.0,prepared_original,M14,scenario and mechanism interpretation,Interprets input and upload controls within the original scenario.,Learner choice and categorical confidence; record assistance and actual time; separate original/retest results.,mcq,UUU M14; CEH v5 domain 5,not assigned,uuu_course_aligned_v1,false,D,"Validate expected type, format, bounds and permitted values where the application has a well-defined input contract.",Plain-English reteaching plus at least three varied retests; preserve partial work at endpoint.,Codex original educational item,author review; independent SME review pending,2026-09-18,2026-09-18
CEH26-M14-Q005,1.0.0,prepared_original,M14,scenario and mechanism interpretation,Interprets browser and api trust within the original scenario.,Learner choice and categorical confidence; record assistance and actual time; separate original/retest results.,mcq,UUU M14; CEH v5 domain 5,not assigned,uuu_course_aligned_v1,false,D,CORS controls whether browser scripts may read certain cross-origin responses; it is not a substitute for server authorization.,Plain-English reteaching plus at least three varied retests; preserve partial work at endpoint.,Codex original educational item,author review; independent SME review pending,2026-09-18,2026-09-18
CEH26-M14-Q006,1.0.0,prepared_original,M14,scenario and mechanism interpretation,Interprets testing interpretation within the original scenario.,Learner choice and categorical confidence; record assistance and actual time; separate original/retest results.,mcq,UUU M14; CEH v5 domain 5,not assigned,uuu_course_aligned_v1,false,B,Check both permitted and forbidden operations with appropriate test identities so success is not judged from one allowed case.,Plain-English reteaching plus at least three varied retests; preserve partial work at endpoint.,Codex original educational item,author review; independent SME review pending,2026-09-18,2026-09-18
CEH26-M14-Q007,1.0.0,prepared_original,M14,scenario and mechanism interpretation,Interprets application weakness classes within the original scenario.,Learner choice and categorical confidence; record assistance and actual time; separate original/retest results.,mcq,UUU M14; CEH v5 domain 5,not assigned,uuu_course_aligned_v1,false,A,Broken object authorization lets a subject access or change an object without the required object-level permission.,Plain-English reteaching plus at least three varied retests; preserve partial work at endpoint.,Codex original educational item,author review; independent SME review pending,2026-09-18,2026-09-18
CEH26-M14-Q008,1.0.0,prepared_original,M14,scenario and mechanism interpretation,Interprets xss contexts within the original scenario.,Learner choice and categorical confidence; record assistance and actual time; separate original/retest results.,mcq,UUU M14; CEH v5 domain 5,not assigned,uuu_course_aligned_v1,false,B,Reflected XSS returns request-supplied input in a response where the browser executes it.,Plain-English reteaching plus at least three varied retests; preserve partial work at endpoint.,Codex original educational item,author review; independent SME review pending,2026-09-18,2026-09-18
CEH26-M14-Q009,1.0.0,prepared_original,M14,scenario and mechanism interpretation,Interprets server-side authorization within the original scenario.,Learner choice and categorical confidence; record assistance and actual time; separate original/retest results.,mcq,UUU M14; CEH v5 domain 5,not assigned,uuu_course_aligned_v1,false,A,"Check whether the subject may invoke a privileged operation, not just whether the route is visible in the UI.",Plain-English reteaching plus at least three varied retests; preserve partial work at endpoint.,Codex original educational item,author review; independent SME review pending,2026-09-18,2026-09-18
CEH26-M14-Q010,1.0.0,prepared_original,M14,scenario and mechanism interpretation,Interprets input and upload controls within the original scenario.,Learner choice and categorical confidence; record assistance and actual time; separate original/retest results.,mcq,UUU M14; CEH v5 domain 5,not assigned,uuu_course_aligned_v1,false,A,"Store uploads with controlled names and permissions outside executable paths, and serve them through an appropriate access policy.",Plain-English reteaching plus at least three varied retests; preserve partial work at endpoint.,Codex original educational item,author review; independent SME review pending,2026-09-18,2026-09-18
CEH26-M14-Q011,1.0.0,prepared_original,M14,scenario and mechanism interpretation,Interprets browser and api trust within the original scenario.,Learner choice and categorical confidence; record assistance and actual time; separate original/retest results.,mcq,UUU M14; CEH v5 domain 5,not assigned,uuu_course_aligned_v1,false,B,"CSP can constrain browser resource and script execution as defense in depth, but does not replace fixing injection paths.",Plain-English reteaching plus at least three varied retests; preserve partial work at endpoint.,Codex original educational item,author review; independent SME review pending,2026-09-18,2026-09-18
CEH26-M14-Q012,1.0.0,prepared_original,M14,scenario and mechanism interpretation,Interprets testing interpretation within the original scenario.,Learner choice and categorical confidence; record assistance and actual time; separate original/retest results.,mcq,UUU M14; CEH v5 domain 5,not assigned,uuu_course_aligned_v1,false,A,Verify the actual backend effect rather than assuming a response code proves the intended action occurred.,Plain-English reteaching plus at least three varied retests; preserve partial work at endpoint.,Codex original educational item,author review; independent SME review pending,2026-09-18,2026-09-18
CEH26-M14-Q013,1.0.0,prepared_original,M14,scenario and mechanism interpretation,Interprets application weakness classes within the original scenario.,Learner choice and categorical confidence; record assistance and actual time; separate original/retest results.,mcq,UUU M14; CEH v5 domain 5,not assigned,uuu_course_aligned_v1,false,C,"SSRF causes a server to make unintended requests influenced by untrusted input, potentially crossing network trust boundaries.",Plain-English reteaching plus at least three varied retests; preserve partial work at endpoint.,Codex original educational item,author review; independent SME review pending,2026-09-18,2026-09-18
CEH26-M14-Q014,1.0.0,prepared_original,M14,scenario and mechanism interpretation,Interprets xss contexts within the original scenario.,Learner choice and categorical confidence; record assistance and actual time; separate original/retest results.,mcq,UUU M14; CEH v5 domain 5,not assigned,uuu_course_aligned_v1,false,A,DOM-based XSS arises when client-side code moves untrusted data into an unsafe browser sink.,Plain-English reteaching plus at least three varied retests; preserve partial work at endpoint.,Codex original educational item,author review; independent SME review pending,2026-09-18,2026-09-18
CEH26-M14-Q015,1.0.0,prepared_original,M14,scenario and mechanism interpretation,Interprets server-side authorization within the original scenario.,Learner choice and categorical confidence; record assistance and actual time; separate original/retest results.,mcq,UUU M14; CEH v5 domain 5,not assigned,uuu_course_aligned_v1,false,C,Enforce tenant boundaries in data queries and operations so one tenant cannot reach another's resources.,Plain-English reteaching plus at least three varied retests; preserve partial work at endpoint.,Codex original educational item,author review; independent SME review pending,2026-09-18,2026-09-18
CEH26-M14-Q016,1.0.0,prepared_original,M14,scenario and mechanism interpretation,Interprets input and upload controls within the original scenario.,Learner choice and categorical confidence; record assistance and actual time; separate original/retest results.,mcq,UUU M14; CEH v5 domain 5,not assigned,uuu_course_aligned_v1,false,A,Use APIs that keep data separate from executable command or query structure rather than concatenating syntax.,Plain-English reteaching plus at least three varied retests; preserve partial work at endpoint.,Codex original educational item,author review; independent SME review pending,2026-09-18,2026-09-18
CEH26-M14-Q017,1.0.0,prepared_original,M14,scenario and mechanism interpretation,Interprets browser and api trust within the original scenario.,Learner choice and categorical confidence; record assistance and actual time; separate original/retest results.,mcq,UUU M14; CEH v5 domain 5,not assigned,uuu_course_aligned_v1,false,C,The server must enforce important constraints because clients can modify or bypass browser-side checks.,Plain-English reteaching plus at least three varied retests; preserve partial work at endpoint.,Codex original educational item,author review; independent SME review pending,2026-09-18,2026-09-18
CEH26-M14-Q018,1.0.0,prepared_original,M14,scenario and mechanism interpretation,Interprets testing interpretation within the original scenario.,Learner choice and categorical confidence; record assistance and actual time; separate original/retest results.,mcq,UUU M14; CEH v5 domain 5,not assigned,uuu_course_aligned_v1,false,B,Demonstrate the minimum authorized effect needed to establish a finding without unnecessary data exposure or damage.,Plain-English reteaching plus at least three varied retests; preserve partial work at endpoint.,Codex original educational item,author review; independent SME review pending,2026-09-18,2026-09-18
CEH26-M14-Q019,1.0.0,prepared_original,M14,scenario and mechanism interpretation,Interprets application weakness classes within the original scenario.,Learner choice and categorical confidence; record assistance and actual time; separate original/retest results.,mcq,UUU M14; CEH v5 domain 5,not assigned,uuu_course_aligned_v1,false,D,Command injection lets untrusted input alter the intended operating-system command or its execution structure.,Plain-English reteaching plus at least three varied retests; preserve partial work at endpoint.,Codex original educational item,author review; independent SME review pending,2026-09-18,2026-09-18
CEH26-M14-Q020,1.0.0,prepared_original,M14,scenario and mechanism interpretation,Interprets xss contexts within the original scenario.,Learner choice and categorical confidence; record assistance and actual time; separate original/retest results.,mcq,UUU M14; CEH v5 domain 5,not assigned,uuu_course_aligned_v1,false,D,Encoding must match the output context so untrusted data remains data rather than executable syntax.,Plain-English reteaching plus at least three varied retests; preserve partial work at endpoint.,Codex original educational item,author review; independent SME review pending,2026-09-18,2026-09-18
CEH26-M14-Q021,1.0.0,prepared_original,M14,scenario and mechanism interpretation,Interprets server-side authorization within the original scenario.,Learner choice and categorical confidence; record assistance and actual time; separate original/retest results.,mcq,UUU M14; CEH v5 domain 5,not assigned,uuu_course_aligned_v1,false,C,"Reject access unless the applicable policy explicitly grants it, including newly added routes.",Plain-English reteaching plus at least three varied retests; preserve partial work at endpoint.,Codex original educational item,author review; independent SME review pending,2026-09-18,2026-09-18
CEH26-M14-Q022,1.0.0,prepared_original,M14,scenario and mechanism interpretation,Interprets input and upload controls within the original scenario.,Learner choice and categorical confidence; record assistance and actual time; separate original/retest results.,mcq,UUU M14; CEH v5 domain 5,not assigned,uuu_course_aligned_v1,false,D,Resolve paths consistently and verify that the final target remains within the authorized base location.,Plain-English reteaching plus at least three varied retests; preserve partial work at endpoint.,Codex original educational item,author review; independent SME review pending,2026-09-18,2026-09-18
CEH26-M14-Q023,1.0.0,prepared_original,M14,scenario and mechanism interpretation,Interprets browser and api trust within the original scenario.,Learner choice and categorical confidence; record assistance and actual time; separate original/retest results.,mcq,UUU M14; CEH v5 domain 5,not assigned,uuu_course_aligned_v1,false,A,"Validate workflow-specific rules, sequence and state transitions rather than only input syntax.",Plain-English reteaching plus at least three varied retests; preserve partial work at endpoint.,Codex original educational item,author review; independent SME review pending,2026-09-18,2026-09-18
CEH26-M14-Q024,1.0.0,prepared_original,M14,scenario and mechanism interpretation,Interprets testing interpretation within the original scenario.,Learner choice and categorical confidence; record assistance and actual time; separate original/retest results.,mcq,UUU M14; CEH v5 domain 5,not assigned,uuu_course_aligned_v1,false,D,Retain tests for the repaired weakness and valid behavior so later changes can reveal a recurrence or broken function.,Plain-English reteaching plus at least three varied retests; preserve partial work at endpoint.,Codex original educational item,author review; independent SME review pending,2026-09-18,2026-09-18
CEH26-M14-Q025,1.0.0,prepared_original,M14,scenario and mechanism interpretation,Interprets application weakness classes within the original scenario.,Learner choice and categorical confidence; record assistance and actual time; separate original/retest results.,mcq,UUU M14; CEH v5 domain 5,not assigned,uuu_course_aligned_v1,false,C,XSS occurs when untrusted content is interpreted as executable script in a browser context.,Plain-English reteaching plus at least three varied retests; preserve partial work at endpoint.,Codex original educational item,author review; independent SME review pending,2026-09-18,2026-09-18
CEH26-M14-Q026,1.0.0,prepared_original,M14,scenario and mechanism interpretation,Interprets xss contexts within the original scenario.,Learner choice and categorical confidence; record assistance and actual time; separate original/retest results.,mcq,UUU M14; CEH v5 domain 5,not assigned,uuu_course_aligned_v1,false,B,DOM-based XSS arises when client-side code moves untrusted data into an unsafe browser sink.,Plain-English reteaching plus at least three varied retests; preserve partial work at endpoint.,Codex original educational item,author review; independent SME review pending,2026-09-18,2026-09-18
CEH26-M14-Q027,1.0.0,prepared_original,M14,scenario and mechanism interpretation,Interprets server-side authorization within the original scenario.,Learner choice and categorical confidence; record assistance and actual time; separate original/retest results.,mcq,UUU M14; CEH v5 domain 5,not assigned,uuu_course_aligned_v1,false,A,"Check whether the subject may invoke a privileged operation, not just whether the route is visible in the UI.",Plain-English reteaching plus at least three varied retests; preserve partial work at endpoint.,Codex original educational item,author review; independent SME review pending,2026-09-18,2026-09-18
CEH26-M14-Q028,1.0.0,prepared_original,M14,scenario and mechanism interpretation,Interprets input and upload controls within the original scenario.,Learner choice and categorical confidence; record assistance and actual time; separate original/retest results.,mcq,UUU M14; CEH v5 domain 5,not assigned,uuu_course_aligned_v1,false,B,"Store uploads with controlled names and permissions outside executable paths, and serve them through an appropriate access policy.",Plain-English reteaching plus at least three varied retests; preserve partial work at endpoint.,Codex original educational item,author review; independent SME review pending,2026-09-18,2026-09-18
CEH26-M14-Q029,1.0.0,prepared_original,M14,scenario and mechanism interpretation,Interprets browser and api trust within the original scenario.,Learner choice and categorical confidence; record assistance and actual time; separate original/retest results.,mcq,UUU M14; CEH v5 domain 5,not assigned,uuu_course_aligned_v1,false,C,CORS controls whether browser scripts may read certain cross-origin responses; it is not a substitute for server authorization.,Plain-English reteaching plus at least three varied retests; preserve partial work at endpoint.,Codex original educational item,author review; independent SME review pending,2026-09-18,2026-09-18
CEH26-M14-Q030,1.0.0,prepared_original,M14,scenario and mechanism interpretation,Interprets testing interpretation within the original scenario.,Learner choice and categorical confidence; record assistance and actual time; separate original/retest results.,mcq,UUU M14; CEH v5 domain 5,not assigned,uuu_course_aligned_v1,false,D,Check both permitted and forbidden operations with appropriate test identities so success is not judged from one allowed case.,Plain-English reteaching plus at least three varied retests; preserve partial work at endpoint.,Codex original educational item,author review; independent SME review pending,2026-09-18,2026-09-18
CEH26-M15-Q001,1.0.0,prepared_original,M15,scenario and mechanism interpretation,Interprets sql injection types within the original scenario.,Learner choice and categorical confidence; record assistance and actual time; separate original/retest results.,mcq,UUU M15; CEH v5 domain 5,not assigned,uuu_course_aligned_v1,false,B,Union-based injection combines compatible query results so additional data may appear in the application's response.,Plain-English reteaching plus at least three varied retests; preserve partial work at endpoint.,Codex original educational item,author review; independent SME review pending,2026-09-18,2026-09-18
CEH26-M15-Q002,1.0.0,prepared_original,M15,scenario and mechanism interpretation,Interprets injection root cause within the original scenario.,Learner choice and categorical confidence; record assistance and actual time; separate original/retest results.,mcq,UUU M15; CEH v5 domain 5,not assigned,uuu_course_aligned_v1,false,A,Injection arises when untrusted data can alter the intended SQL structure rather than remaining a bound value.,Plain-English reteaching plus at least three varied retests; preserve partial work at endpoint.,Codex original educational item,author review; independent SME review pending,2026-09-18,2026-09-18
CEH26-M15-Q003,1.0.0,prepared_original,M15,scenario and mechanism interpretation,Interprets misleading defenses within the original scenario.,Learner choice and categorical confidence; record assistance and actual time; separate original/retest results.,mcq,UUU M15; CEH v5 domain 5,not assigned,uuu_course_aligned_v1,false,D,A stored procedure can still be injectable if it constructs unsafe dynamic SQL internally.,Plain-English reteaching plus at least three varied retests; preserve partial work at endpoint.,Codex original educational item,author review; independent SME review pending,2026-09-18,2026-09-18
CEH26-M15-Q004,1.0.0,prepared_original,M15,scenario and mechanism interpretation,Interprets database evidence within the original scenario.,Learner choice and categorical confidence; record assistance and actual time; separate original/retest results.,mcq,UUU M15; CEH v5 domain 5,not assigned,uuu_course_aligned_v1,false,C,"SQL syntax, functions and error messages vary by database; a response must be interpreted in the correct implementation context.",Plain-English reteaching plus at least three varied retests; preserve partial work at endpoint.,Codex original educational item,author review; independent SME review pending,2026-09-18,2026-09-18
CEH26-M15-Q005,1.0.0,prepared_original,M15,scenario and mechanism interpretation,Interprets impact boundaries within the original scenario.,Learner choice and categorical confidence; record assistance and actual time; separate original/retest results.,mcq,UUU M15; CEH v5 domain 5,not assigned,uuu_course_aligned_v1,false,D,A flaw can expose records that the current subject is not allowed to retrieve.,Plain-English reteaching plus at least three varied retests; preserve partial work at endpoint.,Codex original educational item,author review; independent SME review pending,2026-09-18,2026-09-18
CEH26-M15-Q006,1.0.0,prepared_original,M15,scenario and mechanism interpretation,Interprets fix verification within the original scenario.,Learner choice and categorical confidence; record assistance and actual time; separate original/retest results.,mcq,UUU M15; CEH v5 domain 5,not assigned,uuu_course_aligned_v1,false,A,"Confirm that SQL-looking input is processed as ordinary data or rejected by the intended contract, not executed as syntax.",Plain-English reteaching plus at least three varied retests; preserve partial work at endpoint.,Codex original educational item,author review; independent SME review pending,2026-09-18,2026-09-18
CEH26-M15-Q007,1.0.0,prepared_original,M15,scenario and mechanism interpretation,Interprets sql injection types within the original scenario.,Learner choice and categorical confidence; record assistance and actual time; separate original/retest results.,mcq,UUU M15; CEH v5 domain 5,not assigned,uuu_course_aligned_v1,false,C,Error-based injection uses database error behavior or disclosed error details to learn about query execution or data.,Plain-English reteaching plus at least three varied retests; preserve partial work at endpoint.,Codex original educational item,author review; independent SME review pending,2026-09-18,2026-09-18
CEH26-M15-Q008,1.0.0,prepared_original,M15,scenario and mechanism interpretation,Interprets injection root cause within the original scenario.,Learner choice and categorical confidence; record assistance and actual time; separate original/retest results.,mcq,UUU M15; CEH v5 domain 5,not assigned,uuu_course_aligned_v1,false,D,Bound parameters keep supplied values separate from SQL syntax when used correctly by the database API.,Plain-English reteaching plus at least three varied retests; preserve partial work at endpoint.,Codex original educational item,author review; independent SME review pending,2026-09-18,2026-09-18
CEH26-M15-Q009,1.0.0,prepared_original,M15,scenario and mechanism interpretation,Interprets misleading defenses within the original scenario.,Learner choice and categorical confidence; record assistance and actual time; separate original/retest results.,mcq,UUU M15; CEH v5 domain 5,not assigned,uuu_course_aligned_v1,false,A,"Escaping depends on context, encoding and database rules and is more error-prone than separating query structure from values.",Plain-English reteaching plus at least three varied retests; preserve partial work at endpoint.,Codex original educational item,author review; independent SME review pending,2026-09-18,2026-09-18
CEH26-M15-Q010,1.0.0,prepared_original,M15,scenario and mechanism interpretation,Interprets database evidence within the original scenario.,Learner choice and categorical confidence; record assistance and actual time; separate original/retest results.,mcq,UUU M15; CEH v5 domain 5,not assigned,uuu_course_aligned_v1,false,B,"A finding needs evidence that input changed database execution, not merely that the application displayed an unusual response.",Plain-English reteaching plus at least three varied retests; preserve partial work at endpoint.,Codex original educational item,author review; independent SME review pending,2026-09-18,2026-09-18
CEH26-M15-Q011,1.0.0,prepared_original,M15,scenario and mechanism interpretation,Interprets impact boundaries within the original scenario.,Learner choice and categorical confidence; record assistance and actual time; separate original/retest results.,mcq,UUU M15; CEH v5 domain 5,not assigned,uuu_course_aligned_v1,false,C,A flaw can change or delete data beyond the application's intended permitted operation.,Plain-English reteaching plus at least three varied retests; preserve partial work at endpoint.,Codex original educational item,author review; independent SME review pending,2026-09-18,2026-09-18
CEH26-M15-Q012,1.0.0,prepared_original,M15,scenario and mechanism interpretation,Interprets fix verification within the original scenario.,Learner choice and categorical confidence; record assistance and actual time; separate original/retest results.,mcq,UUU M15; CEH v5 domain 5,not assigned,uuu_course_aligned_v1,false,B,Verify normal application behavior so an injection fix does not merely disable the feature.,Plain-English reteaching plus at least three varied retests; preserve partial work at endpoint.,Codex original educational item,author review; independent SME review pending,2026-09-18,2026-09-18
CEH26-M15-Q013,1.0.0,prepared_original,M15,scenario and mechanism interpretation,Interprets sql injection types within the original scenario.,Learner choice and categorical confidence; record assistance and actual time; separate original/retest results.,mcq,UUU M15; CEH v5 domain 5,not assigned,uuu_course_aligned_v1,false,D,Boolean-based blind injection infers a condition from consistent differences between true and false responses.,Plain-English reteaching plus at least three varied retests; preserve partial work at endpoint.,Codex original educational item,author review; independent SME review pending,2026-09-18,2026-09-18
CEH26-M15-Q014,1.0.0,prepared_original,M15,scenario and mechanism interpretation,Interprets injection root cause within the original scenario.,Learner choice and categorical confidence; record assistance and actual time; separate original/retest results.,mcq,UUU M15; CEH v5 domain 5,not assigned,uuu_course_aligned_v1,false,B,Identifiers or sort directions that cannot be bound as values should be selected from explicit approved structural choices.,Plain-English reteaching plus at least three varied retests; preserve partial work at endpoint.,Codex original educational item,author review; independent SME review pending,2026-09-18,2026-09-18
CEH26-M15-Q015,1.0.0,prepared_original,M15,scenario and mechanism interpretation,Interprets misleading defenses within the original scenario.,Learner choice and categorical confidence; record assistance and actual time; separate original/retest results.,mcq,UUU M15; CEH v5 domain 5,not assigned,uuu_course_aligned_v1,false,D,Browser validation can be bypassed; the server and database interaction must enforce the security boundary.,Plain-English reteaching plus at least three varied retests; preserve partial work at endpoint.,Codex original educational item,author review; independent SME review pending,2026-09-18,2026-09-18
CEH26-M15-Q016,1.0.0,prepared_original,M15,scenario and mechanism interpretation,Interprets database evidence within the original scenario.,Learner choice and categorical confidence; record assistance and actual time; separate original/retest results.,mcq,UUU M15; CEH v5 domain 5,not assigned,uuu_course_aligned_v1,false,C,"Network jitter, caching and ordinary load can change response time, so one delay is not conclusive injection evidence.",Plain-English reteaching plus at least three varied retests; preserve partial work at endpoint.,Codex original educational item,author review; independent SME review pending,2026-09-18,2026-09-18
CEH26-M15-Q017,1.0.0,prepared_original,M15,scenario and mechanism interpretation,Interprets impact boundaries within the original scenario.,Learner choice and categorical confidence; record assistance and actual time; separate original/retest results.,mcq,UUU M15; CEH v5 domain 5,not assigned,uuu_course_aligned_v1,false,B,A manipulated query can incorrectly satisfy an authentication decision when that decision relies on unsafe SQL construction.,Plain-English reteaching plus at least three varied retests; preserve partial work at endpoint.,Codex original educational item,author review; independent SME review pending,2026-09-18,2026-09-18
CEH26-M15-Q018,1.0.0,prepared_original,M15,scenario and mechanism interpretation,Interprets fix verification within the original scenario.,Learner choice and categorical confidence; record assistance and actual time; separate original/retest results.,mcq,UUU M15; CEH v5 domain 5,not assigned,uuu_course_aligned_v1,false,D,"Apply safe construction to all relevant paths, including alternate endpoints and background jobs using the same data.",Plain-English reteaching plus at least three varied retests; preserve partial work at endpoint.,Codex original educational item,author review; independent SME review pending,2026-09-18,2026-09-18
CEH26-M15-Q019,1.0.0,prepared_original,M15,scenario and mechanism interpretation,Interprets sql injection types within the original scenario.,Learner choice and categorical confidence; record assistance and actual time; separate original/retest results.,mcq,UUU M15; CEH v5 domain 5,not assigned,uuu_course_aligned_v1,false,A,"Time-based blind injection infers execution from controlled timing differences, which require repeated context-aware validation.",Plain-English reteaching plus at least three varied retests; preserve partial work at endpoint.,Codex original educational item,author review; independent SME review pending,2026-09-18,2026-09-18
CEH26-M15-Q020,1.0.0,prepared_original,M15,scenario and mechanism interpretation,Interprets injection root cause within the original scenario.,Learner choice and categorical confidence; record assistance and actual time; separate original/retest results.,mcq,UUU M15; CEH v5 domain 5,not assigned,uuu_course_aligned_v1,false,A,The application's database account should have only the operations and objects required for its function.,Plain-English reteaching plus at least three varied retests; preserve partial work at endpoint.,Codex original educational item,author review; independent SME review pending,2026-09-18,2026-09-18
CEH26-M15-Q021,1.0.0,prepared_original,M15,scenario and mechanism interpretation,Interprets misleading defenses within the original scenario.,Learner choice and categorical confidence; record assistance and actual time; separate original/retest results.,mcq,UUU M15; CEH v5 domain 5,not assigned,uuu_course_aligned_v1,false,C,A WAF may block some patterns but does not remove unsafe query construction in the application.,Plain-English reteaching plus at least three varied retests; preserve partial work at endpoint.,Codex original educational item,author review; independent SME review pending,2026-09-18,2026-09-18
CEH26-M15-Q022,1.0.0,prepared_original,M15,scenario and mechanism interpretation,Interprets database evidence within the original scenario.,Learner choice and categorical confidence; record assistance and actual time; separate original/retest results.,mcq,UUU M15; CEH v5 domain 5,not assigned,uuu_course_aligned_v1,false,C,"Detailed database errors reveal internal information, but hiding them does not repair unsafe query construction.",Plain-English reteaching plus at least three varied retests; preserve partial work at endpoint.,Codex original educational item,author review; independent SME review pending,2026-09-18,2026-09-18
CEH26-M15-Q023,1.0.0,prepared_original,M15,scenario and mechanism interpretation,Interprets impact boundaries within the original scenario.,Learner choice and categorical confidence; record assistance and actual time; separate original/retest results.,mcq,UUU M15; CEH v5 domain 5,not assigned,uuu_course_aligned_v1,false,A,"A database operation can degrade or stop service through excessive work, locks or destructive changes.",Plain-English reteaching plus at least three varied retests; preserve partial work at endpoint.,Codex original educational item,author review; independent SME review pending,2026-09-18,2026-09-18
CEH26-M15-Q024,1.0.0,prepared_original,M15,scenario and mechanism interpretation,Interprets fix verification within the original scenario.,Learner choice and categorical confidence; record assistance and actual time; separate original/retest results.,mcq,UUU M15; CEH v5 domain 5,not assigned,uuu_course_aligned_v1,false,B,Review the account's actual database privileges to limit damage if another application flaw appears.,Plain-English reteaching plus at least three varied retests; preserve partial work at endpoint.,Codex original educational item,author review; independent SME review pending,2026-09-18,2026-09-18
CEH26-M15-Q025,1.0.0,prepared_original,M15,scenario and mechanism interpretation,Interprets sql injection types within the original scenario.,Learner choice and categorical confidence; record assistance and actual time; separate original/retest results.,mcq,UUU M15; CEH v5 domain 5,not assigned,uuu_course_aligned_v1,false,B,Boolean-based blind injection infers a condition from consistent differences between true and false responses.,Plain-English reteaching plus at least three varied retests; preserve partial work at endpoint.,Codex original educational item,author review; independent SME review pending,2026-09-18,2026-09-18
CEH26-M15-Q026,1.0.0,prepared_original,M15,scenario and mechanism interpretation,Interprets injection root cause within the original scenario.,Learner choice and categorical confidence; record assistance and actual time; separate original/retest results.,mcq,UUU M15; CEH v5 domain 5,not assigned,uuu_course_aligned_v1,false,A,Bound parameters keep supplied values separate from SQL syntax when used correctly by the database API.,Plain-English reteaching plus at least three varied retests; preserve partial work at endpoint.,Codex original educational item,author review; independent SME review pending,2026-09-18,2026-09-18
CEH26-M15-Q027,1.0.0,prepared_original,M15,scenario and mechanism interpretation,Interprets misleading defenses within the original scenario.,Learner choice and categorical confidence; record assistance and actual time; separate original/retest results.,mcq,UUU M15; CEH v5 domain 5,not assigned,uuu_course_aligned_v1,false,B,A stored procedure can still be injectable if it constructs unsafe dynamic SQL internally.,Plain-English reteaching plus at least three varied retests; preserve partial work at endpoint.,Codex original educational item,author review; independent SME review pending,2026-09-18,2026-09-18
CEH26-M15-Q028,1.0.0,prepared_original,M15,scenario and mechanism interpretation,Interprets database evidence within the original scenario.,Learner choice and categorical confidence; record assistance and actual time; separate original/retest results.,mcq,UUU M15; CEH v5 domain 5,not assigned,uuu_course_aligned_v1,false,D,"SQL syntax, functions and error messages vary by database; a response must be interpreted in the correct implementation context.",Plain-English reteaching plus at least three varied retests; preserve partial work at endpoint.,Codex original educational item,author review; independent SME review pending,2026-09-18,2026-09-18
CEH26-M15-Q029,1.0.0,prepared_original,M15,scenario and mechanism interpretation,Interprets impact boundaries within the original scenario.,Learner choice and categorical confidence; record assistance and actual time; separate original/retest results.,mcq,UUU M15; CEH v5 domain 5,not assigned,uuu_course_aligned_v1,false,D,A flaw can expose records that the current subject is not allowed to retrieve.,Plain-English reteaching plus at least three varied retests; preserve partial work at endpoint.,Codex original educational item,author review; independent SME review pending,2026-09-18,2026-09-18
CEH26-M15-Q030,1.0.0,prepared_original,M15,scenario and mechanism interpretation,Interprets fix verification within the original scenario.,Learner choice and categorical confidence; record assistance and actual time; separate original/retest results.,mcq,UUU M15; CEH v5 domain 5,not assigned,uuu_course_aligned_v1,false,C,"Apply safe construction to all relevant paths, including alternate endpoints and background jobs using the same data.",Plain-English reteaching plus at least three varied retests; preserve partial work at endpoint.,Codex original educational item,author review; independent SME review pending,2026-09-18,2026-09-18
CEH26-M16-Q001,1.0.0,prepared_original,M16,scenario and mechanism interpretation,Interprets wireless identity within the original scenario.,Learner choice and categorical confidence; record assistance and actual time; separate original/retest results.,mcq,UUU M16; CEH v5 domain 6,not assigned,uuu_course_aligned_v1,false,D,An SSID names a wireless network and is not a secret or proof that an access point is legitimate.,Plain-English reteaching plus at least three varied retests; preserve partial work at endpoint.,Codex original educational item,author review; independent SME review pending,2026-09-18,2026-09-18
CEH26-M16-Q002,1.0.0,prepared_original,M16,scenario and mechanism interpretation,Interprets wireless authentication within the original scenario.,Learner choice and categorical confidence; record assistance and actual time; separate original/retest results.,mcq,UUU M16; CEH v5 domain 6,not assigned,uuu_course_aligned_v1,false,C,WPA2-Personal commonly uses a shared passphrase-derived key; weak passphrases can be exposed to offline guessing from suitable captured authentication material.,Plain-English reteaching plus at least three varied retests; preserve partial work at endpoint.,Codex original educational item,author review; independent SME review pending,2026-09-18,2026-09-18
CEH26-M16-Q003,1.0.0,prepared_original,M16,scenario and mechanism interpretation,Interprets wireless threats within the original scenario.,Learner choice and categorical confidence; record assistance and actual time; separate original/retest results.,mcq,UUU M16; CEH v5 domain 6,not assigned,uuu_course_aligned_v1,false,C,"An evil twin impersonates a trusted wireless network to attract clients, often using a familiar network name.",Plain-English reteaching plus at least three varied retests; preserve partial work at endpoint.,Codex original educational item,author review; independent SME review pending,2026-09-18,2026-09-18
CEH26-M16-Q004,1.0.0,prepared_original,M16,scenario and mechanism interpretation,Interprets wireless controls within the original scenario.,Learner choice and categorical confidence; record assistance and actual time; separate original/retest results.,mcq,UUU M16; CEH v5 domain 6,not assigned,uuu_course_aligned_v1,false,B,PMF protects selected management frames against certain forgery and replay attacks; it does not prevent radio jamming.,Plain-English reteaching plus at least three varied retests; preserve partial work at endpoint.,Codex original educational item,author review; independent SME review pending,2026-09-18,2026-09-18
CEH26-M16-Q005,1.0.0,prepared_original,M16,scenario and mechanism interpretation,Interprets bluetooth concepts within the original scenario.,Learner choice and categorical confidence; record assistance and actual time; separate original/retest results.,mcq,UUU M16; CEH v5 domain 6,not assigned,uuu_course_aligned_v1,false,A,Discoverability affects whether a Bluetooth device announces itself for discovery; it is not a substitute for authentication or updates.,Plain-English reteaching plus at least three varied retests; preserve partial work at endpoint.,Codex original educational item,author review; independent SME review pending,2026-09-18,2026-09-18
CEH26-M16-Q006,1.0.0,prepared_original,M16,scenario and mechanism interpretation,Interprets wireless evidence boundaries within the original scenario.,Learner choice and categorical confidence; record assistance and actual time; separate original/retest results.,mcq,UUU M16; CEH v5 domain 6,not assigned,uuu_course_aligned_v1,true,D,"Capture and testing must stay within approved networks, devices and methods, even when neighboring radio traffic is visible.",Plain-English reteaching plus at least three varied retests; preserve partial work at endpoint.,Codex original educational item,author review; independent SME review pending,2026-09-18,2026-09-18
CEH26-M16-Q007,1.0.0,prepared_original,M16,scenario and mechanism interpretation,Interprets wireless identity within the original scenario.,Learner choice and categorical confidence; record assistance and actual time; separate original/retest results.,mcq,UUU M16; CEH v5 domain 6,not assigned,uuu_course_aligned_v1,false,A,"A BSSID identifies a basic service set, commonly using the access point radio's MAC address.",Plain-English reteaching plus at least three varied retests; preserve partial work at endpoint.,Codex original educational item,author review; independent SME review pending,2026-09-18,2026-09-18
CEH26-M16-Q008,1.0.0,prepared_original,M16,scenario and mechanism interpretation,Interprets wireless authentication within the original scenario.,Learner choice and categorical confidence; record assistance and actual time; separate original/retest results.,mcq,UUU M16; CEH v5 domain 6,not assigned,uuu_course_aligned_v1,false,B,SAE is a password-authenticated key exchange used by WPA3-Personal and improves resistance to passive offline password guessing when correctly deployed.,Plain-English reteaching plus at least three varied retests; preserve partial work at endpoint.,Codex original educational item,author review; independent SME review pending,2026-09-18,2026-09-18
CEH26-M16-Q009,1.0.0,prepared_original,M16,scenario and mechanism interpretation,Interprets wireless threats within the original scenario.,Learner choice and categorical confidence; record assistance and actual time; separate original/retest results.,mcq,UUU M16; CEH v5 domain 6,not assigned,uuu_course_aligned_v1,false,D,A rogue access point is an unauthorized AP connected to or operating within an organization's environment.,Plain-English reteaching plus at least three varied retests; preserve partial work at endpoint.,Codex original educational item,author review; independent SME review pending,2026-09-18,2026-09-18
CEH26-M16-Q010,1.0.0,prepared_original,M16,scenario and mechanism interpretation,Interprets wireless controls within the original scenario.,Learner choice and categorical confidence; record assistance and actual time; separate original/retest results.,mcq,UUU M16; CEH v5 domain 6,not assigned,uuu_course_aligned_v1,false,A,Validating the expected authentication server certificate helps prevent clients from trusting an impostor enterprise authentication endpoint.,Plain-English reteaching plus at least three varied retests; preserve partial work at endpoint.,Codex original educational item,author review; independent SME review pending,2026-09-18,2026-09-18
CEH26-M16-Q011,1.0.0,prepared_original,M16,scenario and mechanism interpretation,Interprets bluetooth concepts within the original scenario.,Learner choice and categorical confidence; record assistance and actual time; separate original/retest results.,mcq,UUU M16; CEH v5 domain 6,not assigned,uuu_course_aligned_v1,false,D,Pairing establishes security relationships using a selected method whose resistance to interception or impersonation varies.,Plain-English reteaching plus at least three varied retests; preserve partial work at endpoint.,Codex original educational item,author review; independent SME review pending,2026-09-18,2026-09-18
CEH26-M16-Q012,1.0.0,prepared_original,M16,scenario and mechanism interpretation,Interprets wireless evidence boundaries within the original scenario.,Learner choice and categorical confidence; record assistance and actual time; separate original/retest results.,mcq,UUU M16; CEH v5 domain 6,not assigned,uuu_course_aligned_v1,false,C,A matching network name or successful association does not establish that the network operator is the intended trusted party.,Plain-English reteaching plus at least three varied retests; preserve partial work at endpoint.,Codex original educational item,author review; independent SME review pending,2026-09-18,2026-09-18
CEH26-M16-Q013,1.0.0,prepared_original,M16,scenario and mechanism interpretation,Interprets wireless identity within the original scenario.,Learner choice and categorical confidence; record assistance and actual time; separate original/retest results.,mcq,UUU M16; CEH v5 domain 6,not assigned,uuu_course_aligned_v1,false,B,The channel identifies the radio-frequency portion used by the network; interference and observation depend on channel conditions.,Plain-English reteaching plus at least three varied retests; preserve partial work at endpoint.,Codex original educational item,author review; independent SME review pending,2026-09-18,2026-09-18
CEH26-M16-Q014,1.0.0,prepared_original,M16,scenario and mechanism interpretation,Interprets wireless authentication within the original scenario.,Learner choice and categorical confidence; record assistance and actual time; separate original/retest results.,mcq,UUU M16; CEH v5 domain 6,not assigned,uuu_course_aligned_v1,false,B,"Enterprise authentication uses an EAP method and authentication infrastructure, with method selection and certificate validation affecting security.",Plain-English reteaching plus at least three varied retests; preserve partial work at endpoint.,Codex original educational item,author review; independent SME review pending,2026-09-18,2026-09-18
CEH26-M16-Q015,1.0.0,prepared_original,M16,scenario and mechanism interpretation,Interprets wireless threats within the original scenario.,Learner choice and categorical confidence; record assistance and actual time; separate original/retest results.,mcq,UUU M16; CEH v5 domain 6,not assigned,uuu_course_aligned_v1,false,A,Forged or abusive management messages can disrupt associations where applicable protections are absent or insufficient.,Plain-English reteaching plus at least three varied retests; preserve partial work at endpoint.,Codex original educational item,author review; independent SME review pending,2026-09-18,2026-09-18
CEH26-M16-Q016,1.0.0,prepared_original,M16,scenario and mechanism interpretation,Interprets wireless controls within the original scenario.,Learner choice and categorical confidence; record assistance and actual time; separate original/retest results.,mcq,UUU M16; CEH v5 domain 6,not assigned,uuu_course_aligned_v1,false,D,"Separate guest, managed and sensitive traffic with enforced network policy rather than trusting association alone.",Plain-English reteaching plus at least three varied retests; preserve partial work at endpoint.,Codex original educational item,author review; independent SME review pending,2026-09-18,2026-09-18
CEH26-M16-Q017,1.0.0,prepared_original,M16,scenario and mechanism interpretation,Interprets bluetooth concepts within the original scenario.,Learner choice and categorical confidence; record assistance and actual time; separate original/retest results.,mcq,UUU M16; CEH v5 domain 6,not assigned,uuu_course_aligned_v1,false,C,Unused Bluetooth services or permissions create avoidable opportunities for interaction.,Plain-English reteaching plus at least three varied retests; preserve partial work at endpoint.,Codex original educational item,author review; independent SME review pending,2026-09-18,2026-09-18
CEH26-M16-Q018,1.0.0,prepared_original,M16,scenario and mechanism interpretation,Interprets wireless evidence boundaries within the original scenario.,Learner choice and categorical confidence; record assistance and actual time; separate original/retest results.,mcq,UUU M16; CEH v5 domain 6,not assigned,uuu_course_aligned_v1,false,D,A supplied sanitized capture can support protocol reasoning without transmitting or interfering with a live wireless network.,Plain-English reteaching plus at least three varied retests; preserve partial work at endpoint.,Codex original educational item,author review; independent SME review pending,2026-09-18,2026-09-18
CEH26-M16-Q019,1.0.0,prepared_original,M16,scenario and mechanism interpretation,Interprets wireless identity within the original scenario.,Learner choice and categorical confidence; record assistance and actual time; separate original/retest results.,mcq,UUU M16; CEH v5 domain 6,not assigned,uuu_course_aligned_v1,false,B,Signal strength measures received power at the observer and does not reliably establish trust or exact physical distance.,Plain-English reteaching plus at least three varied retests; preserve partial work at endpoint.,Codex original educational item,author review; independent SME review pending,2026-09-18,2026-09-18
CEH26-M16-Q020,1.0.0,prepared_original,M16,scenario and mechanism interpretation,Interprets wireless authentication within the original scenario.,Learner choice and categorical confidence; record assistance and actual time; separate original/retest results.,mcq,UUU M16; CEH v5 domain 6,not assigned,uuu_course_aligned_v1,false,A,An ordinary open network does not provide password-based link authentication or conventional WPA protection; higher-layer protections remain important.,Plain-English reteaching plus at least three varied retests; preserve partial work at endpoint.,Codex original educational item,author review; independent SME review pending,2026-09-18,2026-09-18
CEH26-M16-Q021,1.0.0,prepared_original,M16,scenario and mechanism interpretation,Interprets wireless threats within the original scenario.,Learner choice and categorical confidence; record assistance and actual time; separate original/retest results.,mcq,UUU M16; CEH v5 domain 6,not assigned,uuu_course_aligned_v1,false,D,Jamming interferes with the radio medium and can disrupt availability regardless of application-layer security.,Plain-English reteaching plus at least three varied retests; preserve partial work at endpoint.,Codex original educational item,author review; independent SME review pending,2026-09-18,2026-09-18
CEH26-M16-Q022,1.0.0,prepared_original,M16,scenario and mechanism interpretation,Interprets wireless controls within the original scenario.,Learner choice and categorical confidence; record assistance and actual time; separate original/retest results.,mcq,UUU M16; CEH v5 domain 6,not assigned,uuu_course_aligned_v1,false,B,"Monitoring identifies unexpected APs, identities and radio behavior for investigation, subject to placement and coverage limits.",Plain-English reteaching plus at least three varied retests; preserve partial work at endpoint.,Codex original educational item,author review; independent SME review pending,2026-09-18,2026-09-18
CEH26-M16-Q023,1.0.0,prepared_original,M16,scenario and mechanism interpretation,Interprets bluetooth concepts within the original scenario.,Learner choice and categorical confidence; record assistance and actual time; separate original/retest results.,mcq,UUU M16; CEH v5 domain 6,not assigned,uuu_course_aligned_v1,false,C,Firmware and software updates address applicable implementation flaws; supported versions and deployment state need verification.,Plain-English reteaching plus at least three varied retests; preserve partial work at endpoint.,Codex original educational item,author review; independent SME review pending,2026-09-18,2026-09-18
CEH26-M16-Q024,1.0.0,prepared_original,M16,scenario and mechanism interpretation,Interprets wireless evidence boundaries within the original scenario.,Learner choice and categorical confidence; record assistance and actual time; separate original/retest results.,mcq,UUU M16; CEH v5 domain 6,not assigned,uuu_course_aligned_v1,false,B,"Link security, endpoint configuration and application encryption address different risks and should not be treated as interchangeable.",Plain-English reteaching plus at least three varied retests; preserve partial work at endpoint.,Codex original educational item,author review; independent SME review pending,2026-09-18,2026-09-18
CEH26-M16-Q025,1.0.0,prepared_original,M16,scenario and mechanism interpretation,Interprets wireless identity within the original scenario.,Learner choice and categorical confidence; record assistance and actual time; separate original/retest results.,mcq,UUU M16; CEH v5 domain 6,not assigned,uuu_course_aligned_v1,false,D,An SSID names a wireless network and is not a secret or proof that an access point is legitimate.,Plain-English reteaching plus at least three varied retests; preserve partial work at endpoint.,Codex original educational item,author review; independent SME review pending,2026-09-18,2026-09-18
CEH26-M16-Q026,1.0.0,prepared_original,M16,scenario and mechanism interpretation,Interprets wireless authentication within the original scenario.,Learner choice and categorical confidence; record assistance and actual time; separate original/retest results.,mcq,UUU M16; CEH v5 domain 6,not assigned,uuu_course_aligned_v1,false,A,"Enterprise authentication uses an EAP method and authentication infrastructure, with method selection and certificate validation affecting security.",Plain-English reteaching plus at least three varied retests; preserve partial work at endpoint.,Codex original educational item,author review; independent SME review pending,2026-09-18,2026-09-18
CEH26-M16-Q027,1.0.0,prepared_original,M16,scenario and mechanism interpretation,Interprets wireless threats within the original scenario.,Learner choice and categorical confidence; record assistance and actual time; separate original/retest results.,mcq,UUU M16; CEH v5 domain 6,not assigned,uuu_course_aligned_v1,false,C,"An evil twin impersonates a trusted wireless network to attract clients, often using a familiar network name.",Plain-English reteaching plus at least three varied retests; preserve partial work at endpoint.,Codex original educational item,author review; independent SME review pending,2026-09-18,2026-09-18
CEH26-M16-Q028,1.0.0,prepared_original,M16,scenario and mechanism interpretation,Interprets wireless controls within the original scenario.,Learner choice and categorical confidence; record assistance and actual time; separate original/retest results.,mcq,UUU M16; CEH v5 domain 6,not assigned,uuu_course_aligned_v1,false,C,PMF protects selected management frames against certain forgery and replay attacks; it does not prevent radio jamming.,Plain-English reteaching plus at least three varied retests; preserve partial work at endpoint.,Codex original educational item,author review; independent SME review pending,2026-09-18,2026-09-18
CEH26-M16-Q029,1.0.0,prepared_original,M16,scenario and mechanism interpretation,Interprets bluetooth concepts within the original scenario.,Learner choice and categorical confidence; record assistance and actual time; separate original/retest results.,mcq,UUU M16; CEH v5 domain 6,not assigned,uuu_course_aligned_v1,false,B,Pairing establishes security relationships using a selected method whose resistance to interception or impersonation varies.,Plain-English reteaching plus at least three varied retests; preserve partial work at endpoint.,Codex original educational item,author review; independent SME review pending,2026-09-18,2026-09-18
CEH26-M16-Q030,1.0.0,prepared_original,M16,scenario and mechanism interpretation,Interprets wireless evidence boundaries within the original scenario.,Learner choice and categorical confidence; record assistance and actual time; separate original/retest results.,mcq,UUU M16; CEH v5 domain 6,not assigned,uuu_course_aligned_v1,false,A,A supplied sanitized capture can support protocol reasoning without transmitting or interfering with a live wireless network.,Plain-English reteaching plus at least three varied retests; preserve partial work at endpoint.,Codex original educational item,author review; independent SME review pending,2026-09-18,2026-09-18
CEH26-M17-Q001,1.0.0,prepared_original,M17,scenario and mechanism interpretation,Interprets mobile platform boundaries within the original scenario.,Learner choice and categorical confidence; record assistance and actual time; separate original/retest results.,mcq,UUU M17; CEH v5 domain 7,not assigned,uuu_course_aligned_v1,false,A,"A sandbox separates application resources and constrains access, though flaws or granted interfaces can cross that boundary.",Plain-English reteaching plus at least three varied retests; preserve partial work at endpoint.,Codex original educational item,author review; independent SME review pending,2026-09-18,2026-09-18
CEH26-M17-Q002,1.0.0,prepared_original,M17,scenario and mechanism interpretation,Interprets mobile data storage within the original scenario.,Learner choice and categorical confidence; record assistance and actual time; separate original/retest results.,mcq,UUU M17; CEH v5 domain 7,not assigned,uuu_course_aligned_v1,false,C,Avoid storing secrets or personal data that the mobile workflow does not actually need.,Plain-English reteaching plus at least three varied retests; preserve partial work at endpoint.,Codex original educational item,author review; independent SME review pending,2026-09-18,2026-09-18
CEH26-M17-Q003,1.0.0,prepared_original,M17,scenario and mechanism interpretation,Interprets mobile network security within the original scenario.,Learner choice and categorical confidence; record assistance and actual time; separate original/retest results.,mcq,UUU M17; CEH v5 domain 7,not assigned,uuu_course_aligned_v1,false,A,Validate peer identity and trust for protected connections instead of accepting any certificate.,Plain-English reteaching plus at least three varied retests; preserve partial work at endpoint.,Codex original educational item,author review; independent SME review pending,2026-09-18,2026-09-18
CEH26-M17-Q004,1.0.0,prepared_original,M17,scenario and mechanism interpretation,Interprets application interaction within the original scenario.,Learner choice and categorical confidence; record assistance and actual time; separate original/retest results.,mcq,UUU M17; CEH v5 domain 7,not assigned,uuu_course_aligned_v1,false,A,Deep links can deliver untrusted parameters or navigation requests and must not bypass authentication or validation.,Plain-English reteaching plus at least three varied retests; preserve partial work at endpoint.,Codex original educational item,author review; independent SME review pending,2026-09-18,2026-09-18
CEH26-M17-Q005,1.0.0,prepared_original,M17,scenario and mechanism interpretation,Interprets mobile threat scenarios within the original scenario.,Learner choice and categorical confidence; record assistance and actual time; separate original/retest results.,mcq,UUU M17; CEH v5 domain 7,not assigned,uuu_course_aligned_v1,false,B,An application obtained outside the intended trusted distribution path may carry unreviewed harmful behavior; provenance still needs assessment.,Plain-English reteaching plus at least three varied retests; preserve partial work at endpoint.,Codex original educational item,author review; independent SME review pending,2026-09-18,2026-09-18
CEH26-M17-Q006,1.0.0,prepared_original,M17,scenario and mechanism interpretation,Interprets enterprise mobile controls within the original scenario.,Learner choice and categorical confidence; record assistance and actual time; separate original/retest results.,mcq,UUU M17; CEH v5 domain 7,not assigned,uuu_course_aligned_v1,false,D,"Mobile device management enforces supported device policies and configuration, subject to enrollment and platform capabilities.",Plain-English reteaching plus at least three varied retests; preserve partial work at endpoint.,Codex original educational item,author review; independent SME review pending,2026-09-18,2026-09-18
CEH26-M17-Q007,1.0.0,prepared_original,M17,scenario and mechanism interpretation,Interprets mobile platform boundaries within the original scenario.,Learner choice and categorical confidence; record assistance and actual time; separate original/retest results.,mcq,UUU M17; CEH v5 domain 7,not assigned,uuu_course_aligned_v1,false,D,Permissions control access to protected capabilities or data; an app should request only what its function needs.,Plain-English reteaching plus at least three varied retests; preserve partial work at endpoint.,Codex original educational item,author review; independent SME review pending,2026-09-18,2026-09-18
CEH26-M17-Q008,1.0.0,prepared_original,M17,scenario and mechanism interpretation,Interprets mobile data storage within the original scenario.,Learner choice and categorical confidence; record assistance and actual time; separate original/retest results.,mcq,UUU M17; CEH v5 domain 7,not assigned,uuu_course_aligned_v1,false,B,Use appropriate platform-backed key facilities rather than hardcoding private keys or keeping them as ordinary files.,Plain-English reteaching plus at least three varied retests; preserve partial work at endpoint.,Codex original educational item,author review; independent SME review pending,2026-09-18,2026-09-18
CEH26-M17-Q009,1.0.0,prepared_original,M17,scenario and mechanism interpretation,Interprets mobile network security within the original scenario.,Learner choice and categorical confidence; record assistance and actual time; separate original/retest results.,mcq,UUU M17; CEH v5 domain 7,not assigned,uuu_course_aligned_v1,false,B,Unprotected transport can expose application data to observers or modification on the path.,Plain-English reteaching plus at least three varied retests; preserve partial work at endpoint.,Codex original educational item,author review; independent SME review pending,2026-09-18,2026-09-18
CEH26-M17-Q010,1.0.0,prepared_original,M17,scenario and mechanism interpretation,Interprets application interaction within the original scenario.,Learner choice and categorical confidence; record assistance and actual time; separate original/retest results.,mcq,UUU M17; CEH v5 domain 7,not assigned,uuu_course_aligned_v1,false,C,An exported component can receive calls from other applications; intended caller permissions and input handling matter.,Plain-English reteaching plus at least three varied retests; preserve partial work at endpoint.,Codex original educational item,author review; independent SME review pending,2026-09-18,2026-09-18
CEH26-M17-Q011,1.0.0,prepared_original,M17,scenario and mechanism interpretation,Interprets mobile threat scenarios within the original scenario.,Learner choice and categorical confidence; record assistance and actual time; separate original/retest results.,mcq,UUU M17; CEH v5 domain 7,not assigned,uuu_course_aligned_v1,false,C,Transfer of a phone number can expose workflows relying on that number for recovery or authentication.,Plain-English reteaching plus at least three varied retests; preserve partial work at endpoint.,Codex original educational item,author review; independent SME review pending,2026-09-18,2026-09-18
CEH26-M17-Q012,1.0.0,prepared_original,M17,scenario and mechanism interpretation,Interprets enterprise mobile controls within the original scenario.,Learner choice and categorical confidence; record assistance and actual time; separate original/retest results.,mcq,UUU M17; CEH v5 domain 7,not assigned,uuu_course_aligned_v1,false,B,Separate managed work data and applications from personal contexts where the platform supports that boundary.,Plain-English reteaching plus at least three varied retests; preserve partial work at endpoint.,Codex original educational item,author review; independent SME review pending,2026-09-18,2026-09-18
CEH26-M17-Q013,1.0.0,prepared_original,M17,scenario and mechanism interpretation,Interprets mobile platform boundaries within the original scenario.,Learner choice and categorical confidence; record assistance and actual time; separate original/retest results.,mcq,UUU M17; CEH v5 domain 7,not assigned,uuu_course_aligned_v1,false,A,Rooting or jailbreaking changes platform restrictions and can weaken assumptions made by applications and management controls.,Plain-English reteaching plus at least three varied retests; preserve partial work at endpoint.,Codex original educational item,author review; independent SME review pending,2026-09-18,2026-09-18
CEH26-M17-Q014,1.0.0,prepared_original,M17,scenario and mechanism interpretation,Interprets mobile data storage within the original scenario.,Learner choice and categorical confidence; record assistance and actual time; separate original/retest results.,mcq,UUU M17; CEH v5 domain 7,not assigned,uuu_course_aligned_v1,false,A,Backups and diagnostic logs can expose data even when the main app screen hides it.,Plain-English reteaching plus at least three varied retests; preserve partial work at endpoint.,Codex original educational item,author review; independent SME review pending,2026-09-18,2026-09-18
CEH26-M17-Q015,1.0.0,prepared_original,M17,scenario and mechanism interpretation,Interprets mobile network security within the original scenario.,Learner choice and categorical confidence; record assistance and actual time; separate original/retest results.,mcq,UUU M17; CEH v5 domain 7,not assigned,uuu_course_aligned_v1,false,B,The server must validate subject and object permissions regardless of checks performed by the mobile client.,Plain-English reteaching plus at least three varied retests; preserve partial work at endpoint.,Codex original educational item,author review; independent SME review pending,2026-09-18,2026-09-18
CEH26-M17-Q016,1.0.0,prepared_original,M17,scenario and mechanism interpretation,Interprets application interaction within the original scenario.,Learner choice and categorical confidence; record assistance and actual time; separate original/retest results.,mcq,UUU M17; CEH v5 domain 7,not assigned,uuu_course_aligned_v1,false,D,A WebView that exposes privileged bridges or loads untrusted content can cross from web input into app capabilities.,Plain-English reteaching plus at least three varied retests; preserve partial work at endpoint.,Codex original educational item,author review; independent SME review pending,2026-09-18,2026-09-18
CEH26-M17-Q017,1.0.0,prepared_original,M17,scenario and mechanism interpretation,Interprets mobile threat scenarios within the original scenario.,Learner choice and categorical confidence; record assistance and actual time; separate original/retest results.,mcq,UUU M17; CEH v5 domain 7,not assigned,uuu_course_aligned_v1,false,C,"A lost device creates risks depending on its lock state, stored data, keys and remote management controls.",Plain-English reteaching plus at least three varied retests; preserve partial work at endpoint.,Codex original educational item,author review; independent SME review pending,2026-09-18,2026-09-18
CEH26-M17-Q018,1.0.0,prepared_original,M17,scenario and mechanism interpretation,Interprets enterprise mobile controls within the original scenario.,Learner choice and categorical confidence; record assistance and actual time; separate original/retest results.,mcq,UUU M17; CEH v5 domain 7,not assigned,uuu_course_aligned_v1,false,D,"Access decisions can consider managed-device posture and other signals, while accounting for signal reliability.",Plain-English reteaching plus at least three varied retests; preserve partial work at endpoint.,Codex original educational item,author review; independent SME review pending,2026-09-18,2026-09-18
CEH26-M17-Q019,1.0.0,prepared_original,M17,scenario and mechanism interpretation,Interprets mobile platform boundaries within the original scenario.,Learner choice and categorical confidence; record assistance and actual time; separate original/retest results.,mcq,UUU M17; CEH v5 domain 7,not assigned,uuu_course_aligned_v1,false,B,"A trusted update chain authenticates software updates and relies on supported, correctly deployed versions.",Plain-English reteaching plus at least three varied retests; preserve partial work at endpoint.,Codex original educational item,author review; independent SME review pending,2026-09-18,2026-09-18
CEH26-M17-Q020,1.0.0,prepared_original,M17,scenario and mechanism interpretation,Interprets mobile data storage within the original scenario.,Learner choice and categorical confidence; record assistance and actual time; separate original/retest results.,mcq,UUU M17; CEH v5 domain 7,not assigned,uuu_course_aligned_v1,false,D,Encryption protects stored data only within its key and threat model; an unlocked compromised runtime may still access plaintext.,Plain-English reteaching plus at least three varied retests; preserve partial work at endpoint.,Codex original educational item,author review; independent SME review pending,2026-09-18,2026-09-18
CEH26-M17-Q021,1.0.0,prepared_original,M17,scenario and mechanism interpretation,Interprets mobile network security within the original scenario.,Learner choice and categorical confidence; record assistance and actual time; separate original/retest results.,mcq,UUU M17; CEH v5 domain 7,not assigned,uuu_course_aligned_v1,false,A,Pinning constrains acceptable credentials but needs a careful rotation and recovery design; it is not a replacement for sound TLS handling.,Plain-English reteaching plus at least three varied retests; preserve partial work at endpoint.,Codex original educational item,author review; independent SME review pending,2026-09-18,2026-09-18
CEH26-M17-Q022,1.0.0,prepared_original,M17,scenario and mechanism interpretation,Interprets application interaction within the original scenario.,Learner choice and categorical confidence; record assistance and actual time; separate original/retest results.,mcq,UUU M17; CEH v5 domain 7,not assigned,uuu_course_aligned_v1,false,B,"Sensitive content placed on a clipboard may be available beyond the intended app, depending on platform behavior and context.",Plain-English reteaching plus at least three varied retests; preserve partial work at endpoint.,Codex original educational item,author review; independent SME review pending,2026-09-18,2026-09-18
CEH26-M17-Q023,1.0.0,prepared_original,M17,scenario and mechanism interpretation,Interprets mobile threat scenarios within the original scenario.,Learner choice and categorical confidence; record assistance and actual time; separate original/retest results.,mcq,UUU M17; CEH v5 domain 7,not assigned,uuu_course_aligned_v1,false,D,An untrusted configuration profile or management relationship can change device settings and trust boundaries.,Plain-English reteaching plus at least three varied retests; preserve partial work at endpoint.,Codex original educational item,author review; independent SME review pending,2026-09-18,2026-09-18
CEH26-M17-Q024,1.0.0,prepared_original,M17,scenario and mechanism interpretation,Interprets enterprise mobile controls within the original scenario.,Learner choice and categorical confidence; record assistance and actual time; separate original/retest results.,mcq,UUU M17; CEH v5 domain 7,not assigned,uuu_course_aligned_v1,false,C,"Remote lock, wipe or session revocation can reduce incident exposure, but depend on reachability, scope and platform behavior.",Plain-English reteaching plus at least three varied retests; preserve partial work at endpoint.,Codex original educational item,author review; independent SME review pending,2026-09-18,2026-09-18
CEH26-M17-Q025,1.0.0,prepared_original,M17,scenario and mechanism interpretation,Interprets mobile platform boundaries within the original scenario.,Learner choice and categorical confidence; record assistance and actual time; separate original/retest results.,mcq,UUU M17; CEH v5 domain 7,not assigned,uuu_course_aligned_v1,false,C,Permissions control access to protected capabilities or data; an app should request only what its function needs.,Plain-English reteaching plus at least three varied retests; preserve partial work at endpoint.,Codex original educational item,author review; independent SME review pending,2026-09-18,2026-09-18
CEH26-M17-Q026,1.0.0,prepared_original,M17,scenario and mechanism interpretation,Interprets mobile data storage within the original scenario.,Learner choice and categorical confidence; record assistance and actual time; separate original/retest results.,mcq,UUU M17; CEH v5 domain 7,not assigned,uuu_course_aligned_v1,false,C,Backups and diagnostic logs can expose data even when the main app screen hides it.,Plain-English reteaching plus at least three varied retests; preserve partial work at endpoint.,Codex original educational item,author review; independent SME review pending,2026-09-18,2026-09-18
CEH26-M17-Q027,1.0.0,prepared_original,M17,scenario and mechanism interpretation,Interprets mobile network security within the original scenario.,Learner choice and categorical confidence; record assistance and actual time; separate original/retest results.,mcq,UUU M17; CEH v5 domain 7,not assigned,uuu_course_aligned_v1,false,D,Validate peer identity and trust for protected connections instead of accepting any certificate.,Plain-English reteaching plus at least three varied retests; preserve partial work at endpoint.,Codex original educational item,author review; independent SME review pending,2026-09-18,2026-09-18
CEH26-M17-Q028,1.0.0,prepared_original,M17,scenario and mechanism interpretation,Interprets application interaction within the original scenario.,Learner choice and categorical confidence; record assistance and actual time; separate original/retest results.,mcq,UUU M17; CEH v5 domain 7,not assigned,uuu_course_aligned_v1,false,A,Deep links can deliver untrusted parameters or navigation requests and must not bypass authentication or validation.,Plain-English reteaching plus at least three varied retests; preserve partial work at endpoint.,Codex original educational item,author review; independent SME review pending,2026-09-18,2026-09-18
CEH26-M17-Q029,1.0.0,prepared_original,M17,scenario and mechanism interpretation,Interprets mobile threat scenarios within the original scenario.,Learner choice and categorical confidence; record assistance and actual time; separate original/retest results.,mcq,UUU M17; CEH v5 domain 7,not assigned,uuu_course_aligned_v1,false,B,Transfer of a phone number can expose workflows relying on that number for recovery or authentication.,Plain-English reteaching plus at least three varied retests; preserve partial work at endpoint.,Codex original educational item,author review; independent SME review pending,2026-09-18,2026-09-18
CEH26-M17-Q030,1.0.0,prepared_original,M17,scenario and mechanism interpretation,Interprets enterprise mobile controls within the original scenario.,Learner choice and categorical confidence; record assistance and actual time; separate original/retest results.,mcq,UUU M17; CEH v5 domain 7,not assigned,uuu_course_aligned_v1,false,D,Separate managed work data and applications from personal contexts where the platform supports that boundary.,Plain-English reteaching plus at least three varied retests; preserve partial work at endpoint.,Codex original educational item,author review; independent SME review pending,2026-09-18,2026-09-18
CEH26-M18-Q001,1.0.0,prepared_original,M18,scenario and mechanism interpretation,Interprets iot protocol roles within the original scenario.,Learner choice and categorical confidence; record assistance and actual time; separate original/retest results.,mcq,UUU M18; CEH v5 domain 7,not assigned,uuu_course_aligned_v1,false,D,"MQTT uses a publish/subscribe model through a broker; authentication, topic authorization and transport protection require configuration.",Plain-English reteaching plus at least three varied retests; preserve partial work at endpoint.,Codex original educational item,author review; independent SME review pending,2026-09-18,2026-09-18
CEH26-M18-Q002,1.0.0,prepared_original,M18,scenario and mechanism interpretation,Interprets device lifecycle security within the original scenario.,Learner choice and categorical confidence; record assistance and actual time; separate original/retest results.,mcq,UUU M18; CEH v5 domain 7,not assigned,uuu_course_aligned_v1,false,C,Use distinct credentials per device rather than a shared default secret across a fleet.,Plain-English reteaching plus at least three varied retests; preserve partial work at endpoint.,Codex original educational item,author review; independent SME review pending,2026-09-18,2026-09-18
CEH26-M18-Q003,1.0.0,prepared_original,M18,scenario and mechanism interpretation,Interprets ot priorities within the original scenario.,Learner choice and categorical confidence; record assistance and actual time; separate original/retest results.,mcq,UUU M18; CEH v5 domain 7,not assigned,uuu_course_aligned_v1,false,C,"OT security decisions must consider possible harm to people, equipment and the physical process, not only data loss.",Plain-English reteaching plus at least three varied retests; preserve partial work at endpoint.,Codex original educational item,author review; independent SME review pending,2026-09-18,2026-09-18
CEH26-M18-Q004,1.0.0,prepared_original,M18,scenario and mechanism interpretation,Interprets industrial roles within the original scenario.,Learner choice and categorical confidence; record assistance and actual time; separate original/retest results.,mcq,UUU M18; CEH v5 domain 7,not assigned,uuu_course_aligned_v1,false,B,A programmable logic controller executes control logic and interfaces with process inputs and outputs.,Plain-English reteaching plus at least three varied retests; preserve partial work at endpoint.,Codex original educational item,author review; independent SME review pending,2026-09-18,2026-09-18
CEH26-M18-Q005,1.0.0,prepared_original,M18,scenario and mechanism interpretation,Interprets segmentation and remote access within the original scenario.,Learner choice and categorical confidence; record assistance and actual time; separate original/retest results.,mcq,UUU M18; CEH v5 domain 7,not assigned,uuu_course_aligned_v1,false,C,"Separate assets by trust and function, and restrict the communication paths that cross those boundaries.",Plain-English reteaching plus at least three varied retests; preserve partial work at endpoint.,Codex original educational item,author review; independent SME review pending,2026-09-18,2026-09-18
CEH26-M18-Q006,1.0.0,prepared_original,M18,scenario and mechanism interpretation,Interprets iot data and trust within the original scenario.,Learner choice and categorical confidence; record assistance and actual time; separate original/retest results.,mcq,UUU M18; CEH v5 domain 7,not assigned,uuu_course_aligned_v1,false,B,Authenticate a client and separately check which topics or resources it may read or modify.,Plain-English reteaching plus at least three varied retests; preserve partial work at endpoint.,Codex original educational item,author review; independent SME review pending,2026-09-18,2026-09-18
CEH26-M18-Q007,1.0.0,prepared_original,M18,scenario and mechanism interpretation,Interprets iot protocol roles within the original scenario.,Learner choice and categorical confidence; record assistance and actual time; separate original/retest results.,mcq,UUU M18; CEH v5 domain 7,not assigned,uuu_course_aligned_v1,false,A,"CoAP is designed for constrained environments and uses a resource-oriented request/response model, commonly over UDP.",Plain-English reteaching plus at least three varied retests; preserve partial work at endpoint.,Codex original educational item,author review; independent SME review pending,2026-09-18,2026-09-18
CEH26-M18-Q008,1.0.0,prepared_original,M18,scenario and mechanism interpretation,Interprets device lifecycle security within the original scenario.,Learner choice and categorical confidence; record assistance and actual time; separate original/retest results.,mcq,UUU M18; CEH v5 domain 7,not assigned,uuu_course_aligned_v1,false,D,Verify update authenticity and integrity before accepting firmware; signature checks need a trusted key and correct implementation.,Plain-English reteaching plus at least three varied retests; preserve partial work at endpoint.,Codex original educational item,author review; independent SME review pending,2026-09-18,2026-09-18
CEH26-M18-Q009,1.0.0,prepared_original,M18,scenario and mechanism interpretation,Interprets ot priorities within the original scenario.,Learner choice and categorical confidence; record assistance and actual time; separate original/retest results.,mcq,UUU M18; CEH v5 domain 7,not assigned,uuu_course_aligned_v1,false,B,Industrial operations may require continuity and predictable control behavior; unplanned disruption can have physical consequences.,Plain-English reteaching plus at least three varied retests; preserve partial work at endpoint.,Codex original educational item,author review; independent SME review pending,2026-09-18,2026-09-18
CEH26-M18-Q010,1.0.0,prepared_original,M18,scenario and mechanism interpretation,Interprets industrial roles within the original scenario.,Learner choice and categorical confidence; record assistance and actual time; separate original/retest results.,mcq,UUU M18; CEH v5 domain 7,not assigned,uuu_course_aligned_v1,false,A,A human-machine interface presents process information and controls to an operator.,Plain-English reteaching plus at least three varied retests; preserve partial work at endpoint.,Codex original educational item,author review; independent SME review pending,2026-09-18,2026-09-18
CEH26-M18-Q011,1.0.0,prepared_original,M18,scenario and mechanism interpretation,Interprets segmentation and remote access within the original scenario.,Learner choice and categorical confidence; record assistance and actual time; separate original/retest results.,mcq,UUU M18; CEH v5 domain 7,not assigned,uuu_course_aligned_v1,false,A,A managed intermediary can constrain and log approved administrative access instead of exposing controllers directly.,Plain-English reteaching plus at least three varied retests; preserve partial work at endpoint.,Codex original educational item,author review; independent SME review pending,2026-09-18,2026-09-18
CEH26-M18-Q012,1.0.0,prepared_original,M18,scenario and mechanism interpretation,Interprets iot data and trust within the original scenario.,Learner choice and categorical confidence; record assistance and actual time; separate original/retest results.,mcq,UUU M18; CEH v5 domain 7,not assigned,uuu_course_aligned_v1,false,B,Verify that commands or measurements come from an authorized sender and have not been altered under the chosen trust model.,Plain-English reteaching plus at least three varied retests; preserve partial work at endpoint.,Codex original educational item,author review; independent SME review pending,2026-09-18,2026-09-18
CEH26-M18-Q013,1.0.0,prepared_original,M18,scenario and mechanism interpretation,Interprets iot protocol roles within the original scenario.,Learner choice and categorical confidence; record assistance and actual time; separate original/retest results.,mcq,UUU M18; CEH v5 domain 7,not assigned,uuu_course_aligned_v1,false,C,Modbus supports industrial register-oriented communication; security depends on variant and deployment controls rather than assuming every installation authenticates commands.,Plain-English reteaching plus at least three varied retests; preserve partial work at endpoint.,Codex original educational item,author review; independent SME review pending,2026-09-18,2026-09-18
CEH26-M18-Q014,1.0.0,prepared_original,M18,scenario and mechanism interpretation,Interprets device lifecycle security within the original scenario.,Learner choice and categorical confidence; record assistance and actual time; separate original/retest results.,mcq,UUU M18; CEH v5 domain 7,not assigned,uuu_course_aligned_v1,false,A,Secure boot verifies the authorized boot chain and helps prevent execution of untrusted boot components.,Plain-English reteaching plus at least three varied retests; preserve partial work at endpoint.,Codex original educational item,author review; independent SME review pending,2026-09-18,2026-09-18
CEH26-M18-Q015,1.0.0,prepared_original,M18,scenario and mechanism interpretation,Interprets ot priorities within the original scenario.,Learner choice and categorical confidence; record assistance and actual time; separate original/retest results.,mcq,UUU M18; CEH v5 domain 7,not assigned,uuu_course_aligned_v1,false,D,"Changes to operational systems require the process owner's approved timing, validation and recovery procedures.",Plain-English reteaching plus at least three varied retests; preserve partial work at endpoint.,Codex original educational item,author review; independent SME review pending,2026-09-18,2026-09-18
CEH26-M18-Q016,1.0.0,prepared_original,M18,scenario and mechanism interpretation,Interprets industrial roles within the original scenario.,Learner choice and categorical confidence; record assistance and actual time; separate original/retest results.,mcq,UUU M18; CEH v5 domain 7,not assigned,uuu_course_aligned_v1,false,D,"SCADA supervises and gathers data across industrial operations, often involving distributed control assets.",Plain-English reteaching plus at least three varied retests; preserve partial work at endpoint.,Codex original educational item,author review; independent SME review pending,2026-09-18,2026-09-18
CEH26-M18-Q017,1.0.0,prepared_original,M18,scenario and mechanism interpretation,Interprets segmentation and remote access within the original scenario.,Learner choice and categorical confidence; record assistance and actual time; separate original/retest results.,mcq,UUU M18; CEH v5 domain 7,not assigned,uuu_course_aligned_v1,false,B,"Limit vendor remote access to authorized identities, purpose and windows, with reviewable revocation.",Plain-English reteaching plus at least three varied retests; preserve partial work at endpoint.,Codex original educational item,author review; independent SME review pending,2026-09-18,2026-09-18
CEH26-M18-Q018,1.0.0,prepared_original,M18,scenario and mechanism interpretation,Interprets iot data and trust within the original scenario.,Learner choice and categorical confidence; record assistance and actual time; separate original/retest results.,mcq,UUU M18; CEH v5 domain 7,not assigned,uuu_course_aligned_v1,false,A,"Use appropriate freshness, sequence or challenge mechanisms so an old valid message cannot be reused as a new command.",Plain-English reteaching plus at least three varied retests; preserve partial work at endpoint.,Codex original educational item,author review; independent SME review pending,2026-09-18,2026-09-18
CEH26-M18-Q019,1.0.0,prepared_original,M18,scenario and mechanism interpretation,Interprets iot protocol roles within the original scenario.,Learner choice and categorical confidence; record assistance and actual time; separate original/retest results.,mcq,UUU M18; CEH v5 domain 7,not assigned,uuu_course_aligned_v1,false,B,"Zigbee supports low-power wireless networking for constrained devices; joining, keys and implementation security still matter.",Plain-English reteaching plus at least three varied retests; preserve partial work at endpoint.,Codex original educational item,author review; independent SME review pending,2026-09-18,2026-09-18
CEH26-M18-Q020,1.0.0,prepared_original,M18,scenario and mechanism interpretation,Interprets device lifecycle security within the original scenario.,Learner choice and categorical confidence; record assistance and actual time; separate original/retest results.,mcq,UUU M18; CEH v5 domain 7,not assigned,uuu_course_aligned_v1,false,C,Rollback protection prevents installation of disallowed older versions even if those versions were once correctly signed.,Plain-English reteaching plus at least three varied retests; preserve partial work at endpoint.,Codex original educational item,author review; independent SME review pending,2026-09-18,2026-09-18
CEH26-M18-Q021,1.0.0,prepared_original,M18,scenario and mechanism interpretation,Interprets ot priorities within the original scenario.,Learner choice and categorical confidence; record assistance and actual time; separate original/retest results.,mcq,UUU M18; CEH v5 domain 7,not assigned,uuu_course_aligned_v1,false,C,"Where active tests could affect fragile systems, approved passive evidence may be the appropriate initial assessment method.",Plain-English reteaching plus at least three varied retests; preserve partial work at endpoint.,Codex original educational item,author review; independent SME review pending,2026-09-18,2026-09-18
CEH26-M18-Q022,1.0.0,prepared_original,M18,scenario and mechanism interpretation,Interprets industrial roles within the original scenario.,Learner choice and categorical confidence; record assistance and actual time; separate original/retest results.,mcq,UUU M18; CEH v5 domain 7,not assigned,uuu_course_aligned_v1,false,B,A historian stores time-series process data for analysis and operational records.,Plain-English reteaching plus at least three varied retests; preserve partial work at endpoint.,Codex original educational item,author review; independent SME review pending,2026-09-18,2026-09-18
CEH26-M18-Q023,1.0.0,prepared_original,M18,scenario and mechanism interpretation,Interprets segmentation and remote access within the original scenario.,Learner choice and categorical confidence; record assistance and actual time; separate original/retest results.,mcq,UUU M18; CEH v5 domain 7,not assigned,uuu_course_aligned_v1,false,D,"Maintain known devices, firmware, function and ownership so exposure and change decisions have an operational basis.",Plain-English reteaching plus at least three varied retests; preserve partial work at endpoint.,Codex original educational item,author review; independent SME review pending,2026-09-18,2026-09-18
CEH26-M18-Q024,1.0.0,prepared_original,M18,scenario and mechanism interpretation,Interprets iot data and trust within the original scenario.,Learner choice and categorical confidence; record assistance and actual time; separate original/retest results.,mcq,UUU M18; CEH v5 domain 7,not assigned,uuu_course_aligned_v1,false,D,"On failure or uncertainty, a device should move to the defined safe operational condition rather than an arbitrary convenient state.",Plain-English reteaching plus at least three varied retests; preserve partial work at endpoint.,Codex original educational item,author review; independent SME review pending,2026-09-18,2026-09-18
CEH26-M18-Q025,1.0.0,prepared_original,M18,scenario and mechanism interpretation,Interprets iot protocol roles within the original scenario.,Learner choice and categorical confidence; record assistance and actual time; separate original/retest results.,mcq,UUU M18; CEH v5 domain 7,not assigned,uuu_course_aligned_v1,false,A,"MQTT uses a publish/subscribe model through a broker; authentication, topic authorization and transport protection require configuration.",Plain-English reteaching plus at least three varied retests; preserve partial work at endpoint.,Codex original educational item,author review; independent SME review pending,2026-09-18,2026-09-18
CEH26-M18-Q026,1.0.0,prepared_original,M18,scenario and mechanism interpretation,Interprets device lifecycle security within the original scenario.,Learner choice and categorical confidence; record assistance and actual time; separate original/retest results.,mcq,UUU M18; CEH v5 domain 7,not assigned,uuu_course_aligned_v1,false,D,Verify update authenticity and integrity before accepting firmware; signature checks need a trusted key and correct implementation.,Plain-English reteaching plus at least three varied retests; preserve partial work at endpoint.,Codex original educational item,author review; independent SME review pending,2026-09-18,2026-09-18
CEH26-M18-Q027,1.0.0,prepared_original,M18,scenario and mechanism interpretation,Interprets ot priorities within the original scenario.,Learner choice and categorical confidence; record assistance and actual time; separate original/retest results.,mcq,UUU M18; CEH v5 domain 7,not assigned,uuu_course_aligned_v1,false,A,"OT security decisions must consider possible harm to people, equipment and the physical process, not only data loss.",Plain-English reteaching plus at least three varied retests; preserve partial work at endpoint.,Codex original educational item,author review; independent SME review pending,2026-09-18,2026-09-18
CEH26-M18-Q028,1.0.0,prepared_original,M18,scenario and mechanism interpretation,Interprets industrial roles within the original scenario.,Learner choice and categorical confidence; record assistance and actual time; separate original/retest results.,mcq,UUU M18; CEH v5 domain 7,not assigned,uuu_course_aligned_v1,false,A,A programmable logic controller executes control logic and interfaces with process inputs and outputs.,Plain-English reteaching plus at least three varied retests; preserve partial work at endpoint.,Codex original educational item,author review; independent SME review pending,2026-09-18,2026-09-18
CEH26-M18-Q029,1.0.0,prepared_original,M18,scenario and mechanism interpretation,Interprets segmentation and remote access within the original scenario.,Learner choice and categorical confidence; record assistance and actual time; separate original/retest results.,mcq,UUU M18; CEH v5 domain 7,not assigned,uuu_course_aligned_v1,false,B,"Separate assets by trust and function, and restrict the communication paths that cross those boundaries.",Plain-English reteaching plus at least three varied retests; preserve partial work at endpoint.,Codex original educational item,author review; independent SME review pending,2026-09-18,2026-09-18
CEH26-M18-Q030,1.0.0,prepared_original,M18,scenario and mechanism interpretation,Interprets iot data and trust within the original scenario.,Learner choice and categorical confidence; record assistance and actual time; separate original/retest results.,mcq,UUU M18; CEH v5 domain 7,not assigned,uuu_course_aligned_v1,false,C,Authenticate a client and separately check which topics or resources it may read or modify.,Plain-English reteaching plus at least three varied retests; preserve partial work at endpoint.,Codex original educational item,author review; independent SME review pending,2026-09-18,2026-09-18
CEH26-M19-Q001,1.0.0,prepared_original,M19,scenario and mechanism interpretation,Interprets service models within the original scenario.,Learner choice and categorical confidence; record assistance and actual time; separate original/retest results.,mcq,UUU M19; CEH v5 domain 8,not assigned,uuu_course_aligned_v1,false,C,IaaS exposes infrastructure resources while customers typically manage guest operating systems and their workloads.,Plain-English reteaching plus at least three varied retests; preserve partial work at endpoint.,Codex original educational item,author review; independent SME review pending,2026-09-18,2026-09-18
CEH26-M19-Q002,1.0.0,prepared_original,M19,scenario and mechanism interpretation,Interprets cloud identity within the original scenario.,Learner choice and categorical confidence; record assistance and actual time; separate original/retest results.,mcq,UUU M19; CEH v5 domain 8,not assigned,uuu_course_aligned_v1,false,A,"Grant only the cloud actions and resources required for a role, with conditions where appropriate.",Plain-English reteaching plus at least three varied retests; preserve partial work at endpoint.,Codex original educational item,author review; independent SME review pending,2026-09-18,2026-09-18
CEH26-M19-Q003,1.0.0,prepared_original,M19,scenario and mechanism interpretation,Interprets storage and data within the original scenario.,Learner choice and categorical confidence; record assistance and actual time; separate original/retest results.,mcq,UUU M19; CEH v5 domain 8,not assigned,uuu_course_aligned_v1,false,A,"Review whether storage resources permit anonymous or unintended principals, including effective policy combinations.",Plain-English reteaching plus at least three varied retests; preserve partial work at endpoint.,Codex original educational item,author review; independent SME review pending,2026-09-18,2026-09-18
CEH26-M19-Q004,1.0.0,prepared_original,M19,scenario and mechanism interpretation,Interprets cloud network paths within the original scenario.,Learner choice and categorical confidence; record assistance and actual time; separate original/retest results.,mcq,UUU M19; CEH v5 domain 8,not assigned,uuu_course_aligned_v1,false,B,A workload-level network policy constrains permitted traffic according to the cloud service's supported semantics.,Plain-English reteaching plus at least three varied retests; preserve partial work at endpoint.,Codex original educational item,author review; independent SME review pending,2026-09-18,2026-09-18
CEH26-M19-Q005,1.0.0,prepared_original,M19,scenario and mechanism interpretation,Interprets containers and orchestration within the original scenario.,Learner choice and categorical confidence; record assistance and actual time; separate original/retest results.,mcq,UUU M19; CEH v5 domain 8,not assigned,uuu_course_aligned_v1,false,A,Containers usually share a host kernel; isolation is not equivalent to a completely independent hardware machine.,Plain-English reteaching plus at least three varied retests; preserve partial work at endpoint.,Codex original educational item,author review; independent SME review pending,2026-09-18,2026-09-18
CEH26-M19-Q006,1.0.0,prepared_original,M19,scenario and mechanism interpretation,Interprets serverless and audit within the original scenario.,Learner choice and categorical confidence; record assistance and actual time; separate original/retest results.,mcq,UUU M19; CEH v5 domain 8,not assigned,uuu_course_aligned_v1,false,D,Validate untrusted event data and authorization even when a managed platform invokes the function.,Plain-English reteaching plus at least three varied retests; preserve partial work at endpoint.,Codex original educational item,author review; independent SME review pending,2026-09-18,2026-09-18
CEH26-M19-Q007,1.0.0,prepared_original,M19,scenario and mechanism interpretation,Interprets service models within the original scenario.,Learner choice and categorical confidence; record assistance and actual time; separate original/retest results.,mcq,UUU M19; CEH v5 domain 8,not assigned,uuu_course_aligned_v1,false,D,"PaaS manages more of the application platform, while customers still manage their application logic, data and relevant configuration.",Plain-English reteaching plus at least three varied retests; preserve partial work at endpoint.,Codex original educational item,author review; independent SME review pending,2026-09-18,2026-09-18
CEH26-M19-Q008,1.0.0,prepared_original,M19,scenario and mechanism interpretation,Interprets cloud identity within the original scenario.,Learner choice and categorical confidence; record assistance and actual time; separate original/retest results.,mcq,UUU M19; CEH v5 domain 8,not assigned,uuu_course_aligned_v1,false,B,Use temporary workload identity or credentials rather than distributing long-lived static secrets when supported.,Plain-English reteaching plus at least three varied retests; preserve partial work at endpoint.,Codex original educational item,author review; independent SME review pending,2026-09-18,2026-09-18
CEH26-M19-Q009,1.0.0,prepared_original,M19,scenario and mechanism interpretation,Interprets storage and data within the original scenario.,Learner choice and categorical confidence; record assistance and actual time; separate original/retest results.,mcq,UUU M19; CEH v5 domain 8,not assigned,uuu_course_aligned_v1,false,B,Storage encryption protects data under a key-management model; it does not replace authorization to read decrypted objects.,Plain-English reteaching plus at least three varied retests; preserve partial work at endpoint.,Codex original educational item,author review; independent SME review pending,2026-09-18,2026-09-18
CEH26-M19-Q010,1.0.0,prepared_original,M19,scenario and mechanism interpretation,Interprets cloud network paths within the original scenario.,Learner choice and categorical confidence; record assistance and actual time; separate original/retest results.,mcq,UUU M19; CEH v5 domain 8,not assigned,uuu_course_aligned_v1,false,C,"Track public addresses, listeners and service endpoints rather than assuming a resource is private by name.",Plain-English reteaching plus at least three varied retests; preserve partial work at endpoint.,Codex original educational item,author review; independent SME review pending,2026-09-18,2026-09-18
CEH26-M19-Q011,1.0.0,prepared_original,M19,scenario and mechanism interpretation,Interprets containers and orchestration within the original scenario.,Learner choice and categorical confidence; record assistance and actual time; separate original/retest results.,mcq,UUU M19; CEH v5 domain 8,not assigned,uuu_course_aligned_v1,false,B,Use trustworthy images and maintain their dependencies; a signed origin alone does not mean the contents are vulnerability-free.,Plain-English reteaching plus at least three varied retests; preserve partial work at endpoint.,Codex original educational item,author review; independent SME review pending,2026-09-18,2026-09-18
CEH26-M19-Q012,1.0.0,prepared_original,M19,scenario and mechanism interpretation,Interprets serverless and audit within the original scenario.,Learner choice and categorical confidence; record assistance and actual time; separate original/retest results.,mcq,UUU M19; CEH v5 domain 8,not assigned,uuu_course_aligned_v1,false,C,Bound function work and concurrency to control availability and cost exposure within platform capabilities.,Plain-English reteaching plus at least three varied retests; preserve partial work at endpoint.,Codex original educational item,author review; independent SME review pending,2026-09-18,2026-09-18
CEH26-M19-Q013,1.0.0,prepared_original,M19,scenario and mechanism interpretation,Interprets service models within the original scenario.,Learner choice and categorical confidence; record assistance and actual time; separate original/retest results.,mcq,UUU M19; CEH v5 domain 8,not assigned,uuu_course_aligned_v1,false,C,"SaaS delivers an application operated by the provider, while customer identities, use and configuration still carry responsibilities.",Plain-English reteaching plus at least three varied retests; preserve partial work at endpoint.,Codex original educational item,author review; independent SME review pending,2026-09-18,2026-09-18
CEH26-M19-Q014,1.0.0,prepared_original,M19,scenario and mechanism interpretation,Interprets cloud identity within the original scenario.,Learner choice and categorical confidence; record assistance and actual time; separate original/retest results.,mcq,UUU M19; CEH v5 domain 8,not assigned,uuu_course_aligned_v1,false,D,Review resource-level access together with identity policy because both can affect who can use an object or service.,Plain-English reteaching plus at least three varied retests; preserve partial work at endpoint.,Codex original educational item,author review; independent SME review pending,2026-09-18,2026-09-18
CEH26-M19-Q015,1.0.0,prepared_original,M19,scenario and mechanism interpretation,Interprets storage and data within the original scenario.,Learner choice and categorical confidence; record assistance and actual time; separate original/retest results.,mcq,UUU M19; CEH v5 domain 8,not assigned,uuu_course_aligned_v1,false,B,"Retained versions or backups can support recovery, subject to retention, deletion privileges and restore testing.",Plain-English reteaching plus at least three varied retests; preserve partial work at endpoint.,Codex original educational item,author review; independent SME review pending,2026-09-18,2026-09-18
CEH26-M19-Q016,1.0.0,prepared_original,M19,scenario and mechanism interpretation,Interprets cloud network paths within the original scenario.,Learner choice and categorical confidence; record assistance and actual time; separate original/retest results.,mcq,UUU M19; CEH v5 domain 8,not assigned,uuu_course_aligned_v1,false,A,"Protect access to workload metadata and credentials, especially against server-side request paths that can reach it.",Plain-English reteaching plus at least three varied retests; preserve partial work at endpoint.,Codex original educational item,author review; independent SME review pending,2026-09-18,2026-09-18
CEH26-M19-Q017,1.0.0,prepared_original,M19,scenario and mechanism interpretation,Interprets containers and orchestration within the original scenario.,Learner choice and categorical confidence; record assistance and actual time; separate original/retest results.,mcq,UUU M19; CEH v5 domain 8,not assigned,uuu_course_aligned_v1,false,A,"Restrict which identities can perform operations on cluster resources, including sensitive administrative actions.",Plain-English reteaching plus at least three varied retests; preserve partial work at endpoint.,Codex original educational item,author review; independent SME review pending,2026-09-18,2026-09-18
CEH26-M19-Q018,1.0.0,prepared_original,M19,scenario and mechanism interpretation,Interprets serverless and audit within the original scenario.,Learner choice and categorical confidence; record assistance and actual time; separate original/retest results.,mcq,UUU M19; CEH v5 domain 8,not assigned,uuu_course_aligned_v1,false,B,"Audit records capture supported management or data events; configuration, retention and protection determine their investigative usefulness.",Plain-English reteaching plus at least three varied retests; preserve partial work at endpoint.,Codex original educational item,author review; independent SME review pending,2026-09-18,2026-09-18
CEH26-M19-Q019,1.0.0,prepared_original,M19,scenario and mechanism interpretation,Interprets service models within the original scenario.,Learner choice and categorical confidence; record assistance and actual time; separate original/retest results.,mcq,UUU M19; CEH v5 domain 8,not assigned,uuu_course_aligned_v1,false,D,Security duties depend on the service and contract; using a provider does not eliminate the customer's responsibilities.,Plain-English reteaching plus at least three varied retests; preserve partial work at endpoint.,Codex original educational item,author review; independent SME review pending,2026-09-18,2026-09-18
CEH26-M19-Q020,1.0.0,prepared_original,M19,scenario and mechanism interpretation,Interprets cloud identity within the original scenario.,Learner choice and categorical confidence; record assistance and actual time; separate original/retest results.,mcq,UUU M19; CEH v5 domain 8,not assigned,uuu_course_aligned_v1,false,D,"Protect high-impact administrative identities with strong authentication, controlled use and recovery procedures.",Plain-English reteaching plus at least three varied retests; preserve partial work at endpoint.,Codex original educational item,author review; independent SME review pending,2026-09-18,2026-09-18
CEH26-M19-Q021,1.0.0,prepared_original,M19,scenario and mechanism interpretation,Interprets storage and data within the original scenario.,Learner choice and categorical confidence; record assistance and actual time; separate original/retest results.,mcq,UUU M19; CEH v5 domain 8,not assigned,uuu_course_aligned_v1,false,D,"Classify information and choose approved storage locations, retention and handling requirements for that class.",Plain-English reteaching plus at least three varied retests; preserve partial work at endpoint.,Codex original educational item,author review; independent SME review pending,2026-09-18,2026-09-18
CEH26-M19-Q022,1.0.0,prepared_original,M19,scenario and mechanism interpretation,Interprets cloud network paths within the original scenario.,Learner choice and categorical confidence; record assistance and actual time; separate original/retest results.,mcq,UUU M19; CEH v5 domain 8,not assigned,uuu_course_aligned_v1,false,A,"Use supported private access paths where appropriate to reduce unnecessary public routing, while retaining authentication and authorization.",Plain-English reteaching plus at least three varied retests; preserve partial work at endpoint.,Codex original educational item,author review; independent SME review pending,2026-09-18,2026-09-18
CEH26-M19-Q023,1.0.0,prepared_original,M19,scenario and mechanism interpretation,Interprets containers and orchestration within the original scenario.,Learner choice and categorical confidence; record assistance and actual time; separate original/retest results.,mcq,UUU M19; CEH v5 domain 8,not assigned,uuu_course_aligned_v1,false,C,"Deliver secrets through appropriate restricted mechanisms rather than embedding them in images, code or broadly visible configuration.",Plain-English reteaching plus at least three varied retests; preserve partial work at endpoint.,Codex original educational item,author review; independent SME review pending,2026-09-18,2026-09-18
CEH26-M19-Q024,1.0.0,prepared_original,M19,scenario and mechanism interpretation,Interprets serverless and audit within the original scenario.,Learner choice and categorical confidence; record assistance and actual time; separate original/retest results.,mcq,UUU M19; CEH v5 domain 8,not assigned,uuu_course_aligned_v1,false,B,Logging and controls must cover the actual regions and services in use rather than assuming one configured location covers everything.,Plain-English reteaching plus at least three varied retests; preserve partial work at endpoint.,Codex original educational item,author review; independent SME review pending,2026-09-18,2026-09-18
CEH26-M19-Q025,1.0.0,prepared_original,M19,scenario and mechanism interpretation,Interprets service models within the original scenario.,Learner choice and categorical confidence; record assistance and actual time; separate original/retest results.,mcq,UUU M19; CEH v5 domain 8,not assigned,uuu_course_aligned_v1,false,B,IaaS exposes infrastructure resources while customers typically manage guest operating systems and their workloads.,Plain-English reteaching plus at least three varied retests; preserve partial work at endpoint.,Codex original educational item,author review; independent SME review pending,2026-09-18,2026-09-18
CEH26-M19-Q026,1.0.0,prepared_original,M19,scenario and mechanism interpretation,Interprets cloud identity within the original scenario.,Learner choice and categorical confidence; record assistance and actual time; separate original/retest results.,mcq,UUU M19; CEH v5 domain 8,not assigned,uuu_course_aligned_v1,false,D,Use temporary workload identity or credentials rather than distributing long-lived static secrets when supported.,Plain-English reteaching plus at least three varied retests; preserve partial work at endpoint.,Codex original educational item,author review; independent SME review pending,2026-09-18,2026-09-18
CEH26-M19-Q027,1.0.0,prepared_original,M19,scenario and mechanism interpretation,Interprets storage and data within the original scenario.,Learner choice and categorical confidence; record assistance and actual time; separate original/retest results.,mcq,UUU M19; CEH v5 domain 8,not assigned,uuu_course_aligned_v1,false,D,Storage encryption protects data under a key-management model; it does not replace authorization to read decrypted objects.,Plain-English reteaching plus at least three varied retests; preserve partial work at endpoint.,Codex original educational item,author review; independent SME review pending,2026-09-18,2026-09-18
CEH26-M19-Q028,1.0.0,prepared_original,M19,scenario and mechanism interpretation,Interprets cloud network paths within the original scenario.,Learner choice and categorical confidence; record assistance and actual time; separate original/retest results.,mcq,UUU M19; CEH v5 domain 8,not assigned,uuu_course_aligned_v1,false,A,A workload-level network policy constrains permitted traffic according to the cloud service's supported semantics.,Plain-English reteaching plus at least three varied retests; preserve partial work at endpoint.,Codex original educational item,author review; independent SME review pending,2026-09-18,2026-09-18
CEH26-M19-Q029,1.0.0,prepared_original,M19,scenario and mechanism interpretation,Interprets containers and orchestration within the original scenario.,Learner choice and categorical confidence; record assistance and actual time; separate original/retest results.,mcq,UUU M19; CEH v5 domain 8,not assigned,uuu_course_aligned_v1,false,C,Containers usually share a host kernel; isolation is not equivalent to a completely independent hardware machine.,Plain-English reteaching plus at least three varied retests; preserve partial work at endpoint.,Codex original educational item,author review; independent SME review pending,2026-09-18,2026-09-18
CEH26-M19-Q030,1.0.0,prepared_original,M19,scenario and mechanism interpretation,Interprets serverless and audit within the original scenario.,Learner choice and categorical confidence; record assistance and actual time; separate original/retest results.,mcq,UUU M19; CEH v5 domain 8,not assigned,uuu_course_aligned_v1,false,C,Validate untrusted event data and authorization even when a managed platform invokes the function.,Plain-English reteaching plus at least three varied retests; preserve partial work at endpoint.,Codex original educational item,author review; independent SME review pending,2026-09-18,2026-09-18
CEH26-M20-Q001,1.0.0,prepared_original,M20,scenario and mechanism interpretation,Interprets cryptographic primitives within the original scenario.,Learner choice and categorical confidence; record assistance and actual time; separate original/retest results.,mcq,UUU M20; CEH v5 domain 9,not assigned,uuu_course_aligned_v1,false,B,A cryptographic hash produces a fixed-size digest without a secret key; an untrusted digest alone does not prove origin.,Plain-English reteaching plus at least three varied retests; preserve partial work at endpoint.,Codex original educational item,author review; independent SME review pending,2026-09-18,2026-09-18
CEH26-M20-Q002,1.0.0,prepared_original,M20,scenario and mechanism interpretation,Interprets security properties within the original scenario.,Learner choice and categorical confidence; record assistance and actual time; separate original/retest results.,mcq,UUU M20; CEH v5 domain 9,not assigned,uuu_course_aligned_v1,false,B,Preimage resistance makes finding an input for a specified hash output computationally impractical under the intended security level.,Plain-English reteaching plus at least three varied retests; preserve partial work at endpoint.,Codex original educational item,author review; independent SME review pending,2026-09-18,2026-09-18
CEH26-M20-Q003,1.0.0,prepared_original,M20,scenario and mechanism interpretation,Interprets encryption modes within the original scenario.,Learner choice and categorical confidence; record assistance and actual time; separate original/retest results.,mcq,UUU M20; CEH v5 domain 9,not assigned,uuu_course_aligned_v1,false,D,"ECB independently encrypts equal plaintext blocks under the same key into equal ciphertext blocks, exposing repeated structure.",Plain-English reteaching plus at least three varied retests; preserve partial work at endpoint.,Codex original educational item,author review; independent SME review pending,2026-09-18,2026-09-18
CEH26-M20-Q004,1.0.0,prepared_original,M20,scenario and mechanism interpretation,Interprets pki and certificates within the original scenario.,Learner choice and categorical confidence; record assistance and actual time; separate original/retest results.,mcq,UUU M20; CEH v5 domain 9,not assigned,uuu_course_aligned_v1,false,C,Validate a certificate through an accepted trust chain under the verifier's policy.,Plain-English reteaching plus at least three varied retests; preserve partial work at endpoint.,Codex original educational item,author review; independent SME review pending,2026-09-18,2026-09-18
CEH26-M20-Q005,1.0.0,prepared_original,M20,scenario and mechanism interpretation,Interprets key lifecycle within the original scenario.,Learner choice and categorical confidence; record assistance and actual time; separate original/retest results.,mcq,UUU M20; CEH v5 domain 9,not assigned,uuu_course_aligned_v1,false,A,Security-sensitive keys and nonces need an appropriate unpredictable generator and correct construction-specific handling.,Plain-English reteaching plus at least three varied retests; preserve partial work at endpoint.,Codex original educational item,author review; independent SME review pending,2026-09-18,2026-09-18
CEH26-M20-Q006,1.0.0,prepared_original,M20,scenario and mechanism interpretation,Interprets common confusions within the original scenario.,Learner choice and categorical confidence; record assistance and actual time; separate original/retest results.,mcq,UUU M20; CEH v5 domain 9,not assigned,uuu_course_aligned_v1,false,D,Encoding changes representation for interoperability and generally provides no secret-based confidentiality.,Plain-English reteaching plus at least three varied retests; preserve partial work at endpoint.,Codex original educational item,author review; independent SME review pending,2026-09-18,2026-09-18
CEH26-M20-Q007,1.0.0,prepared_original,M20,scenario and mechanism interpretation,Interprets cryptographic primitives within the original scenario.,Learner choice and categorical confidence; record assistance and actual time; separate original/retest results.,mcq,UUU M20; CEH v5 domain 9,not assigned,uuu_course_aligned_v1,false,D,"Symmetric encryption uses shared secret key material to protect confidentiality, with suitable modes and key handling.",Plain-English reteaching plus at least three varied retests; preserve partial work at endpoint.,Codex original educational item,author review; independent SME review pending,2026-09-18,2026-09-18
CEH26-M20-Q008,1.0.0,prepared_original,M20,scenario and mechanism interpretation,Interprets security properties within the original scenario.,Learner choice and categorical confidence; record assistance and actual time; separate original/retest results.,mcq,UUU M20; CEH v5 domain 9,not assigned,uuu_course_aligned_v1,false,C,Second-preimage resistance makes finding a different input with the same digest as a given input impractical.,Plain-English reteaching plus at least three varied retests; preserve partial work at endpoint.,Codex original educational item,author review; independent SME review pending,2026-09-18,2026-09-18
CEH26-M20-Q009,1.0.0,prepared_original,M20,scenario and mechanism interpretation,Interprets encryption modes within the original scenario.,Learner choice and categorical confidence; record assistance and actual time; separate original/retest results.,mcq,UUU M20; CEH v5 domain 9,not assigned,uuu_course_aligned_v1,false,A,CBC encryption needs a suitable unpredictable initialization vector and separate integrity protection when used without an authenticated construction.,Plain-English reteaching plus at least three varied retests; preserve partial work at endpoint.,Codex original educational item,author review; independent SME review pending,2026-09-18,2026-09-18
CEH26-M20-Q010,1.0.0,prepared_original,M20,scenario and mechanism interpretation,Interprets pki and certificates within the original scenario.,Learner choice and categorical confidence; record assistance and actual time; separate original/retest results.,mcq,UUU M20; CEH v5 domain 9,not assigned,uuu_course_aligned_v1,false,C,Check that the certificate identity matches the intended service name rather than merely trusting its issuer.,Plain-English reteaching plus at least three varied retests; preserve partial work at endpoint.,Codex original educational item,author review; independent SME review pending,2026-09-18,2026-09-18
CEH26-M20-Q011,1.0.0,prepared_original,M20,scenario and mechanism interpretation,Interprets key lifecycle within the original scenario.,Learner choice and categorical confidence; record assistance and actual time; separate original/retest results.,mcq,UUU M20; CEH v5 domain 9,not assigned,uuu_course_aligned_v1,false,A,Use keys for their intended purpose and trust boundary rather than reusing one key across unrelated functions.,Plain-English reteaching plus at least three varied retests; preserve partial work at endpoint.,Codex original educational item,author review; independent SME review pending,2026-09-18,2026-09-18
CEH26-M20-Q012,1.0.0,prepared_original,M20,scenario and mechanism interpretation,Interprets common confusions within the original scenario.,Learner choice and categorical confidence; record assistance and actual time; separate original/retest results.,mcq,UUU M20; CEH v5 domain 9,not assigned,uuu_course_aligned_v1,false,D,Steganography hides information within another carrier; secrecy of content may still require encryption.,Plain-English reteaching plus at least three varied retests; preserve partial work at endpoint.,Codex original educational item,author review; independent SME review pending,2026-09-18,2026-09-18
CEH26-M20-Q013,1.0.0,prepared_original,M20,scenario and mechanism interpretation,Interprets cryptographic primitives within the original scenario.,Learner choice and categorical confidence; record assistance and actual time; separate original/retest results.,mcq,UUU M20; CEH v5 domain 9,not assigned,uuu_course_aligned_v1,false,C,A digital signature uses a private signing key and public verification key to authenticate signed content under a trust model.,Plain-English reteaching plus at least three varied retests; preserve partial work at endpoint.,Codex original educational item,author review; independent SME review pending,2026-09-18,2026-09-18
CEH26-M20-Q014,1.0.0,prepared_original,M20,scenario and mechanism interpretation,Interprets security properties within the original scenario.,Learner choice and categorical confidence; record assistance and actual time; separate original/retest results.,mcq,UUU M20; CEH v5 domain 9,not assigned,uuu_course_aligned_v1,false,A,Collision resistance makes finding any two distinct inputs with the same digest impractical under the intended security level.,Plain-English reteaching plus at least three varied retests; preserve partial work at endpoint.,Codex original educational item,author review; independent SME review pending,2026-09-18,2026-09-18
CEH26-M20-Q015,1.0.0,prepared_original,M20,scenario and mechanism interpretation,Interprets encryption modes within the original scenario.,Learner choice and categorical confidence; record assistance and actual time; separate original/retest results.,mcq,UUU M20; CEH v5 domain 9,not assigned,uuu_course_aligned_v1,false,D,"CTR-style encryption requires avoiding reuse of the relevant nonce/counter stream under the same key, or plaintext relationships can leak.",Plain-English reteaching plus at least three varied retests; preserve partial work at endpoint.,Codex original educational item,author review; independent SME review pending,2026-09-18,2026-09-18
CEH26-M20-Q016,1.0.0,prepared_original,M20,scenario and mechanism interpretation,Interprets pki and certificates within the original scenario.,Learner choice and categorical confidence; record assistance and actual time; separate original/retest results.,mcq,UUU M20; CEH v5 domain 9,not assigned,uuu_course_aligned_v1,false,D,Consider validity periods and applicable revocation mechanisms according to the client and deployment policy.,Plain-English reteaching plus at least three varied retests; preserve partial work at endpoint.,Codex original educational item,author review; independent SME review pending,2026-09-18,2026-09-18
CEH26-M20-Q017,1.0.0,prepared_original,M20,scenario and mechanism interpretation,Interprets key lifecycle within the original scenario.,Learner choice and categorical confidence; record assistance and actual time; separate original/retest results.,mcq,UUU M20; CEH v5 domain 9,not assigned,uuu_course_aligned_v1,false,B,Replace or invalidate keys when required while managing dependent systems and retained data.,Plain-English reteaching plus at least three varied retests; preserve partial work at endpoint.,Codex original educational item,author review; independent SME review pending,2026-09-18,2026-09-18
CEH26-M20-Q018,1.0.0,prepared_original,M20,scenario and mechanism interpretation,Interprets common confusions within the original scenario.,Learner choice and categorical confidence; record assistance and actual time; separate original/retest results.,mcq,UUU M20; CEH v5 domain 9,not assigned,uuu_course_aligned_v1,false,C,Password verification normally uses a suitable one-way password KDF and salt rather than reversible encryption or a fast unsalted hash.,Plain-English reteaching plus at least three varied retests; preserve partial work at endpoint.,Codex original educational item,author review; independent SME review pending,2026-09-18,2026-09-18
CEH26-M20-Q019,1.0.0,prepared_original,M20,scenario and mechanism interpretation,Interprets cryptographic primitives within the original scenario.,Learner choice and categorical confidence; record assistance and actual time; separate original/retest results.,mcq,UUU M20; CEH v5 domain 9,not assigned,uuu_course_aligned_v1,false,A,HMAC uses a shared secret key and a hash-based construction to authenticate messages; any party holding the key can generate a valid tag.,Plain-English reteaching plus at least three varied retests; preserve partial work at endpoint.,Codex original educational item,author review; independent SME review pending,2026-09-18,2026-09-18
CEH26-M20-Q020,1.0.0,prepared_original,M20,scenario and mechanism interpretation,Interprets security properties within the original scenario.,Learner choice and categorical confidence; record assistance and actual time; separate original/retest results.,mcq,UUU M20; CEH v5 domain 9,not assigned,uuu_course_aligned_v1,false,B,Forward secrecy protects past session keys against later compromise of a long-term key when the protocol and key exchange provide it.,Plain-English reteaching plus at least three varied retests; preserve partial work at endpoint.,Codex original educational item,author review; independent SME review pending,2026-09-18,2026-09-18
CEH26-M20-Q021,1.0.0,prepared_original,M20,scenario and mechanism interpretation,Interprets encryption modes within the original scenario.,Learner choice and categorical confidence; record assistance and actual time; separate original/retest results.,mcq,UUU M20; CEH v5 domain 9,not assigned,uuu_course_aligned_v1,false,A,"Authenticated encryption, such as correctly used GCM, protects confidentiality and detects tampering while still requiring proper nonce and key handling.",Plain-English reteaching plus at least three varied retests; preserve partial work at endpoint.,Codex original educational item,author review; independent SME review pending,2026-09-18,2026-09-18
CEH26-M20-Q022,1.0.0,prepared_original,M20,scenario and mechanism interpretation,Interprets pki and certificates within the original scenario.,Learner choice and categorical confidence; record assistance and actual time; separate original/retest results.,mcq,UUU M20; CEH v5 domain 9,not assigned,uuu_course_aligned_v1,false,A,Protect the private key from disclosure or misuse; a public certificate does not need to be kept secret.,Plain-English reteaching plus at least three varied retests; preserve partial work at endpoint.,Codex original educational item,author review; independent SME review pending,2026-09-18,2026-09-18
CEH26-M20-Q023,1.0.0,prepared_original,M20,scenario and mechanism interpretation,Interprets key lifecycle within the original scenario.,Learner choice and categorical confidence; record assistance and actual time; separate original/retest results.,mcq,UUU M20; CEH v5 domain 9,not assigned,uuu_course_aligned_v1,false,B,"Retain keys only as needed and destroy them appropriately when their authorized lifetime ends, considering recovery obligations.",Plain-English reteaching plus at least three varied retests; preserve partial work at endpoint.,Codex original educational item,author review; independent SME review pending,2026-09-18,2026-09-18
CEH26-M20-Q024,1.0.0,prepared_original,M20,scenario and mechanism interpretation,Interprets common confusions within the original scenario.,Learner choice and categorical confidence; record assistance and actual time; separate original/retest results.,mcq,UUU M20; CEH v5 domain 9,not assigned,uuu_course_aligned_v1,false,D,A signature can authenticate content while leaving that content readable to anyone who receives it.,Plain-English reteaching plus at least three varied retests; preserve partial work at endpoint.,Codex original educational item,author review; independent SME review pending,2026-09-18,2026-09-18
CEH26-M20-Q025,1.0.0,prepared_original,M20,scenario and mechanism interpretation,Interprets cryptographic primitives within the original scenario.,Learner choice and categorical confidence; record assistance and actual time; separate original/retest results.,mcq,UUU M20; CEH v5 domain 9,not assigned,uuu_course_aligned_v1,false,C,A cryptographic hash produces a fixed-size digest without a secret key; an untrusted digest alone does not prove origin.,Plain-English reteaching plus at least three varied retests; preserve partial work at endpoint.,Codex original educational item,author review; independent SME review pending,2026-09-18,2026-09-18
CEH26-M20-Q026,1.0.0,prepared_original,M20,scenario and mechanism interpretation,Interprets security properties within the original scenario.,Learner choice and categorical confidence; record assistance and actual time; separate original/retest results.,mcq,UUU M20; CEH v5 domain 9,not assigned,uuu_course_aligned_v1,false,B,Second-preimage resistance makes finding a different input with the same digest as a given input impractical.,Plain-English reteaching plus at least three varied retests; preserve partial work at endpoint.,Codex original educational item,author review; independent SME review pending,2026-09-18,2026-09-18
CEH26-M20-Q027,1.0.0,prepared_original,M20,scenario and mechanism interpretation,Interprets encryption modes within the original scenario.,Learner choice and categorical confidence; record assistance and actual time; separate original/retest results.,mcq,UUU M20; CEH v5 domain 9,not assigned,uuu_course_aligned_v1,false,D,"ECB independently encrypts equal plaintext blocks under the same key into equal ciphertext blocks, exposing repeated structure.",Plain-English reteaching plus at least three varied retests; preserve partial work at endpoint.,Codex original educational item,author review; independent SME review pending,2026-09-18,2026-09-18
CEH26-M20-Q028,1.0.0,prepared_original,M20,scenario and mechanism interpretation,Interprets pki and certificates within the original scenario.,Learner choice and categorical confidence; record assistance and actual time; separate original/retest results.,mcq,UUU M20; CEH v5 domain 9,not assigned,uuu_course_aligned_v1,false,A,Validate a certificate through an accepted trust chain under the verifier's policy.,Plain-English reteaching plus at least three varied retests; preserve partial work at endpoint.,Codex original educational item,author review; independent SME review pending,2026-09-18,2026-09-18
CEH26-M20-Q029,1.0.0,prepared_original,M20,scenario and mechanism interpretation,Interprets key lifecycle within the original scenario.,Learner choice and categorical confidence; record assistance and actual time; separate original/retest results.,mcq,UUU M20; CEH v5 domain 9,not assigned,uuu_course_aligned_v1,false,B,Use keys for their intended purpose and trust boundary rather than reusing one key across unrelated functions.,Plain-English reteaching plus at least three varied retests; preserve partial work at endpoint.,Codex original educational item,author review; independent SME review pending,2026-09-18,2026-09-18
CEH26-M20-Q030,1.0.0,prepared_original,M20,scenario and mechanism interpretation,Interprets common confusions within the original scenario.,Learner choice and categorical confidence; record assistance and actual time; separate original/retest results.,mcq,UUU M20; CEH v5 domain 9,not assigned,uuu_course_aligned_v1,false,C,Encoding changes representation for interoperability and generally provides no secret-based confidentiality.,Plain-English reteaching plus at least three varied retests; preserve partial work at endpoint.,Codex original educational item,author review; independent SME review pending,2026-09-18,2026-09-18
CEH26-MOCK-A-Q001,1.0.0,prepared_original,M19,scenario and mechanism interpretation,Interprets cloud identity within the original scenario.,Learner choice and categorical confidence; record assistance and actual time; separate original/retest results.,mcq,UUU M19; CEH v5 domain 8,not assigned,uuu_course_aligned_v1,false,C,"Protect high-impact administrative identities with strong authentication, controlled use and recovery procedures.",Plain-English reteaching plus at least three varied retests; preserve partial work at endpoint.,Codex original educational item,author review; independent SME review pending,2026-09-18,2026-09-18
CEH26-MOCK-A-Q002,1.0.0,prepared_original,M02,scenario and mechanism interpretation,Interprets dns records within the original scenario.,Learner choice and categorical confidence; record assistance and actual time; separate original/retest results.,mcq,UUU M02; CEH v5 domain 2,not assigned,uuu_course_aligned_v1,false,C,A CNAME record makes one name an alias of another canonical name.,Plain-English reteaching plus at least three varied retests; preserve partial work at endpoint.,Codex original educational item,author review; independent SME review pending,2026-09-18,2026-09-18
CEH26-MOCK-A-Q003,1.0.0,prepared_original,M08,scenario and mechanism interpretation,Interprets packet visibility within the original scenario.,Learner choice and categorical confidence; record assistance and actual time; separate original/retest results.,mcq,UUU M08; CEH v5 domain 4,not assigned,uuu_course_aligned_v1,false,B,"Encryption can conceal application content from a passive observer even when addresses, timing or other metadata remain visible.",Plain-English reteaching plus at least three varied retests; preserve partial work at endpoint.,Codex original educational item,author review; independent SME review pending,2026-09-18,2026-09-18
CEH26-MOCK-A-Q004,1.0.0,prepared_original,M09,scenario and mechanism interpretation,Interprets social-engineering channels within the original scenario.,Learner choice and categorical confidence; record assistance and actual time; separate original/retest results.,mcq,UUU M09; CEH v5 domain 4,not assigned,uuu_course_aligned_v1,false,C,Smishing delivers deceptive requests through SMS or similar text-message channels.,Plain-English reteaching plus at least three varied retests; preserve partial work at endpoint.,Codex original educational item,author review; independent SME review pending,2026-09-18,2026-09-18
CEH26-MOCK-A-Q005,1.0.0,prepared_original,M07,scenario and mechanism interpretation,Interprets malware classes within the original scenario.,Learner choice and categorical confidence; record assistance and actual time; separate original/retest results.,mcq,UUU M07; CEH v5 domain 3,not assigned,uuu_course_aligned_v1,false,A,"Ransomware denies access to data or systems, commonly through encryption, and demands payment; some campaigns also steal data.",Plain-English reteaching plus at least three varied retests; preserve partial work at endpoint.,Codex original educational item,author review; independent SME review pending,2026-09-18,2026-09-18
CEH26-MOCK-A-Q006,1.0.0,prepared_original,M09,scenario and mechanism interpretation,Interprets exercise governance within the original scenario.,Learner choice and categorical confidence; record assistance and actual time; separate original/retest results.,mcq,UUU M09; CEH v5 domain 4,not assigned,uuu_course_aligned_v1,false,B,A useful debrief explains cues and reporting actions without humiliating individuals.,Plain-English reteaching plus at least three varied retests; preserve partial work at endpoint.,Codex original educational item,author review; independent SME review pending,2026-09-18,2026-09-18
CEH26-MOCK-A-Q007,1.0.0,prepared_original,M14,scenario and mechanism interpretation,Interprets testing interpretation within the original scenario.,Learner choice and categorical confidence; record assistance and actual time; separate original/retest results.,mcq,UUU M14; CEH v5 domain 5,not assigned,uuu_course_aligned_v1,false,A,Retain tests for the repaired weakness and valid behavior so later changes can reveal a recurrence or broken function.,Plain-English reteaching plus at least three varied retests; preserve partial work at endpoint.,Codex original educational item,author review; independent SME review pending,2026-09-18,2026-09-18
CEH26-MOCK-A-Q008,1.0.0,prepared_original,M08,scenario and mechanism interpretation,Interprets local-network attacks within the original scenario.,Learner choice and categorical confidence; record assistance and actual time; separate original/retest results.,mcq,UUU M08; CEH v5 domain 4,not assigned,uuu_course_aligned_v1,false,A,"A rogue DHCP server supplies unauthorized network configuration, such as a malicious gateway or DNS server.",Plain-English reteaching plus at least three varied retests; preserve partial work at endpoint.,Codex original educational item,author review; independent SME review pending,2026-09-18,2026-09-18
CEH26-MOCK-A-Q009,1.0.0,prepared_original,M13,scenario and mechanism interpretation,Interprets proxy trust boundaries within the original scenario.,Learner choice and categorical confidence; record assistance and actual time; separate original/retest results.,mcq,UUU M13; CEH v5 domain 5,not assigned,uuu_course_aligned_v1,false,D,"Validate host information before using it for routing, links or security-sensitive decisions.",Plain-English reteaching plus at least three varied retests; preserve partial work at endpoint.,Codex original educational item,author review; independent SME review pending,2026-09-18,2026-09-18
CEH26-MOCK-A-Q010,1.0.0,prepared_original,M02,scenario and mechanism interpretation,Interprets reconnaissance sources within the original scenario.,Learner choice and categorical confidence; record assistance and actual time; separate original/retest results.,mcq,UUU M02; CEH v5 domain 2,not assigned,uuu_course_aligned_v1,false,D,"Document metadata can reveal properties such as authoring software or author fields, which may be stale or user-controlled.",Plain-English reteaching plus at least three varied retests; preserve partial work at endpoint.,Codex original educational item,author review; independent SME review pending,2026-09-18,2026-09-18
CEH26-MOCK-A-Q011,1.0.0,prepared_original,M10,scenario and mechanism interpretation,Interprets interpreting outages within the original scenario.,Learner choice and categorical confidence; record assistance and actual time; separate original/retest results.,mcq,UUU M10; CEH v5 domain 4,not assigned,uuu_course_aligned_v1,false,D,"Use multiple indicators such as traffic patterns, request semantics and resource effects to support an attack conclusion.",Plain-English reteaching plus at least three varied retests; preserve partial work at endpoint.,Codex original educational item,author review; independent SME review pending,2026-09-18,2026-09-18
CEH26-MOCK-A-Q012,1.0.0,prepared_original,M13,scenario and mechanism interpretation,Interprets server hardening within the original scenario.,Learner choice and categorical confidence; record assistance and actual time; separate original/retest results.,mcq,UUU M13; CEH v5 domain 5,not assigned,uuu_course_aligned_v1,false,C,Use maintained software and verified relevant fixes; deployment and restart state must make the fix effective.,Plain-English reteaching plus at least three varied retests; preserve partial work at endpoint.,Codex original educational item,author review; independent SME review pending,2026-09-18,2026-09-18
CEH26-MOCK-A-Q013,1.0.0,prepared_original,M16,scenario and mechanism interpretation,Interprets wireless identity within the original scenario.,Learner choice and categorical confidence; record assistance and actual time; separate original/retest results.,mcq,UUU M16; CEH v5 domain 6,not assigned,uuu_course_aligned_v1,false,D,The channel identifies the radio-frequency portion used by the network; interference and observation depend on channel conditions.,Plain-English reteaching plus at least three varied retests; preserve partial work at endpoint.,Codex original educational item,author review; independent SME review pending,2026-09-18,2026-09-18
CEH26-MOCK-A-Q014,1.0.0,prepared_original,M12,scenario and mechanism interpretation,Interprets inspection challenges within the original scenario.,Learner choice and categorical confidence; record assistance and actual time; separate original/retest results.,mcq,UUU M12; CEH v5 domain 4,not assigned,uuu_course_aligned_v1,false,C,Security checks need a consistent decoded representation so alternate encodings do not bypass matching while reaching the same application meaning.,Plain-English reteaching plus at least three varied retests; preserve partial work at endpoint.,Codex original educational item,author review; independent SME review pending,2026-09-18,2026-09-18
CEH26-MOCK-A-Q015,1.0.0,prepared_original,M11,scenario and mechanism interpretation,Interprets csrf and session scope within the original scenario.,Learner choice and categorical confidence; record assistance and actual time; separate original/retest results.,mcq,UUU M11; CEH v5 domain 4,not assigned,uuu_course_aligned_v1,true,A,Every protected operation still needs a server-side decision that the current subject may perform that specific action.,Plain-English reteaching plus at least three varied retests; preserve partial work at endpoint.,Codex original educational item,author review; independent SME review pending,2026-09-18,2026-09-18
CEH26-MOCK-A-Q016,1.0.0,prepared_original,M03,scenario and mechanism interpretation,Interprets discovery defenses within the original scenario.,Learner choice and categorical confidence; record assistance and actual time; separate original/retest results.,mcq,UUU M03; CEH v5 domain 2,not assigned,uuu_course_aligned_v1,false,B,Authenticated inventory uses trusted management information to complement what unauthenticated network probes can see.,Plain-English reteaching plus at least three varied retests; preserve partial work at endpoint.,Codex original educational item,author review; independent SME review pending,2026-09-18,2026-09-18
CEH26-MOCK-A-Q017,1.0.0,prepared_original,M05,scenario and mechanism interpretation,Interprets remediation priority within the original scenario.,Learner choice and categorical confidence; record assistance and actual time; separate original/retest results.,mcq,UUU M05; CEH v5 domain 3,not assigned,uuu_course_aligned_v1,false,D,Residual risk is the risk that remains after controls or remediation have been applied.,Plain-English reteaching plus at least three varied retests; preserve partial work at endpoint.,Codex original educational item,author review; independent SME review pending,2026-09-18,2026-09-18
CEH26-MOCK-A-Q018,1.0.0,prepared_original,M15,scenario and mechanism interpretation,Interprets fix verification within the original scenario.,Learner choice and categorical confidence; record assistance and actual time; separate original/retest results.,mcq,UUU M15; CEH v5 domain 5,not assigned,uuu_course_aligned_v1,false,C,"Confirm that SQL-looking input is processed as ordinary data or rejected by the intended contract, not executed as syntax.",Plain-English reteaching plus at least three varied retests; preserve partial work at endpoint.,Codex original educational item,author review; independent SME review pending,2026-09-18,2026-09-18
CEH26-MOCK-A-Q019,1.0.0,prepared_original,M03,scenario and mechanism interpretation,Interprets scan methods within the original scenario.,Learner choice and categorical confidence; record assistance and actual time; separate original/retest results.,mcq,UUU M03; CEH v5 domain 2,not assigned,uuu_course_aligned_v1,false,A,An ACK scan primarily maps filtering behavior; it does not determine which ports have listening services.,Plain-English reteaching plus at least three varied retests; preserve partial work at endpoint.,Codex original educational item,author review; independent SME review pending,2026-09-18,2026-09-18
CEH26-MOCK-A-Q020,1.0.0,prepared_original,M04,scenario and mechanism interpretation,Interprets enumeration countermeasures within the original scenario.,Learner choice and categorical confidence; record assistance and actual time; separate original/retest results.,mcq,UUU M04; CEH v5 domain 2,not assigned,uuu_course_aligned_v1,false,B,Log and review unusual enumeration volume or sensitive-object queries within appropriate operational limits.,Plain-English reteaching plus at least three varied retests; preserve partial work at endpoint.,Codex original educational item,author review; independent SME review pending,2026-09-18,2026-09-18
CEH26-MOCK-A-Q021,1.0.0,prepared_original,M19,scenario and mechanism interpretation,Interprets service models within the original scenario.,Learner choice and categorical confidence; record assistance and actual time; separate original/retest results.,mcq,UUU M19; CEH v5 domain 8,not assigned,uuu_course_aligned_v1,false,C,Security duties depend on the service and contract; using a provider does not eliminate the customer's responsibilities.,Plain-English reteaching plus at least three varied retests; preserve partial work at endpoint.,Codex original educational item,author review; independent SME review pending,2026-09-18,2026-09-18
CEH26-MOCK-A-Q022,1.0.0,prepared_original,M06,scenario and mechanism interpretation,Interprets password storage within the original scenario.,Learner choice and categorical confidence; record assistance and actual time; separate original/retest results.,mcq,UUU M06; CEH v5 domain 3,not assigned,uuu_course_aligned_v1,false,D,A unique salt makes equal passwords produce different stored verifiers and reduces reuse of precomputed tables.,Plain-English reteaching plus at least three varied retests; preserve partial work at endpoint.,Codex original educational item,author review; independent SME review pending,2026-09-18,2026-09-18
CEH26-MOCK-A-Q023,1.0.0,prepared_original,M08,scenario and mechanism interpretation,Interprets packet fields within the original scenario.,Learner choice and categorical confidence; record assistance and actual time; separate original/retest results.,mcq,UUU M08; CEH v5 domain 4,not assigned,uuu_course_aligned_v1,false,A,Addresses identify the apparent network endpoints in the observed packet; NAT or spoofing can complicate attribution.,Plain-English reteaching plus at least three varied retests; preserve partial work at endpoint.,Codex original educational item,author review; independent SME review pending,2026-09-18,2026-09-18
CEH26-MOCK-A-Q024,1.0.0,prepared_original,M10,scenario and mechanism interpretation,Interprets availability mechanisms within the original scenario.,Learner choice and categorical confidence; record assistance and actual time; separate original/retest results.,mcq,UUU M10; CEH v5 domain 4,not assigned,uuu_course_aligned_v1,false,B,Volumetric attacks attempt to saturate bandwidth or packet-processing capacity with excessive traffic.,Plain-English reteaching plus at least three varied retests; preserve partial work at endpoint.,Codex original educational item,author review; independent SME review pending,2026-09-18,2026-09-18
CEH26-MOCK-A-Q025,1.0.0,prepared_original,M02,scenario and mechanism interpretation,Interprets exposure reduction within the original scenario.,Learner choice and categorical confidence; record assistance and actual time; separate original/retest results.,mcq,UUU M02; CEH v5 domain 2,not assigned,uuu_course_aligned_v1,false,A,"Remove unnecessary author, path and software details from public documents and pages.",Plain-English reteaching plus at least three varied retests; preserve partial work at endpoint.,Codex original educational item,author review; independent SME review pending,2026-09-18,2026-09-18
CEH26-MOCK-A-Q026,1.0.0,prepared_original,M03,scenario and mechanism interpretation,Interprets discovery and identification within the original scenario.,Learner choice and categorical confidence; record assistance and actual time; separate original/retest results.,mcq,UUU M03; CEH v5 domain 2,not assigned,uuu_course_aligned_v1,false,D,OS fingerprinting infers an operating system from characteristics such as network-stack responses and remains an inference.,Plain-English reteaching plus at least three varied retests; preserve partial work at endpoint.,Codex original educational item,author review; independent SME review pending,2026-09-18,2026-09-18
CEH26-MOCK-A-Q027,1.0.0,prepared_original,M19,scenario and mechanism interpretation,Interprets cloud network paths within the original scenario.,Learner choice and categorical confidence; record assistance and actual time; separate original/retest results.,mcq,UUU M19; CEH v5 domain 8,not assigned,uuu_course_aligned_v1,false,D,"Use supported private access paths where appropriate to reduce unnecessary public routing, while retaining authentication and authorization.",Plain-English reteaching plus at least three varied retests; preserve partial work at endpoint.,Codex original educational item,author review; independent SME review pending,2026-09-18,2026-09-18
CEH26-MOCK-A-Q028,1.0.0,prepared_original,M10,scenario and mechanism interpretation,Interprets safe testing and recovery within the original scenario.,Learner choice and categorical confidence; record assistance and actual time; separate original/retest results.,mcq,UUU M10; CEH v5 domain 4,not assigned,uuu_course_aligned_v1,true,B,Check legitimate user success and resource stability after mitigation rather than relying only on reduced attack traffic.,Plain-English reteaching plus at least three varied retests; preserve partial work at endpoint.,Codex original educational item,author review; independent SME review pending,2026-09-18,2026-09-18
CEH26-MOCK-A-Q029,1.0.0,prepared_original,M10,scenario and mechanism interpretation,Interprets syn-flood defenses within the original scenario.,Learner choice and categorical confidence; record assistance and actual time; separate original/retest results.,mcq,UUU M10; CEH v5 domain 4,not assigned,uuu_course_aligned_v1,false,C,Monitoring tracks resource use and failure symptoms so the bottleneck and mitigation effects can be identified.,Plain-English reteaching plus at least three varied retests; preserve partial work at endpoint.,Codex original educational item,author review; independent SME review pending,2026-09-18,2026-09-18
CEH26-MOCK-A-Q030,1.0.0,prepared_original,M14,scenario and mechanism interpretation,Interprets server-side authorization within the original scenario.,Learner choice and categorical confidence; record assistance and actual time; separate original/retest results.,mcq,UUU M14; CEH v5 domain 5,not assigned,uuu_course_aligned_v1,false,B,Enforce tenant boundaries in data queries and operations so one tenant cannot reach another's resources.,Plain-English reteaching plus at least three varied retests; preserve partial work at endpoint.,Codex original educational item,author review; independent SME review pending,2026-09-18,2026-09-18
CEH26-MOCK-A-Q031,1.0.0,prepared_original,M09,scenario and mechanism interpretation,Interprets modern deception distinctions within the original scenario.,Learner choice and categorical confidence; record assistance and actual time; separate original/retest results.,mcq,UUU M09; CEH v5 domain 4,not assigned,uuu_course_aligned_v1,false,D,"Generated voice or video can imitate a trusted person, so apparent likeness alone is insufficient verification.",Plain-English reteaching plus at least three varied retests; preserve partial work at endpoint.,Codex original educational item,author review; independent SME review pending,2026-09-18,2026-09-18
CEH26-MOCK-A-Q032,1.0.0,prepared_original,M18,scenario and mechanism interpretation,Interprets segmentation and remote access within the original scenario.,Learner choice and categorical confidence; record assistance and actual time; separate original/retest results.,mcq,UUU M18; CEH v5 domain 7,not assigned,uuu_course_aligned_v1,false,A,"Maintain known devices, firmware, function and ownership so exposure and change decisions have an operational basis.",Plain-English reteaching plus at least three varied retests; preserve partial work at endpoint.,Codex original educational item,author review; independent SME review pending,2026-09-18,2026-09-18
CEH26-MOCK-A-Q033,1.0.0,prepared_original,M11,scenario and mechanism interpretation,Interprets session lifecycle defenses within the original scenario.,Learner choice and categorical confidence; record assistance and actual time; separate original/retest results.,mcq,UUU M11; CEH v5 domain 4,not assigned,uuu_course_aligned_v1,false,B,Issue a fresh session identifier after authentication or privilege elevation and invalidate the previous relevant state.,Plain-English reteaching plus at least three varied retests; preserve partial work at endpoint.,Codex original educational item,author review; independent SME review pending,2026-09-18,2026-09-18
CEH26-MOCK-A-Q034,1.0.0,prepared_original,M17,scenario and mechanism interpretation,Interprets mobile threat scenarios within the original scenario.,Learner choice and categorical confidence; record assistance and actual time; separate original/retest results.,mcq,UUU M17; CEH v5 domain 7,not assigned,uuu_course_aligned_v1,false,A,An untrusted configuration profile or management relationship can change device settings and trust boundaries.,Plain-English reteaching plus at least three varied retests; preserve partial work at endpoint.,Codex original educational item,author review; independent SME review pending,2026-09-18,2026-09-18
CEH26-MOCK-A-Q035,1.0.0,prepared_original,M06,scenario and mechanism interpretation,Interprets credential attacks within the original scenario.,Learner choice and categorical confidence; record assistance and actual time; separate original/retest results.,mcq,UUU M06; CEH v5 domain 3,not assigned,uuu_course_aligned_v1,false,D,"Password spraying tries a small number of likely passwords across many accounts, often to avoid per-account lockout.",Plain-English reteaching plus at least three varied retests; preserve partial work at endpoint.,Codex original educational item,author review; independent SME review pending,2026-09-18,2026-09-18
CEH26-MOCK-A-Q036,1.0.0,prepared_original,M12,scenario and mechanism interpretation,Interprets decoy limitations within the original scenario.,Learner choice and categorical confidence; record assistance and actual time; separate original/retest results.,mcq,UUU M12; CEH v5 domain 4,not assigned,uuu_course_aligned_v1,false,A,Interaction with a decoy is an observation that needs context; it is not automatic proof of a particular actor or full compromise.,Plain-English reteaching plus at least three varied retests; preserve partial work at endpoint.,Codex original educational item,author review; independent SME review pending,2026-09-18,2026-09-18
CEH26-MOCK-A-Q037,1.0.0,prepared_original,M05,scenario and mechanism interpretation,Interprets classification systems within the original scenario.,Learner choice and categorical confidence; record assistance and actual time; separate original/retest results.,mcq,UUU M05; CEH v5 domain 3,not assigned,uuu_course_aligned_v1,false,B,The Known Exploited Vulnerabilities catalog identifies listed vulnerabilities with evidence of exploitation in the wild.,Plain-English reteaching plus at least three varied retests; preserve partial work at endpoint.,Codex original educational item,author review; independent SME review pending,2026-09-18,2026-09-18
CEH26-MOCK-A-Q038,1.0.0,prepared_original,M11,scenario and mechanism interpretation,Interprets session weaknesses within the original scenario.,Learner choice and categorical confidence; record assistance and actual time; separate original/retest results.,mcq,UUU M11; CEH v5 domain 4,not assigned,uuu_course_aligned_v1,false,C,Prediction exploits insufficient randomness or structure that makes valid session identifiers guessable.,Plain-English reteaching plus at least three varied retests; preserve partial work at endpoint.,Codex original educational item,author review; independent SME review pending,2026-09-18,2026-09-18
CEH26-MOCK-A-Q039,1.0.0,prepared_original,M08,scenario and mechanism interpretation,Interprets evidence and privacy within the original scenario.,Learner choice and categorical confidence; record assistance and actual time; separate original/retest results.,mcq,UUU M08; CEH v5 domain 4,not assigned,uuu_course_aligned_v1,false,C,"Capture only the approved interfaces, hosts and period; shared-network visibility is not permission to collect everything.",Plain-English reteaching plus at least three varied retests; preserve partial work at endpoint.,Codex original educational item,author review; independent SME review pending,2026-09-18,2026-09-18
CEH26-MOCK-A-Q040,1.0.0,prepared_original,M11,scenario and mechanism interpretation,Interprets token design within the original scenario.,Learner choice and categorical confidence; record assistance and actual time; separate original/retest results.,mcq,UUU M11; CEH v5 domain 4,not assigned,uuu_course_aligned_v1,false,B,A session identifier should be generated with enough unpredictable randomness to resist guessing.,Plain-English reteaching plus at least three varied retests; preserve partial work at endpoint.,Codex original educational item,author review; independent SME review pending,2026-09-18,2026-09-18
CEH26-MOCK-A-Q041,1.0.0,prepared_original,M14,scenario and mechanism interpretation,Interprets input and upload controls within the original scenario.,Learner choice and categorical confidence; record assistance and actual time; separate original/retest results.,mcq,UUU M14; CEH v5 domain 5,not assigned,uuu_course_aligned_v1,false,D,Resolve paths consistently and verify that the final target remains within the authorized base location.,Plain-English reteaching plus at least three varied retests; preserve partial work at endpoint.,Codex original educational item,author review; independent SME review pending,2026-09-18,2026-09-18
CEH26-MOCK-A-Q042,1.0.0,prepared_original,M05,scenario and mechanism interpretation,Interprets remediation lifecycle within the original scenario.,Learner choice and categorical confidence; record assistance and actual time; separate original/retest results.,mcq,UUU M05; CEH v5 domain 3,not assigned,uuu_course_aligned_v1,false,B,Verify that the change preserves required behavior and has not introduced a new failure.,Plain-English reteaching plus at least three varied retests; preserve partial work at endpoint.,Codex original educational item,author review; independent SME review pending,2026-09-18,2026-09-18
CEH26-MOCK-A-Q043,1.0.0,prepared_original,M18,scenario and mechanism interpretation,Interprets iot protocol roles within the original scenario.,Learner choice and categorical confidence; record assistance and actual time; separate original/retest results.,mcq,UUU M18; CEH v5 domain 7,not assigned,uuu_course_aligned_v1,false,C,Modbus supports industrial register-oriented communication; security depends on variant and deployment controls rather than assuming every installation authenticates commands.,Plain-English reteaching plus at least three varied retests; preserve partial work at endpoint.,Codex original educational item,author review; independent SME review pending,2026-09-18,2026-09-18
CEH26-MOCK-A-Q044,1.0.0,prepared_original,M02,scenario and mechanism interpretation,Interprets network footprint interpretation within the original scenario.,Learner choice and categorical confidence; record assistance and actual time; separate original/retest results.,mcq,UUU M02; CEH v5 domain 2,not assigned,uuu_course_aligned_v1,false,A,A reverse proxy or CDN can terminate public requests while hiding or separating the origin server.,Plain-English reteaching plus at least three varied retests; preserve partial work at endpoint.,Codex original educational item,author review; independent SME review pending,2026-09-18,2026-09-18
CEH26-MOCK-A-Q045,1.0.0,prepared_original,M11,scenario and mechanism interpretation,Interprets cookie attributes within the original scenario.,Learner choice and categorical confidence; record assistance and actual time; separate original/retest results.,mcq,UUU M11; CEH v5 domain 4,not assigned,uuu_course_aligned_v1,false,A,The Secure attribute restricts cookie transmission to secure transport contexts; it does not prevent script access by itself.,Plain-English reteaching plus at least three varied retests; preserve partial work at endpoint.,Codex original educational item,author review; independent SME review pending,2026-09-18,2026-09-18
CEH26-MOCK-A-Q046,1.0.0,prepared_original,M20,scenario and mechanism interpretation,Interprets cryptographic primitives within the original scenario.,Learner choice and categorical confidence; record assistance and actual time; separate original/retest results.,mcq,UUU M20; CEH v5 domain 9,not assigned,uuu_course_aligned_v1,false,D,HMAC uses a shared secret key and a hash-based construction to authenticate messages; any party holding the key can generate a valid tag.,Plain-English reteaching plus at least three varied retests; preserve partial work at endpoint.,Codex original educational item,author review; independent SME review pending,2026-09-18,2026-09-18
CEH26-MOCK-A-Q047,1.0.0,prepared_original,M19,scenario and mechanism interpretation,Interprets serverless and audit within the original scenario.,Learner choice and categorical confidence; record assistance and actual time; separate original/retest results.,mcq,UUU M19; CEH v5 domain 8,not assigned,uuu_course_aligned_v1,false,A,Logging and controls must cover the actual regions and services in use rather than assuming one configured location covers everything.,Plain-English reteaching plus at least three varied retests; preserve partial work at endpoint.,Codex original educational item,author review; independent SME review pending,2026-09-18,2026-09-18
CEH26-MOCK-A-Q048,1.0.0,prepared_original,M06,scenario and mechanism interpretation,Interprets host defense within the original scenario.,Learner choice and categorical confidence; record assistance and actual time; separate original/retest results.,mcq,UUU M06; CEH v5 domain 3,not assigned,uuu_course_aligned_v1,false,C,Forwarding logs to a protected separate system reduces dependence on a potentially altered endpoint's local records.,Plain-English reteaching plus at least three varied retests; preserve partial work at endpoint.,Codex original educational item,author review; independent SME review pending,2026-09-18,2026-09-18
CEH26-MOCK-A-Q049,1.0.0,prepared_original,M14,scenario and mechanism interpretation,Interprets xss contexts within the original scenario.,Learner choice and categorical confidence; record assistance and actual time; separate original/retest results.,mcq,UUU M14; CEH v5 domain 5,not assigned,uuu_course_aligned_v1,false,C,Encoding must match the output context so untrusted data remains data rather than executable syntax.,Plain-English reteaching plus at least three varied retests; preserve partial work at endpoint.,Codex original educational item,author review; independent SME review pending,2026-09-18,2026-09-18
CEH26-MOCK-A-Q050,1.0.0,prepared_original,M05,scenario and mechanism interpretation,Interprets finding accuracy within the original scenario.,Learner choice and categorical confidence; record assistance and actual time; separate original/retest results.,mcq,UUU M05; CEH v5 domain 3,not assigned,uuu_course_aligned_v1,false,B,A false negative fails to report a problem that actually exists.,Plain-English reteaching plus at least three varied retests; preserve partial work at endpoint.,Codex original educational item,author review; independent SME review pending,2026-09-18,2026-09-18
CEH26-MOCK-A-Q051,1.0.0,prepared_original,M17,scenario and mechanism interpretation,Interprets mobile platform boundaries within the original scenario.,Learner choice and categorical confidence; record assistance and actual time; separate original/retest results.,mcq,UUU M17; CEH v5 domain 7,not assigned,uuu_course_aligned_v1,false,A,"A trusted update chain authenticates software updates and relies on supported, correctly deployed versions.",Plain-English reteaching plus at least three varied retests; preserve partial work at endpoint.,Codex original educational item,author review; independent SME review pending,2026-09-18,2026-09-18
CEH26-MOCK-A-Q052,1.0.0,prepared_original,M07,scenario and mechanism interpretation,Interprets analysis methods within the original scenario.,Learner choice and categorical confidence; record assistance and actual time; separate original/retest results.,mcq,UUU M07; CEH v5 domain 3,not assigned,uuu_course_aligned_v1,false,C,"Memory analysis inspects volatile state such as loaded modules, processes and in-memory content.",Plain-English reteaching plus at least three varied retests; preserve partial work at endpoint.,Codex original educational item,author review; independent SME review pending,2026-09-18,2026-09-18
CEH26-MOCK-A-Q053,1.0.0,prepared_original,M07,scenario and mechanism interpretation,Interprets malware behavior within the original scenario.,Learner choice and categorical confidence; record assistance and actual time; separate original/retest results.,mcq,UUU M07; CEH v5 domain 3,not assigned,uuu_course_aligned_v1,false,D,Command-and-control communication lets an external controller coordinate or task an implanted component.,Plain-English reteaching plus at least three varied retests; preserve partial work at endpoint.,Codex original educational item,author review; independent SME review pending,2026-09-18,2026-09-18
CEH26-MOCK-A-Q054,1.0.0,prepared_original,M16,scenario and mechanism interpretation,Interprets bluetooth concepts within the original scenario.,Learner choice and categorical confidence; record assistance and actual time; separate original/retest results.,mcq,UUU M16; CEH v5 domain 6,not assigned,uuu_course_aligned_v1,false,A,Firmware and software updates address applicable implementation flaws; supported versions and deployment state need verification.,Plain-English reteaching plus at least three varied retests; preserve partial work at endpoint.,Codex original educational item,author review; independent SME review pending,2026-09-18,2026-09-18
CEH26-MOCK-A-Q055,1.0.0,prepared_original,M03,scenario and mechanism interpretation,Interprets interpreting scan limits within the original scenario.,Learner choice and categorical confidence; record assistance and actual time; separate original/retest results.,mcq,UUU M03; CEH v5 domain 2,not assigned,uuu_course_aligned_v1,false,D,"Aggressive probing can increase loss, load or false negatives; reliable testing uses suitable rates and conditions.",Plain-English reteaching plus at least three varied retests; preserve partial work at endpoint.,Codex original educational item,author review; independent SME review pending,2026-09-18,2026-09-18
CEH26-MOCK-A-Q056,1.0.0,prepared_original,M06,scenario and mechanism interpretation,Interprets privilege and movement within the original scenario.,Learner choice and categorical confidence; record assistance and actual time; separate original/retest results.,mcq,UUU M06; CEH v5 domain 3,not assigned,uuu_course_aligned_v1,false,B,Persistence provides a way to retain or regain access after interruptions such as restart or session loss.,Plain-English reteaching plus at least three varied retests; preserve partial work at endpoint.,Codex original educational item,author review; independent SME review pending,2026-09-18,2026-09-18
CEH26-MOCK-A-Q057,1.0.0,prepared_original,M20,scenario and mechanism interpretation,Interprets security properties within the original scenario.,Learner choice and categorical confidence; record assistance and actual time; separate original/retest results.,mcq,UUU M20; CEH v5 domain 9,not assigned,uuu_course_aligned_v1,false,D,Forward secrecy protects past session keys against later compromise of a long-term key when the protocol and key exchange provide it.,Plain-English reteaching plus at least three varied retests; preserve partial work at endpoint.,Codex original educational item,author review; independent SME review pending,2026-09-18,2026-09-18
CEH26-MOCK-A-Q058,1.0.0,prepared_original,M09,scenario and mechanism interpretation,Interprets influence mechanisms within the original scenario.,Learner choice and categorical confidence; record assistance and actual time; separate original/retest results.,mcq,UUU M09; CEH v5 domain 4,not assigned,uuu_course_aligned_v1,false,C,Reciprocity exploits a person's perceived obligation to return a favor or benefit.,Plain-English reteaching plus at least three varied retests; preserve partial work at endpoint.,Codex original educational item,author review; independent SME review pending,2026-09-18,2026-09-18
CEH26-MOCK-A-Q059,1.0.0,prepared_original,M12,scenario and mechanism interpretation,Interprets detection tuning within the original scenario.,Learner choice and categorical confidence; record assistance and actual time; separate original/retest results.,mcq,UUU M12; CEH v5 domain 4,not assigned,uuu_course_aligned_v1,false,B,Combine complementary signals so one visibility limitation does not determine the whole conclusion.,Plain-English reteaching plus at least three varied retests; preserve partial work at endpoint.,Codex original educational item,author review; independent SME review pending,2026-09-18,2026-09-18
CEH26-MOCK-A-Q060,1.0.0,prepared_original,M09,scenario and mechanism interpretation,Interprets verification controls within the original scenario.,Learner choice and categorical confidence; record assistance and actual time; separate original/retest results.,mcq,UUU M09; CEH v5 domain 4,not assigned,uuu_course_aligned_v1,false,C,"Origin-bound cryptographic authentication resists many credential-phishing flows, while broader social engineering still needs controls.",Plain-English reteaching plus at least three varied retests; preserve partial work at endpoint.,Codex original educational item,author review; independent SME review pending,2026-09-18,2026-09-18
CEH26-MOCK-A-Q061,1.0.0,prepared_original,M07,scenario and mechanism interpretation,Interprets detection approaches within the original scenario.,Learner choice and categorical confidence; record assistance and actual time; separate original/retest results.,mcq,UUU M07; CEH v5 domain 3,not assigned,uuu_course_aligned_v1,false,D,Behavior-based detection looks for suspicious actions or sequences rather than only exact file patterns.,Plain-English reteaching plus at least three varied retests; preserve partial work at endpoint.,Codex original educational item,author review; independent SME review pending,2026-09-18,2026-09-18
CEH26-MOCK-A-Q062,1.0.0,prepared_original,M01,scenario and mechanism interpretation,Interprets control function within the original scenario.,Learner choice and categorical confidence; record assistance and actual time; separate original/retest results.,mcq,UUU M01; CEH v5 domain 1,not assigned,uuu_course_aligned_v1,false,D,A detective control identifies activity or conditions that may already have occurred.,Plain-English reteaching plus at least three varied retests; preserve partial work at endpoint.,Codex original educational item,author review; independent SME review pending,2026-09-18,2026-09-18
CEH26-MOCK-A-Q063,1.0.0,prepared_original,M04,scenario and mechanism interpretation,Interprets enumeration result quality within the original scenario.,Learner choice and categorical confidence; record assistance and actual time; separate original/retest results.,mcq,UUU M04; CEH v5 domain 2,not assigned,uuu_course_aligned_v1,false,B,Confirm service identity with protocol behavior or trusted host information instead of relying only on a conventional port number.,Plain-English reteaching plus at least three varied retests; preserve partial work at endpoint.,Codex original educational item,author review; independent SME review pending,2026-09-18,2026-09-18
CEH26-MOCK-A-Q064,1.0.0,prepared_original,M17,scenario and mechanism interpretation,Interprets application interaction within the original scenario.,Learner choice and categorical confidence; record assistance and actual time; separate original/retest results.,mcq,UUU M17; CEH v5 domain 7,not assigned,uuu_course_aligned_v1,false,B,A WebView that exposes privileged bridges or loads untrusted content can cross from web input into app capabilities.,Plain-English reteaching plus at least three varied retests; preserve partial work at endpoint.,Codex original educational item,author review; independent SME review pending,2026-09-18,2026-09-18
CEH26-MOCK-A-Q065,1.0.0,prepared_original,M08,scenario and mechanism interpretation,Interprets capture interpretation within the original scenario.,Learner choice and categorical confidence; record assistance and actual time; separate original/retest results.,mcq,UUU M08; CEH v5 domain 4,not assigned,uuu_course_aligned_v1,false,C,"Handshake metadata can reveal protocol negotiation or certificates where visible, without necessarily exposing application content.",Plain-English reteaching plus at least three varied retests; preserve partial work at endpoint.,Codex original educational item,author review; independent SME review pending,2026-09-18,2026-09-18
CEH26-MOCK-A-Q066,1.0.0,prepared_original,M17,scenario and mechanism interpretation,Interprets enterprise mobile controls within the original scenario.,Learner choice and categorical confidence; record assistance and actual time; separate original/retest results.,mcq,UUU M17; CEH v5 domain 7,not assigned,uuu_course_aligned_v1,false,C,"Remote lock, wipe or session revocation can reduce incident exposure, but depend on reachability, scope and platform behavior.",Plain-English reteaching plus at least three varied retests; preserve partial work at endpoint.,Codex original educational item,author review; independent SME review pending,2026-09-18,2026-09-18
CEH26-MOCK-A-Q067,1.0.0,prepared_original,M06,scenario and mechanism interpretation,Interprets execution and hiding within the original scenario.,Learner choice and categorical confidence; record assistance and actual time; separate original/retest results.,mcq,UUU M06; CEH v5 domain 3,not assigned,uuu_course_aligned_v1,false,A,"A rootkit hides or manipulates system views to conceal activity, often requiring privileged access.",Plain-English reteaching plus at least three varied retests; preserve partial work at endpoint.,Codex original educational item,author review; independent SME review pending,2026-09-18,2026-09-18
CEH26-MOCK-A-Q068,1.0.0,prepared_original,M02,scenario and mechanism interpretation,Interprets passive and active reconnaissance within the original scenario.,Learner choice and categorical confidence; record assistance and actual time; separate original/retest results.,mcq,UUU M02; CEH v5 domain 2,not assigned,uuu_course_aligned_v1,false,D,"Corroboration compares independent evidence because a single public record may be incomplete, stale or misleading.",Plain-English reteaching plus at least three varied retests; preserve partial work at endpoint.,Codex original educational item,author review; independent SME review pending,2026-09-18,2026-09-18
CEH26-MOCK-A-Q069,1.0.0,prepared_original,M04,scenario and mechanism interpretation,Interprets service-specific enumeration within the original scenario.,Learner choice and categorical confidence; record assistance and actual time; separate original/retest results.,mcq,UUU M04; CEH v5 domain 2,not assigned,uuu_course_aligned_v1,false,B,RPC service discovery reveals registered remote procedure services or their mapped endpoints.,Plain-English reteaching plus at least three varied retests; preserve partial work at endpoint.,Codex original educational item,author review; independent SME review pending,2026-09-18,2026-09-18
CEH26-MOCK-A-Q070,1.0.0,prepared_original,M18,scenario and mechanism interpretation,Interprets ot priorities within the original scenario.,Learner choice and categorical confidence; record assistance and actual time; separate original/retest results.,mcq,UUU M18; CEH v5 domain 7,not assigned,uuu_course_aligned_v1,false,A,"Where active tests could affect fragile systems, approved passive evidence may be the appropriate initial assessment method.",Plain-English reteaching plus at least three varied retests; preserve partial work at endpoint.,Codex original educational item,author review; independent SME review pending,2026-09-18,2026-09-18
CEH26-MOCK-A-Q071,1.0.0,prepared_original,M01,scenario and mechanism interpretation,Interprets security objectives within the original scenario.,Learner choice and categorical confidence; record assistance and actual time; separate original/retest results.,mcq,UUU M01; CEH v5 domain 1,not assigned,uuu_course_aligned_v1,false,D,Confidentiality prevents information from being disclosed to unauthorized readers.,Plain-English reteaching plus at least three varied retests; preserve partial work at endpoint.,Codex original educational item,author review; independent SME review pending,2026-09-18,2026-09-18
CEH26-MOCK-A-Q072,1.0.0,prepared_original,M17,scenario and mechanism interpretation,Interprets mobile network security within the original scenario.,Learner choice and categorical confidence; record assistance and actual time; separate original/retest results.,mcq,UUU M17; CEH v5 domain 7,not assigned,uuu_course_aligned_v1,false,B,Pinning constrains acceptable credentials but needs a careful rotation and recovery design; it is not a replacement for sound TLS handling.,Plain-English reteaching plus at least three varied retests; preserve partial work at endpoint.,Codex original educational item,author review; independent SME review pending,2026-09-18,2026-09-18
CEH26-MOCK-A-Q073,1.0.0,prepared_original,M18,scenario and mechanism interpretation,Interprets iot data and trust within the original scenario.,Learner choice and categorical confidence; record assistance and actual time; separate original/retest results.,mcq,UUU M18; CEH v5 domain 7,not assigned,uuu_course_aligned_v1,false,B,"On failure or uncertainty, a device should move to the defined safe operational condition rather than an arbitrary convenient state.",Plain-English reteaching plus at least three varied retests; preserve partial work at endpoint.,Codex original educational item,author review; independent SME review pending,2026-09-18,2026-09-18
CEH26-MOCK-A-Q074,1.0.0,prepared_original,M15,scenario and mechanism interpretation,Interprets misleading defenses within the original scenario.,Learner choice and categorical confidence; record assistance and actual time; separate original/retest results.,mcq,UUU M15; CEH v5 domain 5,not assigned,uuu_course_aligned_v1,false,A,A WAF may block some patterns but does not remove unsafe query construction in the application.,Plain-English reteaching plus at least three varied retests; preserve partial work at endpoint.,Codex original educational item,author review; independent SME review pending,2026-09-18,2026-09-18
CEH26-MOCK-A-Q075,1.0.0,prepared_original,M20,scenario and mechanism interpretation,Interprets encryption modes within the original scenario.,Learner choice and categorical confidence; record assistance and actual time; separate original/retest results.,mcq,UUU M20; CEH v5 domain 9,not assigned,uuu_course_aligned_v1,false,C,"Authenticated encryption, such as correctly used GCM, protects confidentiality and detects tampering while still requiring proper nonce and key handling.",Plain-English reteaching plus at least three varied retests; preserve partial work at endpoint.,Codex original educational item,author review; independent SME review pending,2026-09-18,2026-09-18
CEH26-MOCK-A-Q076,1.0.0,prepared_original,M04,scenario and mechanism interpretation,Interprets identity and access findings within the original scenario.,Learner choice and categorical confidence; record assistance and actual time; separate original/retest results.,mcq,UUU M04; CEH v5 domain 2,not assigned,uuu_course_aligned_v1,false,D,"A discovered name is a lead; it does not establish that the account is active, accessible or authorized for testing.",Plain-English reteaching plus at least three varied retests; preserve partial work at endpoint.,Codex original educational item,author review; independent SME review pending,2026-09-18,2026-09-18
CEH26-MOCK-A-Q077,1.0.0,prepared_original,M16,scenario and mechanism interpretation,Interprets wireless controls within the original scenario.,Learner choice and categorical confidence; record assistance and actual time; separate original/retest results.,mcq,UUU M16; CEH v5 domain 6,not assigned,uuu_course_aligned_v1,false,B,"Monitoring identifies unexpected APs, identities and radio behavior for investigation, subject to placement and coverage limits.",Plain-English reteaching plus at least three varied retests; preserve partial work at endpoint.,Codex original educational item,author review; independent SME review pending,2026-09-18,2026-09-18
CEH26-MOCK-A-Q078,1.0.0,prepared_original,M04,scenario and mechanism interpretation,Interprets enumeration protocols within the original scenario.,Learner choice and categorical confidence; record assistance and actual time; separate original/retest results.,mcq,UUU M04; CEH v5 domain 2,not assigned,uuu_course_aligned_v1,false,A,"SMB provides file-sharing and related services, with access governed by authentication, share and file permissions.",Plain-English reteaching plus at least three varied retests; preserve partial work at endpoint.,Codex original educational item,author review; independent SME review pending,2026-09-18,2026-09-18
CEH26-MOCK-A-Q079,1.0.0,prepared_original,M16,scenario and mechanism interpretation,Interprets wireless authentication within the original scenario.,Learner choice and categorical confidence; record assistance and actual time; separate original/retest results.,mcq,UUU M16; CEH v5 domain 6,not assigned,uuu_course_aligned_v1,false,A,WPA2-Personal commonly uses a shared passphrase-derived key; weak passphrases can be exposed to offline guessing from suitable captured authentication material.,Plain-English reteaching plus at least three varied retests; preserve partial work at endpoint.,Codex original educational item,author review; independent SME review pending,2026-09-18,2026-09-18
CEH26-MOCK-A-Q080,1.0.0,prepared_original,M13,scenario and mechanism interpretation,Interprets web-server exposure within the original scenario.,Learner choice and categorical confidence; record assistance and actual time; separate original/retest results.,mcq,UUU M13; CEH v5 domain 5,not assigned,uuu_course_aligned_v1,false,C,"Detailed error responses can expose internal paths, versions or implementation information useful to an attacker.",Plain-English reteaching plus at least three varied retests; preserve partial work at endpoint.,Codex original educational item,author review; independent SME review pending,2026-09-18,2026-09-18
CEH26-MOCK-A-Q081,1.0.0,prepared_original,M01,scenario and mechanism interpretation,Interprets framework purpose within the original scenario.,Learner choice and categorical confidence; record assistance and actual time; separate original/retest results.,mcq,UUU M01; CEH v5 domain 1,not assigned,uuu_course_aligned_v1,false,D,CVSS describes technical vulnerability severity using a defined scoring method; business priority needs additional context.,Plain-English reteaching plus at least three varied retests; preserve partial work at endpoint.,Codex original educational item,author review; independent SME review pending,2026-09-18,2026-09-18
CEH26-MOCK-A-Q082,1.0.0,prepared_original,M16,scenario and mechanism interpretation,Interprets wireless threats within the original scenario.,Learner choice and categorical confidence; record assistance and actual time; separate original/retest results.,mcq,UUU M16; CEH v5 domain 6,not assigned,uuu_course_aligned_v1,false,A,Jamming interferes with the radio medium and can disrupt availability regardless of application-layer security.,Plain-English reteaching plus at least three varied retests; preserve partial work at endpoint.,Codex original educational item,author review; independent SME review pending,2026-09-18,2026-09-18
CEH26-MOCK-A-Q083,1.0.0,prepared_original,M07,scenario and mechanism interpretation,Interprets evasion and uncertainty within the original scenario.,Learner choice and categorical confidence; record assistance and actual time; separate original/retest results.,mcq,UUU M07; CEH v5 domain 3,not assigned,uuu_course_aligned_v1,false,D,"A sample may detect analysis conditions and suppress behavior, so a quiet run does not prove safety.",Plain-English reteaching plus at least three varied retests; preserve partial work at endpoint.,Codex original educational item,author review; independent SME review pending,2026-09-18,2026-09-18
CEH26-MOCK-A-Q084,1.0.0,prepared_original,M20,scenario and mechanism interpretation,Interprets pki and certificates within the original scenario.,Learner choice and categorical confidence; record assistance and actual time; separate original/retest results.,mcq,UUU M20; CEH v5 domain 9,not assigned,uuu_course_aligned_v1,false,B,Protect the private key from disclosure or misuse; a public certificate does not need to be kept secret.,Plain-English reteaching plus at least three varied retests; preserve partial work at endpoint.,Codex original educational item,author review; independent SME review pending,2026-09-18,2026-09-18
CEH26-MOCK-A-Q085,1.0.0,prepared_original,M14,scenario and mechanism interpretation,Interprets application weakness classes within the original scenario.,Learner choice and categorical confidence; record assistance and actual time; separate original/retest results.,mcq,UUU M14; CEH v5 domain 5,not assigned,uuu_course_aligned_v1,false,A,"SSRF causes a server to make unintended requests influenced by untrusted input, potentially crossing network trust boundaries.",Plain-English reteaching plus at least three varied retests; preserve partial work at endpoint.,Codex original educational item,author review; independent SME review pending,2026-09-18,2026-09-18
CEH26-MOCK-A-Q086,1.0.0,prepared_original,M07,scenario and mechanism interpretation,Interprets malware classes within the original scenario.,Learner choice and categorical confidence; record assistance and actual time; separate original/retest results.,mcq,UUU M07; CEH v5 domain 3,not assigned,uuu_course_aligned_v1,false,C,A Trojan presents an apparently useful or legitimate function while carrying hidden malicious behavior.,Plain-English reteaching plus at least three varied retests; preserve partial work at endpoint.,Codex original educational item,author review; independent SME review pending,2026-09-18,2026-09-18
CEH26-MOCK-A-Q087,1.0.0,prepared_original,M16,scenario and mechanism interpretation,Interprets wireless evidence boundaries within the original scenario.,Learner choice and categorical confidence; record assistance and actual time; separate original/retest results.,mcq,UUU M16; CEH v5 domain 6,not assigned,uuu_course_aligned_v1,false,C,"Link security, endpoint configuration and application encryption address different risks and should not be treated as interchangeable.",Plain-English reteaching plus at least three varied retests; preserve partial work at endpoint.,Codex original educational item,author review; independent SME review pending,2026-09-18,2026-09-18
CEH26-MOCK-A-Q088,1.0.0,prepared_original,M03,scenario and mechanism interpretation,Interprets port states within the original scenario.,Learner choice and categorical confidence; record assistance and actual time; separate original/retest results.,mcq,UUU M03; CEH v5 domain 2,not assigned,uuu_course_aligned_v1,false,B,The probe outcome cannot distinguish an open port from one whose traffic is silently filtered.,Plain-English reteaching plus at least three varied retests; preserve partial work at endpoint.,Codex original educational item,author review; independent SME review pending,2026-09-18,2026-09-18
CEH26-MOCK-A-Q089,1.0.0,prepared_original,M08,scenario and mechanism interpretation,Interprets layer-two defenses within the original scenario.,Learner choice and categorical confidence; record assistance and actual time; separate original/retest results.,mcq,UUU M08; CEH v5 domain 4,not assigned,uuu_course_aligned_v1,false,C,DAI validates ARP messages against trusted bindings or policy to reduce spoofed address mappings.,Plain-English reteaching plus at least three varied retests; preserve partial work at endpoint.,Codex original educational item,author review; independent SME review pending,2026-09-18,2026-09-18
CEH26-MOCK-A-Q090,1.0.0,prepared_original,M10,scenario and mechanism interpretation,Interprets application resilience within the original scenario.,Learner choice and categorical confidence; record assistance and actual time; separate original/retest results.,mcq,UUU M10; CEH v5 domain 4,not assigned,uuu_course_aligned_v1,false,A,Backpressure limits accepted work or signals overload so downstream queues do not grow without bound.,Plain-English reteaching plus at least three varied retests; preserve partial work at endpoint.,Codex original educational item,author review; independent SME review pending,2026-09-18,2026-09-18
CEH26-MOCK-A-Q091,1.0.0,prepared_original,M15,scenario and mechanism interpretation,Interprets injection root cause within the original scenario.,Learner choice and categorical confidence; record assistance and actual time; separate original/retest results.,mcq,UUU M15; CEH v5 domain 5,not assigned,uuu_course_aligned_v1,false,C,The application's database account should have only the operations and objects required for its function.,Plain-English reteaching plus at least three varied retests; preserve partial work at endpoint.,Codex original educational item,author review; independent SME review pending,2026-09-18,2026-09-18
CEH26-MOCK-A-Q092,1.0.0,prepared_original,M18,scenario and mechanism interpretation,Interprets device lifecycle security within the original scenario.,Learner choice and categorical confidence; record assistance and actual time; separate original/retest results.,mcq,UUU M18; CEH v5 domain 7,not assigned,uuu_course_aligned_v1,false,C,Rollback protection prevents installation of disallowed older versions even if those versions were once correctly signed.,Plain-English reteaching plus at least three varied retests; preserve partial work at endpoint.,Codex original educational item,author review; independent SME review pending,2026-09-18,2026-09-18
CEH26-MOCK-A-Q093,1.0.0,prepared_original,M01,scenario and mechanism interpretation,Interprets assessment authority within the original scenario.,Learner choice and categorical confidence; record assistance and actual time; separate original/retest results.,mcq,UUU M01; CEH v5 domain 1,not assigned,uuu_course_aligned_v1,true,D,"Permission must identify who may test which assets, by which methods, and under what limits.",Plain-English reteaching plus at least three varied retests; preserve partial work at endpoint.,Codex original educational item,author review; independent SME review pending,2026-09-18,2026-09-18
CEH26-MOCK-A-Q094,1.0.0,prepared_original,M09,scenario and mechanism interpretation,Interprets physical deception within the original scenario.,Learner choice and categorical confidence; record assistance and actual time; separate original/retest results.,mcq,UUU M09; CEH v5 domain 4,not assigned,uuu_course_aligned_v1,false,C,"Baiting offers an appealing object or benefit to induce an unsafe action, such as opening untrusted media.",Plain-English reteaching plus at least three varied retests; preserve partial work at endpoint.,Codex original educational item,author review; independent SME review pending,2026-09-18,2026-09-18
CEH26-MOCK-A-Q095,1.0.0,prepared_original,M12,scenario and mechanism interpretation,Interprets safe validation within the original scenario.,Learner choice and categorical confidence; record assistance and actual time; separate original/retest results.,mcq,UUU M12; CEH v5 domain 4,not assigned,uuu_course_aligned_v1,false,B,Use approved recorded or synthetic data to check a detection without creating harmful live traffic.,Plain-English reteaching plus at least three varied retests; preserve partial work at endpoint.,Codex original educational item,author review; independent SME review pending,2026-09-18,2026-09-18
CEH26-MOCK-A-Q096,1.0.0,prepared_original,M03,scenario and mechanism interpretation,Interprets nmap option meaning within the original scenario.,Learner choice and categorical confidence; record assistance and actual time; separate original/retest results.,mcq,UUU M03; CEH v5 domain 2,not assigned,uuu_course_aligned_v1,false,A,The -sV option requests service/version detection for discovered ports.,Plain-English reteaching plus at least three varied retests; preserve partial work at endpoint.,Codex original educational item,author review; independent SME review pending,2026-09-18,2026-09-18
CEH26-MOCK-A-Q097,1.0.0,prepared_original,M01,scenario and mechanism interpretation,Interprets security objectives within the original scenario.,Learner choice and categorical confidence; record assistance and actual time; separate original/retest results.,mcq,UUU M01; CEH v5 domain 1,not assigned,uuu_course_aligned_v1,false,D,Accountability links actions to identifiable actors so activity can be reviewed.,Plain-English reteaching plus at least three varied retests; preserve partial work at endpoint.,Codex original educational item,author review; independent SME review pending,2026-09-18,2026-09-18
CEH26-MOCK-A-Q098,1.0.0,prepared_original,M04,scenario and mechanism interpretation,Interprets snmp security within the original scenario.,Learner choice and categorical confidence; record assistance and actual time; separate original/retest results.,mcq,UUU M04; CEH v5 domain 2,not assigned,uuu_course_aligned_v1,false,D,Restricting management traffic to approved sources reduces who can reach the service.,Plain-English reteaching plus at least three varied retests; preserve partial work at endpoint.,Codex original educational item,author review; independent SME review pending,2026-09-18,2026-09-18
CEH26-MOCK-A-Q099,1.0.0,prepared_original,M04,scenario and mechanism interpretation,Interprets enumeration protocols within the original scenario.,Learner choice and categorical confidence; record assistance and actual time; separate original/retest results.,mcq,UUU M04; CEH v5 domain 2,not assigned,uuu_course_aligned_v1,false,A,SMTP transfers email; some server commands or responses can reveal recipient information when enabled.,Plain-English reteaching plus at least three varied retests; preserve partial work at endpoint.,Codex original educational item,author review; independent SME review pending,2026-09-18,2026-09-18
CEH26-MOCK-A-Q100,1.0.0,prepared_original,M13,scenario and mechanism interpretation,Interprets web incident evidence within the original scenario.,Learner choice and categorical confidence; record assistance and actual time; separate original/retest results.,mcq,UUU M13; CEH v5 domain 5,not assigned,uuu_course_aligned_v1,false,B,"Host-level process, execution and connection information can corroborate what a web request actually caused.",Plain-English reteaching plus at least three varied retests; preserve partial work at endpoint.,Codex original educational item,author review; independent SME review pending,2026-09-18,2026-09-18
CEH26-MOCK-A-Q101,1.0.0,prepared_original,M12,scenario and mechanism interpretation,Interprets firewall policy within the original scenario.,Learner choice and categorical confidence; record assistance and actual time; separate original/retest results.,mcq,UUU M12; CEH v5 domain 4,not assigned,uuu_course_aligned_v1,false,B,"Review ownership and continued need, and expire temporary exceptions to prevent stale access paths.",Plain-English reteaching plus at least three varied retests; preserve partial work at endpoint.,Codex original educational item,author review; independent SME review pending,2026-09-18,2026-09-18
CEH26-MOCK-A-Q102,1.0.0,prepared_original,M15,scenario and mechanism interpretation,Interprets sql injection types within the original scenario.,Learner choice and categorical confidence; record assistance and actual time; separate original/retest results.,mcq,UUU M15; CEH v5 domain 5,not assigned,uuu_course_aligned_v1,false,D,"Time-based blind injection infers execution from controlled timing differences, which require repeated context-aware validation.",Plain-English reteaching plus at least three varied retests; preserve partial work at endpoint.,Codex original educational item,author review; independent SME review pending,2026-09-18,2026-09-18
CEH26-MOCK-A-Q103,1.0.0,prepared_original,M13,scenario and mechanism interpretation,Interprets server response evidence within the original scenario.,Learner choice and categorical confidence; record assistance and actual time; separate original/retest results.,mcq,UUU M13; CEH v5 domain 5,not assigned,uuu_course_aligned_v1,false,A,HTTP 500 indicates an unexpected server-side condition; the response alone does not prove a particular exploit succeeded.,Plain-English reteaching plus at least three varied retests; preserve partial work at endpoint.,Codex original educational item,author review; independent SME review pending,2026-09-18,2026-09-18
CEH26-MOCK-A-Q104,1.0.0,prepared_original,M15,scenario and mechanism interpretation,Interprets database evidence within the original scenario.,Learner choice and categorical confidence; record assistance and actual time; separate original/retest results.,mcq,UUU M15; CEH v5 domain 5,not assigned,uuu_course_aligned_v1,false,D,"Detailed database errors reveal internal information, but hiding them does not repair unsafe query construction.",Plain-English reteaching plus at least three varied retests; preserve partial work at endpoint.,Codex original educational item,author review; independent SME review pending,2026-09-18,2026-09-18
CEH26-MOCK-A-Q105,1.0.0,prepared_original,M01,scenario and mechanism interpretation,Interprets assessment visibility within the original scenario.,Learner choice and categorical confidence; record assistance and actual time; separate original/retest results.,mcq,UUU M01; CEH v5 domain 1,not assigned,uuu_course_aligned_v1,false,B,A black-box assessment begins with little or no internal knowledge of the target.,Plain-English reteaching plus at least three varied retests; preserve partial work at endpoint.,Codex original educational item,author review; independent SME review pending,2026-09-18,2026-09-18
CEH26-MOCK-A-Q106,1.0.0,prepared_original,M03,scenario and mechanism interpretation,Interprets port states within the original scenario.,Learner choice and categorical confidence; record assistance and actual time; separate original/retest results.,mcq,UUU M03; CEH v5 domain 2,not assigned,uuu_course_aligned_v1,false,D,An open port has a service accepting the relevant transport connections or datagrams from the scanner's perspective.,Plain-English reteaching plus at least three varied retests; preserve partial work at endpoint.,Codex original educational item,author review; independent SME review pending,2026-09-18,2026-09-18
CEH26-MOCK-A-Q107,1.0.0,prepared_original,M18,scenario and mechanism interpretation,Interprets industrial roles within the original scenario.,Learner choice and categorical confidence; record assistance and actual time; separate original/retest results.,mcq,UUU M18; CEH v5 domain 7,not assigned,uuu_course_aligned_v1,false,A,A historian stores time-series process data for analysis and operational records.,Plain-English reteaching plus at least three varied retests; preserve partial work at endpoint.,Codex original educational item,author review; independent SME review pending,2026-09-18,2026-09-18
CEH26-MOCK-A-Q108,1.0.0,prepared_original,M15,scenario and mechanism interpretation,Interprets impact boundaries within the original scenario.,Learner choice and categorical confidence; record assistance and actual time; separate original/retest results.,mcq,UUU M15; CEH v5 domain 5,not assigned,uuu_course_aligned_v1,false,C,"A database operation can degrade or stop service through excessive work, locks or destructive changes.",Plain-English reteaching plus at least three varied retests; preserve partial work at endpoint.,Codex original educational item,author review; independent SME review pending,2026-09-18,2026-09-18
CEH26-MOCK-A-Q109,1.0.0,prepared_original,M19,scenario and mechanism interpretation,Interprets storage and data within the original scenario.,Learner choice and categorical confidence; record assistance and actual time; separate original/retest results.,mcq,UUU M19; CEH v5 domain 8,not assigned,uuu_course_aligned_v1,false,C,"Classify information and choose approved storage locations, retention and handling requirements for that class.",Plain-English reteaching plus at least three varied retests; preserve partial work at endpoint.,Codex original educational item,author review; independent SME review pending,2026-09-18,2026-09-18
CEH26-MOCK-A-Q110,1.0.0,prepared_original,M13,scenario and mechanism interpretation,Interprets http method interpretation within the original scenario.,Learner choice and categorical confidence; record assistance and actual time; separate original/retest results.,mcq,UUU M13; CEH v5 domain 5,not assigned,uuu_course_aligned_v1,false,B,"OPTIONS describes communication options for a target or server, but advertised methods do not prove they are usable by every identity.",Plain-English reteaching plus at least three varied retests; preserve partial work at endpoint.,Codex original educational item,author review; independent SME review pending,2026-09-18,2026-09-18
CEH26-MOCK-A-Q111,1.0.0,prepared_original,M19,scenario and mechanism interpretation,Interprets containers and orchestration within the original scenario.,Learner choice and categorical confidence; record assistance and actual time; separate original/retest results.,mcq,UUU M19; CEH v5 domain 8,not assigned,uuu_course_aligned_v1,false,A,"Deliver secrets through appropriate restricted mechanisms rather than embedding them in images, code or broadly visible configuration.",Plain-English reteaching plus at least three varied retests; preserve partial work at endpoint.,Codex original educational item,author review; independent SME review pending,2026-09-18,2026-09-18
CEH26-MOCK-A-Q112,1.0.0,prepared_original,M14,scenario and mechanism interpretation,Interprets browser and api trust within the original scenario.,Learner choice and categorical confidence; record assistance and actual time; separate original/retest results.,mcq,UUU M14; CEH v5 domain 5,not assigned,uuu_course_aligned_v1,false,D,"Validate workflow-specific rules, sequence and state transitions rather than only input syntax.",Plain-English reteaching plus at least three varied retests; preserve partial work at endpoint.,Codex original educational item,author review; independent SME review pending,2026-09-18,2026-09-18
CEH26-MOCK-A-Q113,1.0.0,prepared_original,M02,scenario and mechanism interpretation,Interprets passive and active reconnaissance within the original scenario.,Learner choice and categorical confidence; record assistance and actual time; separate original/retest results.,mcq,UUU M02; CEH v5 domain 2,not assigned,uuu_course_aligned_v1,false,D,Data minimization limits collection to information actually needed for the authorized purpose.,Plain-English reteaching plus at least three varied retests; preserve partial work at endpoint.,Codex original educational item,author review; independent SME review pending,2026-09-18,2026-09-18
CEH26-MOCK-A-Q114,1.0.0,prepared_original,M17,scenario and mechanism interpretation,Interprets mobile data storage within the original scenario.,Learner choice and categorical confidence; record assistance and actual time; separate original/retest results.,mcq,UUU M17; CEH v5 domain 7,not assigned,uuu_course_aligned_v1,false,B,Avoid storing secrets or personal data that the mobile workflow does not actually need.,Plain-English reteaching plus at least three varied retests; preserve partial work at endpoint.,Codex original educational item,author review; independent SME review pending,2026-09-18,2026-09-18
CEH26-MOCK-A-Q115,1.0.0,prepared_original,M12,scenario and mechanism interpretation,Interprets security device roles within the original scenario.,Learner choice and categorical confidence; record assistance and actual time; separate original/retest results.,mcq,UUU M12; CEH v5 domain 4,not assigned,uuu_course_aligned_v1,false,C,A honeypot is a deliberately observed decoy resource used to learn about or detect interactions.,Plain-English reteaching plus at least three varied retests; preserve partial work at endpoint.,Codex original educational item,author review; independent SME review pending,2026-09-18,2026-09-18
CEH26-MOCK-A-Q116,1.0.0,prepared_original,M20,scenario and mechanism interpretation,Interprets common confusions within the original scenario.,Learner choice and categorical confidence; record assistance and actual time; separate original/retest results.,mcq,UUU M20; CEH v5 domain 9,not assigned,uuu_course_aligned_v1,false,B,A signature can authenticate content while leaving that content readable to anyone who receives it.,Plain-English reteaching plus at least three varied retests; preserve partial work at endpoint.,Codex original educational item,author review; independent SME review pending,2026-09-18,2026-09-18
CEH26-MOCK-A-Q117,1.0.0,prepared_original,M10,scenario and mechanism interpretation,Interprets reflection and amplification within the original scenario.,Learner choice and categorical confidence; record assistance and actual time; separate original/retest results.,mcq,UUU M10; CEH v5 domain 4,not assigned,uuu_course_aligned_v1,false,A,"Reflection sends replies from third-party services toward a victim, often by using a spoofed source address in requests.",Plain-English reteaching plus at least three varied retests; preserve partial work at endpoint.,Codex original educational item,author review; independent SME review pending,2026-09-18,2026-09-18
CEH26-MOCK-A-Q118,1.0.0,prepared_original,M05,scenario and mechanism interpretation,Interprets weakness and risk within the original scenario.,Learner choice and categorical confidence; record assistance and actual time; separate original/retest results.,mcq,UUU M05; CEH v5 domain 3,not assigned,uuu_course_aligned_v1,false,A,Risk concerns the likelihood and consequences of an adverse event in a particular context.,Plain-English reteaching plus at least three varied retests; preserve partial work at endpoint.,Codex original educational item,author review; independent SME review pending,2026-09-18,2026-09-18
CEH26-MOCK-A-Q119,1.0.0,prepared_original,M07,scenario and mechanism interpretation,Interprets response priorities within the original scenario.,Learner choice and categorical confidence; record assistance and actual time; separate original/retest results.,mcq,UUU M07; CEH v5 domain 3,not assigned,uuu_course_aligned_v1,false,C,Containment limits further harm or spread while preserving the ability to investigate.,Plain-English reteaching plus at least three varied retests; preserve partial work at endpoint.,Codex original educational item,author review; independent SME review pending,2026-09-18,2026-09-18
CEH26-MOCK-A-Q120,1.0.0,prepared_original,M01,scenario and mechanism interpretation,Interprets identity and assurance within the original scenario.,Learner choice and categorical confidence; record assistance and actual time; separate original/retest results.,mcq,UUU M01; CEH v5 domain 1,not assigned,uuu_course_aligned_v1,false,B,Least privilege grants only the permissions needed for the assigned task and duration.,Plain-English reteaching plus at least three varied retests; preserve partial work at endpoint.,Codex original educational item,author review; independent SME review pending,2026-09-18,2026-09-18
CEH26-MOCK-A-Q121,1.0.0,prepared_original,M05,scenario and mechanism interpretation,Interprets assessment access within the original scenario.,Learner choice and categorical confidence; record assistance and actual time; separate original/retest results.,mcq,UUU M05; CEH v5 domain 3,not assigned,uuu_course_aligned_v1,false,A,A configuration review compares settings and effective controls with defined requirements.,Plain-English reteaching plus at least three varied retests; preserve partial work at endpoint.,Codex original educational item,author review; independent SME review pending,2026-09-18,2026-09-18
CEH26-MOCK-A-Q122,1.0.0,prepared_original,M20,scenario and mechanism interpretation,Interprets key lifecycle within the original scenario.,Learner choice and categorical confidence; record assistance and actual time; separate original/retest results.,mcq,UUU M20; CEH v5 domain 9,not assigned,uuu_course_aligned_v1,false,C,"Retain keys only as needed and destroy them appropriately when their authorized lifetime ends, considering recovery obligations.",Plain-English reteaching plus at least three varied retests; preserve partial work at endpoint.,Codex original educational item,author review; independent SME review pending,2026-09-18,2026-09-18
CEH26-MOCK-A-Q123,1.0.0,prepared_original,M11,scenario and mechanism interpretation,Interprets transport-session concepts within the original scenario.,Learner choice and categorical confidence; record assistance and actual time; separate original/retest results.,mcq,UUU M11; CEH v5 domain 4,not assigned,uuu_course_aligned_v1,false,B,"An application session has its own credentials and lifecycle, distinct from the lifetime of a single transport connection.",Plain-English reteaching plus at least three varied retests; preserve partial work at endpoint.,Codex original educational item,author review; independent SME review pending,2026-09-18,2026-09-18
CEH26-MOCK-A-Q124,1.0.0,prepared_original,M06,scenario and mechanism interpretation,Interprets windows credential concepts within the original scenario.,Learner choice and categorical confidence; record assistance and actual time; separate original/retest results.,mcq,UUU M06; CEH v5 domain 3,not assigned,uuu_course_aligned_v1,false,D,Pass-the-hash uses an appropriate password hash as authentication material where the protocol and conditions permit it.,Plain-English reteaching plus at least three varied retests; preserve partial work at endpoint.,Codex original educational item,author review; independent SME review pending,2026-09-18,2026-09-18
CEH26-MOCK-A-Q125,1.0.0,prepared_original,M02,scenario and mechanism interpretation,Interprets additional dns data within the original scenario.,Learner choice and categorical confidence; record assistance and actual time; separate original/retest results.,mcq,UUU M02; CEH v5 domain 2,not assigned,uuu_course_aligned_v1,false,A,An SOA record carries zone authority metadata including a serial number and timing values.,Plain-English reteaching plus at least three varied retests; preserve partial work at endpoint.,Codex original educational item,author review; independent SME review pending,2026-09-18,2026-09-18
CEH26-MOCK-B-Q001,1.0.0,prepared_original,M04,scenario and mechanism interpretation,Interprets enumeration protocols within the original scenario.,Learner choice and categorical confidence; record assistance and actual time; separate original/retest results.,mcq,UUU M04; CEH v5 domain 2,not assigned,uuu_course_aligned_v1,false,B,"LDAP queries directory objects and attributes, with access constrained by authentication and directory permissions.",Plain-English reteaching plus at least three varied retests; preserve partial work at endpoint.,Codex original educational item,author review; independent SME review pending,2026-09-18,2026-09-18
CEH26-MOCK-B-Q002,1.0.0,prepared_original,M12,scenario and mechanism interpretation,Interprets decoy limitations within the original scenario.,Learner choice and categorical confidence; record assistance and actual time; separate original/retest results.,mcq,UUU M12; CEH v5 domain 4,not assigned,uuu_course_aligned_v1,false,C,A more realistic decoy may collect richer behavior but can require more containment and maintenance.,Plain-English reteaching plus at least three varied retests; preserve partial work at endpoint.,Codex original educational item,author review; independent SME review pending,2026-09-18,2026-09-18
CEH26-MOCK-B-Q003,1.0.0,prepared_original,M19,scenario and mechanism interpretation,Interprets service models within the original scenario.,Learner choice and categorical confidence; record assistance and actual time; separate original/retest results.,mcq,UUU M19; CEH v5 domain 8,not assigned,uuu_course_aligned_v1,false,D,"PaaS manages more of the application platform, while customers still manage their application logic, data and relevant configuration.",Plain-English reteaching plus at least three varied retests; preserve partial work at endpoint.,Codex original educational item,author review; independent SME review pending,2026-09-18,2026-09-18
CEH26-MOCK-B-Q004,1.0.0,prepared_original,M09,scenario and mechanism interpretation,Interprets influence mechanisms within the original scenario.,Learner choice and categorical confidence; record assistance and actual time; separate original/retest results.,mcq,UUU M09; CEH v5 domain 4,not assigned,uuu_course_aligned_v1,false,D,Scarcity suggests that an opportunity or resource is limited and may soon disappear.,Plain-English reteaching plus at least three varied retests; preserve partial work at endpoint.,Codex original educational item,author review; independent SME review pending,2026-09-18,2026-09-18
CEH26-MOCK-B-Q005,1.0.0,prepared_original,M16,scenario and mechanism interpretation,Interprets bluetooth concepts within the original scenario.,Learner choice and categorical confidence; record assistance and actual time; separate original/retest results.,mcq,UUU M16; CEH v5 domain 6,not assigned,uuu_course_aligned_v1,false,A,Unused Bluetooth services or permissions create avoidable opportunities for interaction.,Plain-English reteaching plus at least three varied retests; preserve partial work at endpoint.,Codex original educational item,author review; independent SME review pending,2026-09-18,2026-09-18
CEH26-MOCK-B-Q006,1.0.0,prepared_original,M04,scenario and mechanism interpretation,Interprets enumeration countermeasures within the original scenario.,Learner choice and categorical confidence; record assistance and actual time; separate original/retest results.,mcq,UUU M04; CEH v5 domain 2,not assigned,uuu_course_aligned_v1,false,A,Reduce unauthenticated information disclosure while preserving required service behavior.,Plain-English reteaching plus at least three varied retests; preserve partial work at endpoint.,Codex original educational item,author review; independent SME review pending,2026-09-18,2026-09-18
CEH26-MOCK-B-Q007,1.0.0,prepared_original,M06,scenario and mechanism interpretation,Interprets host defense within the original scenario.,Learner choice and categorical confidence; record assistance and actual time; separate original/retest results.,mcq,UUU M06; CEH v5 domain 3,not assigned,uuu_course_aligned_v1,false,B,Application control restricts execution according to an approved policy rather than trusting any executable a user can write.,Plain-English reteaching plus at least three varied retests; preserve partial work at endpoint.,Codex original educational item,author review; independent SME review pending,2026-09-18,2026-09-18
CEH26-MOCK-B-Q008,1.0.0,prepared_original,M01,scenario and mechanism interpretation,Interprets assessment visibility within the original scenario.,Learner choice and categorical confidence; record assistance and actual time; separate original/retest results.,mcq,UUU M01; CEH v5 domain 1,not assigned,uuu_course_aligned_v1,false,B,A white-box assessment gives testers substantial internal information such as code and architecture.,Plain-English reteaching plus at least three varied retests; preserve partial work at endpoint.,Codex original educational item,author review; independent SME review pending,2026-09-18,2026-09-18
CEH26-MOCK-B-Q009,1.0.0,prepared_original,M07,scenario and mechanism interpretation,Interprets detection approaches within the original scenario.,Learner choice and categorical confidence; record assistance and actual time; separate original/retest results.,mcq,UUU M07; CEH v5 domain 3,not assigned,uuu_course_aligned_v1,false,D,Signature detection matches known patterns; unseen or changed implementations may evade a particular signature.,Plain-English reteaching plus at least three varied retests; preserve partial work at endpoint.,Codex original educational item,author review; independent SME review pending,2026-09-18,2026-09-18
CEH26-MOCK-B-Q010,1.0.0,prepared_original,M18,scenario and mechanism interpretation,Interprets iot data and trust within the original scenario.,Learner choice and categorical confidence; record assistance and actual time; separate original/retest results.,mcq,UUU M18; CEH v5 domain 7,not assigned,uuu_course_aligned_v1,false,C,"Use appropriate freshness, sequence or challenge mechanisms so an old valid message cannot be reused as a new command.",Plain-English reteaching plus at least three varied retests; preserve partial work at endpoint.,Codex original educational item,author review; independent SME review pending,2026-09-18,2026-09-18
CEH26-MOCK-B-Q011,1.0.0,prepared_original,M01,scenario and mechanism interpretation,Interprets security objectives within the original scenario.,Learner choice and categorical confidence; record assistance and actual time; separate original/retest results.,mcq,UUU M01; CEH v5 domain 1,not assigned,uuu_course_aligned_v1,false,D,Integrity protects information against unauthorized alteration or destruction.,Plain-English reteaching plus at least three varied retests; preserve partial work at endpoint.,Codex original educational item,author review; independent SME review pending,2026-09-18,2026-09-18
CEH26-MOCK-B-Q012,1.0.0,prepared_original,M15,scenario and mechanism interpretation,Interprets injection root cause within the original scenario.,Learner choice and categorical confidence; record assistance and actual time; separate original/retest results.,mcq,UUU M15; CEH v5 domain 5,not assigned,uuu_course_aligned_v1,false,D,Identifiers or sort directions that cannot be bound as values should be selected from explicit approved structural choices.,Plain-English reteaching plus at least three varied retests; preserve partial work at endpoint.,Codex original educational item,author review; independent SME review pending,2026-09-18,2026-09-18
CEH26-MOCK-B-Q013,1.0.0,prepared_original,M01,scenario and mechanism interpretation,Interprets identity and assurance within the original scenario.,Learner choice and categorical confidence; record assistance and actual time; separate original/retest results.,mcq,UUU M01; CEH v5 domain 1,not assigned,uuu_course_aligned_v1,false,C,Authentication verifies a claimed identity using an accepted credential or mechanism.,Plain-English reteaching plus at least three varied retests; preserve partial work at endpoint.,Codex original educational item,author review; independent SME review pending,2026-09-18,2026-09-18
CEH26-MOCK-B-Q014,1.0.0,prepared_original,M07,scenario and mechanism interpretation,Interprets evasion and uncertainty within the original scenario.,Learner choice and categorical confidence; record assistance and actual time; separate original/retest results.,mcq,UUU M07; CEH v5 domain 3,not assigned,uuu_course_aligned_v1,false,C,"An attacker can misuse legitimate installed tools, so a trusted tool name alone does not establish benign intent.",Plain-English reteaching plus at least three varied retests; preserve partial work at endpoint.,Codex original educational item,author review; independent SME review pending,2026-09-18,2026-09-18
CEH26-MOCK-B-Q015,1.0.0,prepared_original,M04,scenario and mechanism interpretation,Interprets service-specific enumeration within the original scenario.,Learner choice and categorical confidence; record assistance and actual time; separate original/retest results.,mcq,UUU M04; CEH v5 domain 2,not assigned,uuu_course_aligned_v1,false,B,A zone transfer can disclose an entire zone when the server permits the requesting client to obtain it.,Plain-English reteaching plus at least three varied retests; preserve partial work at endpoint.,Codex original educational item,author review; independent SME review pending,2026-09-18,2026-09-18
CEH26-MOCK-B-Q016,1.0.0,prepared_original,M01,scenario and mechanism interpretation,Interprets control function within the original scenario.,Learner choice and categorical confidence; record assistance and actual time; separate original/retest results.,mcq,UUU M01; CEH v5 domain 1,not assigned,uuu_course_aligned_v1,false,A,A corrective control repairs a harmful state or restores service after a problem.,Plain-English reteaching plus at least three varied retests; preserve partial work at endpoint.,Codex original educational item,author review; independent SME review pending,2026-09-18,2026-09-18
CEH26-MOCK-B-Q017,1.0.0,prepared_original,M17,scenario and mechanism interpretation,Interprets mobile platform boundaries within the original scenario.,Learner choice and categorical confidence; record assistance and actual time; separate original/retest results.,mcq,UUU M17; CEH v5 domain 7,not assigned,uuu_course_aligned_v1,false,A,"A sandbox separates application resources and constrains access, though flaws or granted interfaces can cross that boundary.",Plain-English reteaching plus at least three varied retests; preserve partial work at endpoint.,Codex original educational item,author review; independent SME review pending,2026-09-18,2026-09-18
CEH26-MOCK-B-Q018,1.0.0,prepared_original,M18,scenario and mechanism interpretation,Interprets iot protocol roles within the original scenario.,Learner choice and categorical confidence; record assistance and actual time; separate original/retest results.,mcq,UUU M18; CEH v5 domain 7,not assigned,uuu_course_aligned_v1,false,C,"CoAP is designed for constrained environments and uses a resource-oriented request/response model, commonly over UDP.",Plain-English reteaching plus at least three varied retests; preserve partial work at endpoint.,Codex original educational item,author review; independent SME review pending,2026-09-18,2026-09-18
CEH26-MOCK-B-Q019,1.0.0,prepared_original,M09,scenario and mechanism interpretation,Interprets exercise governance within the original scenario.,Learner choice and categorical confidence; record assistance and actual time; separate original/retest results.,mcq,UUU M09; CEH v5 domain 4,not assigned,uuu_course_aligned_v1,false,D,Measure the behavior relevant to the learning goal instead of treating one click count as complete competence evidence.,Plain-English reteaching plus at least three varied retests; preserve partial work at endpoint.,Codex original educational item,author review; independent SME review pending,2026-09-18,2026-09-18
CEH26-MOCK-B-Q020,1.0.0,prepared_original,M02,scenario and mechanism interpretation,Interprets exposure reduction within the original scenario.,Learner choice and categorical confidence; record assistance and actual time; separate original/retest results.,mcq,UUU M02; CEH v5 domain 2,not assigned,uuu_course_aligned_v1,false,B,"Track public names, certificates and vendor links so abandoned or unexpected dependencies can be investigated.",Plain-English reteaching plus at least three varied retests; preserve partial work at endpoint.,Codex original educational item,author review; independent SME review pending,2026-09-18,2026-09-18
CEH26-MOCK-B-Q021,1.0.0,prepared_original,M18,scenario and mechanism interpretation,Interprets device lifecycle security within the original scenario.,Learner choice and categorical confidence; record assistance and actual time; separate original/retest results.,mcq,UUU M18; CEH v5 domain 7,not assigned,uuu_course_aligned_v1,false,A,Use distinct credentials per device rather than a shared default secret across a fleet.,Plain-English reteaching plus at least three varied retests; preserve partial work at endpoint.,Codex original educational item,author review; independent SME review pending,2026-09-18,2026-09-18
CEH26-MOCK-B-Q022,1.0.0,prepared_original,M08,scenario and mechanism interpretation,Interprets evidence and privacy within the original scenario.,Learner choice and categorical confidence; record assistance and actual time; separate original/retest results.,mcq,UUU M08; CEH v5 domain 4,not assigned,uuu_course_aligned_v1,false,A,"Record capture time, clock assumptions and observation location so packets can be interpreted in context.",Plain-English reteaching plus at least three varied retests; preserve partial work at endpoint.,Codex original educational item,author review; independent SME review pending,2026-09-18,2026-09-18
CEH26-MOCK-B-Q023,1.0.0,prepared_original,M05,scenario and mechanism interpretation,Interprets remediation lifecycle within the original scenario.,Learner choice and categorical confidence; record assistance and actual time; separate original/retest results.,mcq,UUU M05; CEH v5 domain 3,not assigned,uuu_course_aligned_v1,false,A,Repeat the permitted check that originally demonstrated the problem and compare the result.,Plain-English reteaching plus at least three varied retests; preserve partial work at endpoint.,Codex original educational item,author review; independent SME review pending,2026-09-18,2026-09-18
CEH26-MOCK-B-Q024,1.0.0,prepared_original,M19,scenario and mechanism interpretation,Interprets serverless and audit within the original scenario.,Learner choice and categorical confidence; record assistance and actual time; separate original/retest results.,mcq,UUU M19; CEH v5 domain 8,not assigned,uuu_course_aligned_v1,false,B,Bound function work and concurrency to control availability and cost exposure within platform capabilities.,Plain-English reteaching plus at least three varied retests; preserve partial work at endpoint.,Codex original educational item,author review; independent SME review pending,2026-09-18,2026-09-18
CEH26-MOCK-B-Q025,1.0.0,prepared_original,M16,scenario and mechanism interpretation,Interprets wireless controls within the original scenario.,Learner choice and categorical confidence; record assistance and actual time; separate original/retest results.,mcq,UUU M16; CEH v5 domain 6,not assigned,uuu_course_aligned_v1,false,C,Validating the expected authentication server certificate helps prevent clients from trusting an impostor enterprise authentication endpoint.,Plain-English reteaching plus at least three varied retests; preserve partial work at endpoint.,Codex original educational item,author review; independent SME review pending,2026-09-18,2026-09-18
CEH26-MOCK-B-Q026,1.0.0,prepared_original,M14,scenario and mechanism interpretation,Interprets server-side authorization within the original scenario.,Learner choice and categorical confidence; record assistance and actual time; separate original/retest results.,mcq,UUU M14; CEH v5 domain 5,not assigned,uuu_course_aligned_v1,false,D,Check whether the subject may access the specific referenced object on every relevant request.,Plain-English reteaching plus at least three varied retests; preserve partial work at endpoint.,Codex original educational item,author review; independent SME review pending,2026-09-18,2026-09-18
CEH26-MOCK-B-Q027,1.0.0,prepared_original,M05,scenario and mechanism interpretation,Interprets finding accuracy within the original scenario.,Learner choice and categorical confidence; record assistance and actual time; separate original/retest results.,mcq,UUU M05; CEH v5 domain 3,not assigned,uuu_course_aligned_v1,false,D,A true positive correctly identifies a condition that is actually present.,Plain-English reteaching plus at least three varied retests; preserve partial work at endpoint.,Codex original educational item,author review; independent SME review pending,2026-09-18,2026-09-18
CEH26-MOCK-B-Q028,1.0.0,prepared_original,M20,scenario and mechanism interpretation,Interprets key lifecycle within the original scenario.,Learner choice and categorical confidence; record assistance and actual time; separate original/retest results.,mcq,UUU M20; CEH v5 domain 9,not assigned,uuu_course_aligned_v1,false,C,Replace or invalidate keys when required while managing dependent systems and retained data.,Plain-English reteaching plus at least three varied retests; preserve partial work at endpoint.,Codex original educational item,author review; independent SME review pending,2026-09-18,2026-09-18
CEH26-MOCK-B-Q029,1.0.0,prepared_original,M10,scenario and mechanism interpretation,Interprets safe testing and recovery within the original scenario.,Learner choice and categorical confidence; record assistance and actual time; separate original/retest results.,mcq,UUU M10; CEH v5 domain 4,not assigned,uuu_course_aligned_v1,true,B,A rollback plan restores the prior configuration if a mitigation damages legitimate service.,Plain-English reteaching plus at least three varied retests; preserve partial work at endpoint.,Codex original educational item,author review; independent SME review pending,2026-09-18,2026-09-18
CEH26-MOCK-B-Q030,1.0.0,prepared_original,M02,scenario and mechanism interpretation,Interprets additional dns data within the original scenario.,Learner choice and categorical confidence; record assistance and actual time; separate original/retest results.,mcq,UUU M02; CEH v5 domain 2,not assigned,uuu_course_aligned_v1,false,C,An NS record identifies an authoritative name server for a DNS zone.,Plain-English reteaching plus at least three varied retests; preserve partial work at endpoint.,Codex original educational item,author review; independent SME review pending,2026-09-18,2026-09-18
CEH26-MOCK-B-Q031,1.0.0,prepared_original,M08,scenario and mechanism interpretation,Interprets packet visibility within the original scenario.,Learner choice and categorical confidence; record assistance and actual time; separate original/retest results.,mcq,UUU M08; CEH v5 domain 4,not assigned,uuu_course_aligned_v1,false,A,"Port mirroring copies selected switch traffic to an authorized monitoring port, subject to configuration and capacity limits.",Plain-English reteaching plus at least three varied retests; preserve partial work at endpoint.,Codex original educational item,author review; independent SME review pending,2026-09-18,2026-09-18
CEH26-MOCK-B-Q032,1.0.0,prepared_original,M09,scenario and mechanism interpretation,Interprets verification controls within the original scenario.,Learner choice and categorical confidence; record assistance and actual time; separate original/retest results.,mcq,UUU M09; CEH v5 domain 4,not assigned,uuu_course_aligned_v1,false,D,Require a second authorized reviewer for sensitive changes or transfers so one deceived person is insufficient.,Plain-English reteaching plus at least three varied retests; preserve partial work at endpoint.,Codex original educational item,author review; independent SME review pending,2026-09-18,2026-09-18
CEH26-MOCK-B-Q033,1.0.0,prepared_original,M20,scenario and mechanism interpretation,Interprets common confusions within the original scenario.,Learner choice and categorical confidence; record assistance and actual time; separate original/retest results.,mcq,UUU M20; CEH v5 domain 9,not assigned,uuu_course_aligned_v1,false,D,Steganography hides information within another carrier; secrecy of content may still require encryption.,Plain-English reteaching plus at least three varied retests; preserve partial work at endpoint.,Codex original educational item,author review; independent SME review pending,2026-09-18,2026-09-18
CEH26-MOCK-B-Q034,1.0.0,prepared_original,M13,scenario and mechanism interpretation,Interprets server hardening within the original scenario.,Learner choice and categorical confidence; record assistance and actual time; separate original/retest results.,mcq,UUU M13; CEH v5 domain 5,not assigned,uuu_course_aligned_v1,false,B,Prevent user-controlled uploads or writable directories from being interpreted as server-side executable code.,Plain-English reteaching plus at least three varied retests; preserve partial work at endpoint.,Codex original educational item,author review; independent SME review pending,2026-09-18,2026-09-18
CEH26-MOCK-B-Q035,1.0.0,prepared_original,M14,scenario and mechanism interpretation,Interprets browser and api trust within the original scenario.,Learner choice and categorical confidence; record assistance and actual time; separate original/retest results.,mcq,UUU M14; CEH v5 domain 5,not assigned,uuu_course_aligned_v1,false,B,"CSP can constrain browser resource and script execution as defense in depth, but does not replace fixing injection paths.",Plain-English reteaching plus at least three varied retests; preserve partial work at endpoint.,Codex original educational item,author review; independent SME review pending,2026-09-18,2026-09-18
CEH26-MOCK-B-Q036,1.0.0,prepared_original,M16,scenario and mechanism interpretation,Interprets wireless identity within the original scenario.,Learner choice and categorical confidence; record assistance and actual time; separate original/retest results.,mcq,UUU M16; CEH v5 domain 6,not assigned,uuu_course_aligned_v1,false,B,"A BSSID identifies a basic service set, commonly using the access point radio's MAC address.",Plain-English reteaching plus at least three varied retests; preserve partial work at endpoint.,Codex original educational item,author review; independent SME review pending,2026-09-18,2026-09-18
CEH26-MOCK-B-Q037,1.0.0,prepared_original,M17,scenario and mechanism interpretation,Interprets application interaction within the original scenario.,Learner choice and categorical confidence; record assistance and actual time; separate original/retest results.,mcq,UUU M17; CEH v5 domain 7,not assigned,uuu_course_aligned_v1,false,C,An exported component can receive calls from other applications; intended caller permissions and input handling matter.,Plain-English reteaching plus at least three varied retests; preserve partial work at endpoint.,Codex original educational item,author review; independent SME review pending,2026-09-18,2026-09-18
CEH26-MOCK-B-Q038,1.0.0,prepared_original,M17,scenario and mechanism interpretation,Interprets mobile network security within the original scenario.,Learner choice and categorical confidence; record assistance and actual time; separate original/retest results.,mcq,UUU M17; CEH v5 domain 7,not assigned,uuu_course_aligned_v1,false,C,The server must validate subject and object permissions regardless of checks performed by the mobile client.,Plain-English reteaching plus at least three varied retests; preserve partial work at endpoint.,Codex original educational item,author review; independent SME review pending,2026-09-18,2026-09-18
CEH26-MOCK-B-Q039,1.0.0,prepared_original,M03,scenario and mechanism interpretation,Interprets interpreting scan limits within the original scenario.,Learner choice and categorical confidence; record assistance and actual time; separate original/retest results.,mcq,UUU M03; CEH v5 domain 2,not assigned,uuu_course_aligned_v1,false,A,"Results describe the path, source location and time of observation; another network path may expose different behavior.",Plain-English reteaching plus at least three varied retests; preserve partial work at endpoint.,Codex original educational item,author review; independent SME review pending,2026-09-18,2026-09-18
CEH26-MOCK-B-Q040,1.0.0,prepared_original,M03,scenario and mechanism interpretation,Interprets discovery defenses within the original scenario.,Learner choice and categorical confidence; record assistance and actual time; separate original/retest results.,mcq,UUU M03; CEH v5 domain 2,not assigned,uuu_course_aligned_v1,false,A,Network or host telemetry can identify probing patterns and preserve context for investigation.,Plain-English reteaching plus at least three varied retests; preserve partial work at endpoint.,Codex original educational item,author review; independent SME review pending,2026-09-18,2026-09-18
CEH26-MOCK-B-Q041,1.0.0,prepared_original,M02,scenario and mechanism interpretation,Interprets passive and active reconnaissance within the original scenario.,Learner choice and categorical confidence; record assistance and actual time; separate original/retest results.,mcq,UUU M02; CEH v5 domain 2,not assigned,uuu_course_aligned_v1,false,C,Active reconnaissance sends requests or probes to the target or its infrastructure and requires appropriate scope.,Plain-English reteaching plus at least three varied retests; preserve partial work at endpoint.,Codex original educational item,author review; independent SME review pending,2026-09-18,2026-09-18
CEH26-MOCK-B-Q042,1.0.0,prepared_original,M06,scenario and mechanism interpretation,Interprets windows credential concepts within the original scenario.,Learner choice and categorical confidence; record assistance and actual time; separate original/retest results.,mcq,UUU M06; CEH v5 domain 3,not assigned,uuu_course_aligned_v1,false,D,Pass-the-ticket reuses Kerberos ticket material rather than recovering the user's plaintext password.,Plain-English reteaching plus at least three varied retests; preserve partial work at endpoint.,Codex original educational item,author review; independent SME review pending,2026-09-18,2026-09-18
CEH26-MOCK-B-Q043,1.0.0,prepared_original,M12,scenario and mechanism interpretation,Interprets detection tuning within the original scenario.,Learner choice and categorical confidence; record assistance and actual time; separate original/retest results.,mcq,UUU M12; CEH v5 domain 4,not assigned,uuu_course_aligned_v1,false,B,"Improve coverage for real events that current detections miss, using appropriate telemetry and validation.",Plain-English reteaching plus at least three varied retests; preserve partial work at endpoint.,Codex original educational item,author review; independent SME review pending,2026-09-18,2026-09-18
CEH26-MOCK-B-Q044,1.0.0,prepared_original,M17,scenario and mechanism interpretation,Interprets enterprise mobile controls within the original scenario.,Learner choice and categorical confidence; record assistance and actual time; separate original/retest results.,mcq,UUU M17; CEH v5 domain 7,not assigned,uuu_course_aligned_v1,false,A,"Access decisions can consider managed-device posture and other signals, while accounting for signal reliability.",Plain-English reteaching plus at least three varied retests; preserve partial work at endpoint.,Codex original educational item,author review; independent SME review pending,2026-09-18,2026-09-18
CEH26-MOCK-B-Q045,1.0.0,prepared_original,M11,scenario and mechanism interpretation,Interprets cookie attributes within the original scenario.,Learner choice and categorical confidence; record assistance and actual time; separate original/retest results.,mcq,UUU M11; CEH v5 domain 4,not assigned,uuu_course_aligned_v1,false,A,"SameSite restricts cookie inclusion in specified cross-site request contexts, depending on its configured value and browser behavior.",Plain-English reteaching plus at least three varied retests; preserve partial work at endpoint.,Codex original educational item,author review; independent SME review pending,2026-09-18,2026-09-18
CEH26-MOCK-B-Q046,1.0.0,prepared_original,M12,scenario and mechanism interpretation,Interprets safe validation within the original scenario.,Learner choice and categorical confidence; record assistance and actual time; separate original/retest results.,mcq,UUU M12; CEH v5 domain 4,not assigned,uuu_course_aligned_v1,false,B,"Check latency, errors and valid-user success so a blocking rule does not silently damage normal operation.",Plain-English reteaching plus at least three varied retests; preserve partial work at endpoint.,Codex original educational item,author review; independent SME review pending,2026-09-18,2026-09-18
CEH26-MOCK-B-Q047,1.0.0,prepared_original,M19,scenario and mechanism interpretation,Interprets storage and data within the original scenario.,Learner choice and categorical confidence; record assistance and actual time; separate original/retest results.,mcq,UUU M19; CEH v5 domain 8,not assigned,uuu_course_aligned_v1,false,B,"Retained versions or backups can support recovery, subject to retention, deletion privileges and restore testing.",Plain-English reteaching plus at least three varied retests; preserve partial work at endpoint.,Codex original educational item,author review; independent SME review pending,2026-09-18,2026-09-18
CEH26-MOCK-B-Q048,1.0.0,prepared_original,M02,scenario and mechanism interpretation,Interprets network footprint interpretation within the original scenario.,Learner choice and categorical confidence; record assistance and actual time; separate original/retest results.,mcq,UUU M02; CEH v5 domain 2,not assigned,uuu_course_aligned_v1,false,D,"AS and routing data identify network routing relationships or announced prefixes, not automatic testing permission.",Plain-English reteaching plus at least three varied retests; preserve partial work at endpoint.,Codex original educational item,author review; independent SME review pending,2026-09-18,2026-09-18
CEH26-MOCK-B-Q049,1.0.0,prepared_original,M12,scenario and mechanism interpretation,Interprets security device roles within the original scenario.,Learner choice and categorical confidence; record assistance and actual time; separate original/retest results.,mcq,UUU M12; CEH v5 domain 4,not assigned,uuu_course_aligned_v1,false,C,A firewall enforces traffic policy at its supported layers; permitted traffic is not automatically safe application behavior.,Plain-English reteaching plus at least three varied retests; preserve partial work at endpoint.,Codex original educational item,author review; independent SME review pending,2026-09-18,2026-09-18
CEH26-MOCK-B-Q050,1.0.0,prepared_original,M04,scenario and mechanism interpretation,Interprets enumeration protocols within the original scenario.,Learner choice and categorical confidence; record assistance and actual time; separate original/retest results.,mcq,UUU M04; CEH v5 domain 2,not assigned,uuu_course_aligned_v1,false,D,SNMP exposes management data through defined objects; security depends on version and access configuration.,Plain-English reteaching plus at least three varied retests; preserve partial work at endpoint.,Codex original educational item,author review; independent SME review pending,2026-09-18,2026-09-18
CEH26-MOCK-B-Q051,1.0.0,prepared_original,M05,scenario and mechanism interpretation,Interprets assessment access within the original scenario.,Learner choice and categorical confidence; record assistance and actual time; separate original/retest results.,mcq,UUU M05; CEH v5 domain 3,not assigned,uuu_course_aligned_v1,false,D,An unauthenticated assessment observes exposure without logging in; its visibility is limited to that perspective.,Plain-English reteaching plus at least three varied retests; preserve partial work at endpoint.,Codex original educational item,author review; independent SME review pending,2026-09-18,2026-09-18
CEH26-MOCK-B-Q052,1.0.0,prepared_original,M20,scenario and mechanism interpretation,Interprets pki and certificates within the original scenario.,Learner choice and categorical confidence; record assistance and actual time; separate original/retest results.,mcq,UUU M20; CEH v5 domain 9,not assigned,uuu_course_aligned_v1,false,B,Check that the certificate identity matches the intended service name rather than merely trusting its issuer.,Plain-English reteaching plus at least three varied retests; preserve partial work at endpoint.,Codex original educational item,author review; independent SME review pending,2026-09-18,2026-09-18
CEH26-MOCK-B-Q053,1.0.0,prepared_original,M19,scenario and mechanism interpretation,Interprets containers and orchestration within the original scenario.,Learner choice and categorical confidence; record assistance and actual time; separate original/retest results.,mcq,UUU M19; CEH v5 domain 8,not assigned,uuu_course_aligned_v1,false,A,"Restrict which identities can perform operations on cluster resources, including sensitive administrative actions.",Plain-English reteaching plus at least three varied retests; preserve partial work at endpoint.,Codex original educational item,author review; independent SME review pending,2026-09-18,2026-09-18
CEH26-MOCK-B-Q054,1.0.0,prepared_original,M05,scenario and mechanism interpretation,Interprets remediation priority within the original scenario.,Learner choice and categorical confidence; record assistance and actual time; separate original/retest results.,mcq,UUU M05; CEH v5 domain 3,not assigned,uuu_course_aligned_v1,false,D,An alternate control can reduce exposure or impact while the underlying weakness is being repaired.,Plain-English reteaching plus at least three varied retests; preserve partial work at endpoint.,Codex original educational item,author review; independent SME review pending,2026-09-18,2026-09-18
CEH26-MOCK-B-Q055,1.0.0,prepared_original,M13,scenario and mechanism interpretation,Interprets server response evidence within the original scenario.,Learner choice and categorical confidence; record assistance and actual time; separate original/retest results.,mcq,UUU M13; CEH v5 domain 5,not assigned,uuu_course_aligned_v1,false,A,HTTP 401 indicates that valid authentication credentials are required for the target resource; protocol details include the applicable challenge.,Plain-English reteaching plus at least three varied retests; preserve partial work at endpoint.,Codex original educational item,author review; independent SME review pending,2026-09-18,2026-09-18
CEH26-MOCK-B-Q056,1.0.0,prepared_original,M11,scenario and mechanism interpretation,Interprets transport-session concepts within the original scenario.,Learner choice and categorical confidence; record assistance and actual time; separate original/retest results.,mcq,UUU M11; CEH v5 domain 4,not assigned,uuu_course_aligned_v1,false,B,Correct peer authentication helps prevent an intermediary from impersonating the intended TLS endpoint.,Plain-English reteaching plus at least three varied retests; preserve partial work at endpoint.,Codex original educational item,author review; independent SME review pending,2026-09-18,2026-09-18
CEH26-MOCK-B-Q057,1.0.0,prepared_original,M08,scenario and mechanism interpretation,Interprets local-network attacks within the original scenario.,Learner choice and categorical confidence; record assistance and actual time; separate original/retest results.,mcq,UUU M08; CEH v5 domain 4,not assigned,uuu_course_aligned_v1,false,C,MAC-table flooding attempts to overwhelm switch forwarding entries; the resulting behavior depends on the device and controls.,Plain-English reteaching plus at least three varied retests; preserve partial work at endpoint.,Codex original educational item,author review; independent SME review pending,2026-09-18,2026-09-18
CEH26-MOCK-B-Q058,1.0.0,prepared_original,M15,scenario and mechanism interpretation,Interprets misleading defenses within the original scenario.,Learner choice and categorical confidence; record assistance and actual time; separate original/retest results.,mcq,UUU M15; CEH v5 domain 5,not assigned,uuu_course_aligned_v1,false,D,"Escaping depends on context, encoding and database rules and is more error-prone than separating query structure from values.",Plain-English reteaching plus at least three varied retests; preserve partial work at endpoint.,Codex original educational item,author review; independent SME review pending,2026-09-18,2026-09-18
CEH26-MOCK-B-Q059,1.0.0,prepared_original,M08,scenario and mechanism interpretation,Interprets packet fields within the original scenario.,Learner choice and categorical confidence; record assistance and actual time; separate original/retest results.,mcq,UUU M08; CEH v5 domain 4,not assigned,uuu_course_aligned_v1,false,C,"TCP flags such as SYN, ACK, FIN and RST describe connection-control information in the segment.",Plain-English reteaching plus at least three varied retests; preserve partial work at endpoint.,Codex original educational item,author review; independent SME review pending,2026-09-18,2026-09-18
CEH26-MOCK-B-Q060,1.0.0,prepared_original,M10,scenario and mechanism interpretation,Interprets reflection and amplification within the original scenario.,Learner choice and categorical confidence; record assistance and actual time; separate original/retest results.,mcq,UUU M10; CEH v5 domain 4,not assigned,uuu_course_aligned_v1,false,C,Ingress or egress validation reduces spoofed source traffic when applied appropriately in the network.,Plain-English reteaching plus at least three varied retests; preserve partial work at endpoint.,Codex original educational item,author review; independent SME review pending,2026-09-18,2026-09-18
CEH26-MOCK-B-Q061,1.0.0,prepared_original,M17,scenario and mechanism interpretation,Interprets mobile data storage within the original scenario.,Learner choice and categorical confidence; record assistance and actual time; separate original/retest results.,mcq,UUU M17; CEH v5 domain 7,not assigned,uuu_course_aligned_v1,false,B,Use appropriate platform-backed key facilities rather than hardcoding private keys or keeping them as ordinary files.,Plain-English reteaching plus at least three varied retests; preserve partial work at endpoint.,Codex original educational item,author review; independent SME review pending,2026-09-18,2026-09-18
CEH26-MOCK-B-Q062,1.0.0,prepared_original,M16,scenario and mechanism interpretation,Interprets wireless evidence boundaries within the original scenario.,Learner choice and categorical confidence; record assistance and actual time; separate original/retest results.,mcq,UUU M16; CEH v5 domain 6,not assigned,uuu_course_aligned_v1,true,C,"Capture and testing must stay within approved networks, devices and methods, even when neighboring radio traffic is visible.",Plain-English reteaching plus at least three varied retests; preserve partial work at endpoint.,Codex original educational item,author review; independent SME review pending,2026-09-18,2026-09-18
CEH26-MOCK-B-Q063,1.0.0,prepared_original,M03,scenario and mechanism interpretation,Interprets discovery and identification within the original scenario.,Learner choice and categorical confidence; record assistance and actual time; separate original/retest results.,mcq,UUU M03; CEH v5 domain 2,not assigned,uuu_course_aligned_v1,false,A,Host discovery tests whether a host is responsive using approved discovery probes; a negative result may reflect filtering.,Plain-English reteaching plus at least three varied retests; preserve partial work at endpoint.,Codex original educational item,author review; independent SME review pending,2026-09-18,2026-09-18
CEH26-MOCK-B-Q064,1.0.0,prepared_original,M02,scenario and mechanism interpretation,Interprets dns records within the original scenario.,Learner choice and categorical confidence; record assistance and actual time; separate original/retest results.,mcq,UUU M02; CEH v5 domain 2,not assigned,uuu_course_aligned_v1,false,B,An AAAA record maps a name to an IPv6 address.,Plain-English reteaching plus at least three varied retests; preserve partial work at endpoint.,Codex original educational item,author review; independent SME review pending,2026-09-18,2026-09-18
CEH26-MOCK-B-Q065,1.0.0,prepared_original,M11,scenario and mechanism interpretation,Interprets csrf and session scope within the original scenario.,Learner choice and categorical confidence; record assistance and actual time; separate original/retest results.,mcq,UUU M11; CEH v5 domain 4,not assigned,uuu_course_aligned_v1,true,C,CSRF induces a victim's browser to send an unwanted authenticated request using ambient credentials.,Plain-English reteaching plus at least three varied retests; preserve partial work at endpoint.,Codex original educational item,author review; independent SME review pending,2026-09-18,2026-09-18
CEH26-MOCK-B-Q066,1.0.0,prepared_original,M02,scenario and mechanism interpretation,Interprets passive and active reconnaissance within the original scenario.,Learner choice and categorical confidence; record assistance and actual time; separate original/retest results.,mcq,UUU M02; CEH v5 domain 2,not assigned,uuu_course_aligned_v1,false,D,Passive-source research uses already available third-party information without probing the target service directly.,Plain-English reteaching plus at least three varied retests; preserve partial work at endpoint.,Codex original educational item,author review; independent SME review pending,2026-09-18,2026-09-18
CEH26-MOCK-B-Q067,1.0.0,prepared_original,M20,scenario and mechanism interpretation,Interprets cryptographic primitives within the original scenario.,Learner choice and categorical confidence; record assistance and actual time; separate original/retest results.,mcq,UUU M20; CEH v5 domain 9,not assigned,uuu_course_aligned_v1,false,A,A digital signature uses a private signing key and public verification key to authenticate signed content under a trust model.,Plain-English reteaching plus at least three varied retests; preserve partial work at endpoint.,Codex original educational item,author review; independent SME review pending,2026-09-18,2026-09-18
CEH26-MOCK-B-Q068,1.0.0,prepared_original,M09,scenario and mechanism interpretation,Interprets social-engineering channels within the original scenario.,Learner choice and categorical confidence; record assistance and actual time; separate original/retest results.,mcq,UUU M09; CEH v5 domain 4,not assigned,uuu_course_aligned_v1,false,C,Vishing uses voice communication to deceive a person into disclosure or action.,Plain-English reteaching plus at least three varied retests; preserve partial work at endpoint.,Codex original educational item,author review; independent SME review pending,2026-09-18,2026-09-18
CEH26-MOCK-B-Q069,1.0.0,prepared_original,M10,scenario and mechanism interpretation,Interprets syn-flood defenses within the original scenario.,Learner choice and categorical confidence; record assistance and actual time; separate original/retest results.,mcq,UUU M10; CEH v5 domain 4,not assigned,uuu_course_aligned_v1,false,A,Rate controls constrain new connection creation according to an operational policy.,Plain-English reteaching plus at least three varied retests; preserve partial work at endpoint.,Codex original educational item,author review; independent SME review pending,2026-09-18,2026-09-18
CEH26-MOCK-B-Q070,1.0.0,prepared_original,M01,scenario and mechanism interpretation,Interprets framework purpose within the original scenario.,Learner choice and categorical confidence; record assistance and actual time; separate original/retest results.,mcq,UUU M01; CEH v5 domain 1,not assigned,uuu_course_aligned_v1,false,D,"The CSF organizes cybersecurity risk management outcomes across functions including Govern, Identify, Protect, Detect, Respond and Recover.",Plain-English reteaching plus at least three varied retests; preserve partial work at endpoint.,Codex original educational item,author review; independent SME review pending,2026-09-18,2026-09-18
CEH26-MOCK-B-Q071,1.0.0,prepared_original,M04,scenario and mechanism interpretation,Interprets snmp security within the original scenario.,Learner choice and categorical confidence; record assistance and actual time; separate original/retest results.,mcq,UUU M04; CEH v5 domain 2,not assigned,uuu_course_aligned_v1,false,C,Read-only permissions limit queries to reading permitted management objects rather than modifying them.,Plain-English reteaching plus at least three varied retests; preserve partial work at endpoint.,Codex original educational item,author review; independent SME review pending,2026-09-18,2026-09-18
CEH26-MOCK-B-Q072,1.0.0,prepared_original,M16,scenario and mechanism interpretation,Interprets wireless threats within the original scenario.,Learner choice and categorical confidence; record assistance and actual time; separate original/retest results.,mcq,UUU M16; CEH v5 domain 6,not assigned,uuu_course_aligned_v1,false,B,A rogue access point is an unauthorized AP connected to or operating within an organization's environment.,Plain-English reteaching plus at least three varied retests; preserve partial work at endpoint.,Codex original educational item,author review; independent SME review pending,2026-09-18,2026-09-18
CEH26-MOCK-B-Q073,1.0.0,prepared_original,M13,scenario and mechanism interpretation,Interprets http method interpretation within the original scenario.,Learner choice and categorical confidence; record assistance and actual time; separate original/retest results.,mcq,UUU M13; CEH v5 domain 5,not assigned,uuu_course_aligned_v1,false,D,GET requests a representation and is defined with safe semantics; applications should not use it for unintended state-changing operations.,Plain-English reteaching plus at least three varied retests; preserve partial work at endpoint.,Codex original educational item,author review; independent SME review pending,2026-09-18,2026-09-18
CEH26-MOCK-B-Q074,1.0.0,prepared_original,M18,scenario and mechanism interpretation,Interprets ot priorities within the original scenario.,Learner choice and categorical confidence; record assistance and actual time; separate original/retest results.,mcq,UUU M18; CEH v5 domain 7,not assigned,uuu_course_aligned_v1,false,C,"Changes to operational systems require the process owner's approved timing, validation and recovery procedures.",Plain-English reteaching plus at least three varied retests; preserve partial work at endpoint.,Codex original educational item,author review; independent SME review pending,2026-09-18,2026-09-18
CEH26-MOCK-B-Q075,1.0.0,prepared_original,M14,scenario and mechanism interpretation,Interprets application weakness classes within the original scenario.,Learner choice and categorical confidence; record assistance and actual time; separate original/retest results.,mcq,UUU M14; CEH v5 domain 5,not assigned,uuu_course_aligned_v1,false,A,Broken object authorization lets a subject access or change an object without the required object-level permission.,Plain-English reteaching plus at least three varied retests; preserve partial work at endpoint.,Codex original educational item,author review; independent SME review pending,2026-09-18,2026-09-18
CEH26-MOCK-B-Q076,1.0.0,prepared_original,M15,scenario and mechanism interpretation,Interprets impact boundaries within the original scenario.,Learner choice and categorical confidence; record assistance and actual time; separate original/retest results.,mcq,UUU M15; CEH v5 domain 5,not assigned,uuu_course_aligned_v1,false,A,A flaw can change or delete data beyond the application's intended permitted operation.,Plain-English reteaching plus at least three varied retests; preserve partial work at endpoint.,Codex original educational item,author review; independent SME review pending,2026-09-18,2026-09-18
CEH26-MOCK-B-Q077,1.0.0,prepared_original,M11,scenario and mechanism interpretation,Interprets token design within the original scenario.,Learner choice and categorical confidence; record assistance and actual time; separate original/retest results.,mcq,UUU M11; CEH v5 domain 4,not assigned,uuu_course_aligned_v1,false,D,Verify a token's signature and intended algorithm with trusted keys before accepting its claims.,Plain-English reteaching plus at least three varied retests; preserve partial work at endpoint.,Codex original educational item,author review; independent SME review pending,2026-09-18,2026-09-18
CEH26-MOCK-B-Q078,1.0.0,prepared_original,M14,scenario and mechanism interpretation,Interprets testing interpretation within the original scenario.,Learner choice and categorical confidence; record assistance and actual time; separate original/retest results.,mcq,UUU M14; CEH v5 domain 5,not assigned,uuu_course_aligned_v1,false,B,Verify the actual backend effect rather than assuming a response code proves the intended action occurred.,Plain-English reteaching plus at least three varied retests; preserve partial work at endpoint.,Codex original educational item,author review; independent SME review pending,2026-09-18,2026-09-18
CEH26-MOCK-B-Q079,1.0.0,prepared_original,M01,scenario and mechanism interpretation,Interprets security objectives within the original scenario.,Learner choice and categorical confidence; record assistance and actual time; separate original/retest results.,mcq,UUU M01; CEH v5 domain 1,not assigned,uuu_course_aligned_v1,false,B,Availability keeps a service or information accessible when authorized users need it.,Plain-English reteaching plus at least three varied retests; preserve partial work at endpoint.,Codex original educational item,author review; independent SME review pending,2026-09-18,2026-09-18
CEH26-MOCK-B-Q080,1.0.0,prepared_original,M20,scenario and mechanism interpretation,Interprets security properties within the original scenario.,Learner choice and categorical confidence; record assistance and actual time; separate original/retest results.,mcq,UUU M20; CEH v5 domain 9,not assigned,uuu_course_aligned_v1,false,A,Collision resistance makes finding any two distinct inputs with the same digest impractical under the intended security level.,Plain-English reteaching plus at least three varied retests; preserve partial work at endpoint.,Codex original educational item,author review; independent SME review pending,2026-09-18,2026-09-18
CEH26-MOCK-B-Q081,1.0.0,prepared_original,M01,scenario and mechanism interpretation,Interprets assessment authority within the original scenario.,Learner choice and categorical confidence; record assistance and actual time; separate original/retest results.,mcq,UUU M01; CEH v5 domain 1,not assigned,uuu_course_aligned_v1,true,B,Evidence handling records origin and preserves artifacts so later conclusions remain supportable.,Plain-English reteaching plus at least three varied retests; preserve partial work at endpoint.,Codex original educational item,author review; independent SME review pending,2026-09-18,2026-09-18
CEH26-MOCK-B-Q082,1.0.0,prepared_original,M10,scenario and mechanism interpretation,Interprets interpreting outages within the original scenario.,Learner choice and categorical confidence; record assistance and actual time; separate original/retest results.,mcq,UUU M10; CEH v5 domain 4,not assigned,uuu_course_aligned_v1,false,D,Compare current traffic and resource behavior with a relevant normal baseline before classifying an anomaly.,Plain-English reteaching plus at least three varied retests; preserve partial work at endpoint.,Codex original educational item,author review; independent SME review pending,2026-09-18,2026-09-18
CEH26-MOCK-B-Q083,1.0.0,prepared_original,M18,scenario and mechanism interpretation,Interprets industrial roles within the original scenario.,Learner choice and categorical confidence; record assistance and actual time; separate original/retest results.,mcq,UUU M18; CEH v5 domain 7,not assigned,uuu_course_aligned_v1,false,C,A human-machine interface presents process information and controls to an operator.,Plain-English reteaching plus at least three varied retests; preserve partial work at endpoint.,Codex original educational item,author review; independent SME review pending,2026-09-18,2026-09-18
CEH26-MOCK-B-Q084,1.0.0,prepared_original,M02,scenario and mechanism interpretation,Interprets reconnaissance sources within the original scenario.,Learner choice and categorical confidence; record assistance and actual time; separate original/retest results.,mcq,UUU M02; CEH v5 domain 2,not assigned,uuu_course_aligned_v1,false,B,RDAP provides structured registration information; privacy redaction and registry differences limit what it reveals.,Plain-English reteaching plus at least three varied retests; preserve partial work at endpoint.,Codex original educational item,author review; independent SME review pending,2026-09-18,2026-09-18
CEH26-MOCK-B-Q085,1.0.0,prepared_original,M06,scenario and mechanism interpretation,Interprets execution and hiding within the original scenario.,Learner choice and categorical confidence; record assistance and actual time; separate original/retest results.,mcq,UUU M06; CEH v5 domain 3,not assigned,uuu_course_aligned_v1,false,D,"On a supporting filesystem, an alternate data stream associates additional data with a file beyond its primary unnamed stream.",Plain-English reteaching plus at least three varied retests; preserve partial work at endpoint.,Codex original educational item,author review; independent SME review pending,2026-09-18,2026-09-18
CEH26-MOCK-B-Q086,1.0.0,prepared_original,M15,scenario and mechanism interpretation,Interprets sql injection types within the original scenario.,Learner choice and categorical confidence; record assistance and actual time; separate original/retest results.,mcq,UUU M15; CEH v5 domain 5,not assigned,uuu_course_aligned_v1,false,A,Union-based injection combines compatible query results so additional data may appear in the application's response.,Plain-English reteaching plus at least three varied retests; preserve partial work at endpoint.,Codex original educational item,author review; independent SME review pending,2026-09-18,2026-09-18
CEH26-MOCK-B-Q087,1.0.0,prepared_original,M16,scenario and mechanism interpretation,Interprets wireless authentication within the original scenario.,Learner choice and categorical confidence; record assistance and actual time; separate original/retest results.,mcq,UUU M16; CEH v5 domain 6,not assigned,uuu_course_aligned_v1,false,D,SAE is a password-authenticated key exchange used by WPA3-Personal and improves resistance to passive offline password guessing when correctly deployed.,Plain-English reteaching plus at least three varied retests; preserve partial work at endpoint.,Codex original educational item,author review; independent SME review pending,2026-09-18,2026-09-18
CEH26-MOCK-B-Q088,1.0.0,prepared_original,M06,scenario and mechanism interpretation,Interprets credential attacks within the original scenario.,Learner choice and categorical confidence; record assistance and actual time; separate original/retest results.,mcq,UUU M06; CEH v5 domain 3,not assigned,uuu_course_aligned_v1,false,A,Credential stuffing reuses previously obtained username/password pairs against other services.,Plain-English reteaching plus at least three varied retests; preserve partial work at endpoint.,Codex original educational item,author review; independent SME review pending,2026-09-18,2026-09-18
CEH26-MOCK-B-Q089,1.0.0,prepared_original,M10,scenario and mechanism interpretation,Interprets application resilience within the original scenario.,Learner choice and categorical confidence; record assistance and actual time; separate original/retest results.,mcq,UUU M10; CEH v5 domain 4,not assigned,uuu_course_aligned_v1,false,C,Quotas allocate a bounded share of resources to a user or tenant; identity design affects how easily limits can be bypassed.,Plain-English reteaching plus at least three varied retests; preserve partial work at endpoint.,Codex original educational item,author review; independent SME review pending,2026-09-18,2026-09-18
CEH26-MOCK-B-Q090,1.0.0,prepared_original,M15,scenario and mechanism interpretation,Interprets fix verification within the original scenario.,Learner choice and categorical confidence; record assistance and actual time; separate original/retest results.,mcq,UUU M15; CEH v5 domain 5,not assigned,uuu_course_aligned_v1,false,B,Review the account's actual database privileges to limit damage if another application flaw appears.,Plain-English reteaching plus at least three varied retests; preserve partial work at endpoint.,Codex original educational item,author review; independent SME review pending,2026-09-18,2026-09-18
CEH26-MOCK-B-Q091,1.0.0,prepared_original,M08,scenario and mechanism interpretation,Interprets layer-two defenses within the original scenario.,Learner choice and categorical confidence; record assistance and actual time; separate original/retest results.,mcq,UUU M08; CEH v5 domain 4,not assigned,uuu_course_aligned_v1,false,A,Port security restricts learned or permitted source MAC addresses on a switch port according to policy.,Plain-English reteaching plus at least three varied retests; preserve partial work at endpoint.,Codex original educational item,author review; independent SME review pending,2026-09-18,2026-09-18
CEH26-MOCK-B-Q092,1.0.0,prepared_original,M07,scenario and mechanism interpretation,Interprets malware classes within the original scenario.,Learner choice and categorical confidence; record assistance and actual time; separate original/retest results.,mcq,UUU M07; CEH v5 domain 3,not assigned,uuu_course_aligned_v1,false,A,A worm can propagate between systems without needing to attach itself to an ordinary host file.,Plain-English reteaching plus at least three varied retests; preserve partial work at endpoint.,Codex original educational item,author review; independent SME review pending,2026-09-18,2026-09-18
CEH26-MOCK-B-Q093,1.0.0,prepared_original,M14,scenario and mechanism interpretation,Interprets xss contexts within the original scenario.,Learner choice and categorical confidence; record assistance and actual time; separate original/retest results.,mcq,UUU M14; CEH v5 domain 5,not assigned,uuu_course_aligned_v1,false,C,Stored XSS persists malicious input in data later rendered to other users in an unsafe execution context.,Plain-English reteaching plus at least three varied retests; preserve partial work at endpoint.,Codex original educational item,author review; independent SME review pending,2026-09-18,2026-09-18
CEH26-MOCK-B-Q094,1.0.0,prepared_original,M04,scenario and mechanism interpretation,Interprets identity and access findings within the original scenario.,Learner choice and categorical confidence; record assistance and actual time; separate original/retest results.,mcq,UUU M04; CEH v5 domain 2,not assigned,uuu_course_aligned_v1,false,B,Excessive write access lets an account alter resources outside its legitimate responsibilities.,Plain-English reteaching plus at least three varied retests; preserve partial work at endpoint.,Codex original educational item,author review; independent SME review pending,2026-09-18,2026-09-18
CEH26-MOCK-B-Q095,1.0.0,prepared_original,M09,scenario and mechanism interpretation,Interprets physical deception within the original scenario.,Learner choice and categorical confidence; record assistance and actual time; separate original/retest results.,mcq,UUU M09; CEH v5 domain 4,not assigned,uuu_course_aligned_v1,false,D,Dumpster diving seeks useful information from discarded materials.,Plain-English reteaching plus at least three varied retests; preserve partial work at endpoint.,Codex original educational item,author review; independent SME review pending,2026-09-18,2026-09-18
CEH26-MOCK-B-Q096,1.0.0,prepared_original,M03,scenario and mechanism interpretation,Interprets port states within the original scenario.,Learner choice and categorical confidence; record assistance and actual time; separate original/retest results.,mcq,UUU M03; CEH v5 domain 2,not assigned,uuu_course_aligned_v1,false,D,Filtering prevents the scanner from determining whether a port is open or closed.,Plain-English reteaching plus at least three varied retests; preserve partial work at endpoint.,Codex original educational item,author review; independent SME review pending,2026-09-18,2026-09-18
CEH26-MOCK-B-Q097,1.0.0,prepared_original,M20,scenario and mechanism interpretation,Interprets encryption modes within the original scenario.,Learner choice and categorical confidence; record assistance and actual time; separate original/retest results.,mcq,UUU M20; CEH v5 domain 9,not assigned,uuu_course_aligned_v1,false,B,"CTR-style encryption requires avoiding reuse of the relevant nonce/counter stream under the same key, or plaintext relationships can leak.",Plain-English reteaching plus at least three varied retests; preserve partial work at endpoint.,Codex original educational item,author review; independent SME review pending,2026-09-18,2026-09-18
CEH26-MOCK-B-Q098,1.0.0,prepared_original,M13,scenario and mechanism interpretation,Interprets proxy trust boundaries within the original scenario.,Learner choice and categorical confidence; record assistance and actual time; separate original/retest results.,mcq,UUU M13; CEH v5 domain 5,not assigned,uuu_course_aligned_v1,false,D,Frontends and backends must agree on request framing and interpretation to avoid boundary confusion.,Plain-English reteaching plus at least three varied retests; preserve partial work at endpoint.,Codex original educational item,author review; independent SME review pending,2026-09-18,2026-09-18
CEH26-MOCK-B-Q099,1.0.0,prepared_original,M13,scenario and mechanism interpretation,Interprets web incident evidence within the original scenario.,Learner choice and categorical confidence; record assistance and actual time; separate original/retest results.,mcq,UUU M13; CEH v5 domain 5,not assigned,uuu_course_aligned_v1,false,C,"An access log records request activity as configured, such as path, status, client information and timing.",Plain-English reteaching plus at least three varied retests; preserve partial work at endpoint.,Codex original educational item,author review; independent SME review pending,2026-09-18,2026-09-18
CEH26-MOCK-B-Q100,1.0.0,prepared_original,M15,scenario and mechanism interpretation,Interprets database evidence within the original scenario.,Learner choice and categorical confidence; record assistance and actual time; separate original/retest results.,mcq,UUU M15; CEH v5 domain 5,not assigned,uuu_course_aligned_v1,false,C,"A finding needs evidence that input changed database execution, not merely that the application displayed an unusual response.",Plain-English reteaching plus at least three varied retests; preserve partial work at endpoint.,Codex original educational item,author review; independent SME review pending,2026-09-18,2026-09-18
CEH26-MOCK-B-Q101,1.0.0,prepared_original,M05,scenario and mechanism interpretation,Interprets classification systems within the original scenario.,Learner choice and categorical confidence; record assistance and actual time; separate original/retest results.,mcq,UUU M05; CEH v5 domain 3,not assigned,uuu_course_aligned_v1,false,D,"CWE classifies weakness types, such as improper input handling or missing authorization.",Plain-English reteaching plus at least three varied retests; preserve partial work at endpoint.,Codex original educational item,author review; independent SME review pending,2026-09-18,2026-09-18
CEH26-MOCK-B-Q102,1.0.0,prepared_original,M06,scenario and mechanism interpretation,Interprets password storage within the original scenario.,Learner choice and categorical confidence; record assistance and actual time; separate original/retest results.,mcq,UUU M06; CEH v5 domain 3,not assigned,uuu_course_aligned_v1,false,C,A pepper is an additional secret kept apart from the password database; losing only the database need not expose it.,Plain-English reteaching plus at least three varied retests; preserve partial work at endpoint.,Codex original educational item,author review; independent SME review pending,2026-09-18,2026-09-18
CEH26-MOCK-B-Q103,1.0.0,prepared_original,M04,scenario and mechanism interpretation,Interprets enumeration result quality within the original scenario.,Learner choice and categorical confidence; record assistance and actual time; separate original/retest results.,mcq,UUU M04; CEH v5 domain 2,not assigned,uuu_course_aligned_v1,false,C,Continue only within authorized targets and methods; newly discovered endpoints do not automatically expand scope.,Plain-English reteaching plus at least three varied retests; preserve partial work at endpoint.,Codex original educational item,author review; independent SME review pending,2026-09-18,2026-09-18
CEH26-MOCK-B-Q104,1.0.0,prepared_original,M11,scenario and mechanism interpretation,Interprets session weaknesses within the original scenario.,Learner choice and categorical confidence; record assistance and actual time; separate original/retest results.,mcq,UUU M11; CEH v5 domain 4,not assigned,uuu_course_aligned_v1,false,A,Replay presents previously obtained valid session material again; freshness and invalidation controls affect whether it succeeds.,Plain-English reteaching plus at least three varied retests; preserve partial work at endpoint.,Codex original educational item,author review; independent SME review pending,2026-09-18,2026-09-18
CEH26-MOCK-B-Q105,1.0.0,prepared_original,M12,scenario and mechanism interpretation,Interprets inspection challenges within the original scenario.,Learner choice and categorical confidence; record assistance and actual time; separate original/retest results.,mcq,UUU M12; CEH v5 domain 4,not assigned,uuu_course_aligned_v1,false,D,Different interpretations of fragments or streams can create disagreement between an inspection device and the endpoint.,Plain-English reteaching plus at least three varied retests; preserve partial work at endpoint.,Codex original educational item,author review; independent SME review pending,2026-09-18,2026-09-18
CEH26-MOCK-B-Q106,1.0.0,prepared_original,M07,scenario and mechanism interpretation,Interprets analysis methods within the original scenario.,Learner choice and categorical confidence; record assistance and actual time; separate original/retest results.,mcq,UUU M07; CEH v5 domain 3,not assigned,uuu_course_aligned_v1,false,B,Dynamic analysis observes behavior while a sample runs in an appropriately controlled environment.,Plain-English reteaching plus at least three varied retests; preserve partial work at endpoint.,Codex original educational item,author review; independent SME review pending,2026-09-18,2026-09-18
CEH26-MOCK-B-Q107,1.0.0,prepared_original,M17,scenario and mechanism interpretation,Interprets mobile threat scenarios within the original scenario.,Learner choice and categorical confidence; record assistance and actual time; separate original/retest results.,mcq,UUU M17; CEH v5 domain 7,not assigned,uuu_course_aligned_v1,false,C,"A lost device creates risks depending on its lock state, stored data, keys and remote management controls.",Plain-English reteaching plus at least three varied retests; preserve partial work at endpoint.,Codex original educational item,author review; independent SME review pending,2026-09-18,2026-09-18
CEH26-MOCK-B-Q108,1.0.0,prepared_original,M11,scenario and mechanism interpretation,Interprets session lifecycle defenses within the original scenario.,Learner choice and categorical confidence; record assistance and actual time; separate original/retest results.,mcq,UUU M11; CEH v5 domain 4,not assigned,uuu_course_aligned_v1,false,A,"Logout should revoke server-side session usability, not merely remove a page or local UI state.",Plain-English reteaching plus at least three varied retests; preserve partial work at endpoint.,Codex original educational item,author review; independent SME review pending,2026-09-18,2026-09-18
CEH26-MOCK-B-Q109,1.0.0,prepared_original,M13,scenario and mechanism interpretation,Interprets web-server exposure within the original scenario.,Learner choice and categorical confidence; record assistance and actual time; separate original/retest results.,mcq,UUU M13; CEH v5 domain 5,not assigned,uuu_course_aligned_v1,false,A,Path traversal uses input to access paths outside the intended directory boundary when path handling is unsafe.,Plain-English reteaching plus at least three varied retests; preserve partial work at endpoint.,Codex original educational item,author review; independent SME review pending,2026-09-18,2026-09-18
CEH26-MOCK-B-Q110,1.0.0,prepared_original,M03,scenario and mechanism interpretation,Interprets scan methods within the original scenario.,Learner choice and categorical confidence; record assistance and actual time; separate original/retest results.,mcq,UUU M03; CEH v5 domain 2,not assigned,uuu_course_aligned_v1,false,B,A UDP scan sends UDP probes and interprets replies and ICMP errors; silence can be ambiguous.,Plain-English reteaching plus at least three varied retests; preserve partial work at endpoint.,Codex original educational item,author review; independent SME review pending,2026-09-18,2026-09-18
CEH26-MOCK-B-Q111,1.0.0,prepared_original,M14,scenario and mechanism interpretation,Interprets input and upload controls within the original scenario.,Learner choice and categorical confidence; record assistance and actual time; separate original/retest results.,mcq,UUU M14; CEH v5 domain 5,not assigned,uuu_course_aligned_v1,false,A,"Validate expected type, format, bounds and permitted values where the application has a well-defined input contract.",Plain-English reteaching plus at least three varied retests; preserve partial work at endpoint.,Codex original educational item,author review; independent SME review pending,2026-09-18,2026-09-18
CEH26-MOCK-B-Q112,1.0.0,prepared_original,M18,scenario and mechanism interpretation,Interprets segmentation and remote access within the original scenario.,Learner choice and categorical confidence; record assistance and actual time; separate original/retest results.,mcq,UUU M18; CEH v5 domain 7,not assigned,uuu_course_aligned_v1,false,B,"Limit vendor remote access to authorized identities, purpose and windows, with reviewable revocation.",Plain-English reteaching plus at least three varied retests; preserve partial work at endpoint.,Codex original educational item,author review; independent SME review pending,2026-09-18,2026-09-18
CEH26-MOCK-B-Q113,1.0.0,prepared_original,M08,scenario and mechanism interpretation,Interprets capture interpretation within the original scenario.,Learner choice and categorical confidence; record assistance and actual time; separate original/retest results.,mcq,UUU M08; CEH v5 domain 4,not assigned,uuu_course_aligned_v1,false,D,A reset abruptly rejects or terminates a TCP connection; its cause needs surrounding context.,Plain-English reteaching plus at least three varied retests; preserve partial work at endpoint.,Codex original educational item,author review; independent SME review pending,2026-09-18,2026-09-18
CEH26-MOCK-B-Q114,1.0.0,prepared_original,M03,scenario and mechanism interpretation,Interprets nmap option meaning within the original scenario.,Learner choice and categorical confidence; record assistance and actual time; separate original/retest results.,mcq,UUU M03; CEH v5 domain 2,not assigned,uuu_course_aligned_v1,false,A,The -sn option performs host discovery without the normal port scan.,Plain-English reteaching plus at least three varied retests; preserve partial work at endpoint.,Codex original educational item,author review; independent SME review pending,2026-09-18,2026-09-18
CEH26-MOCK-B-Q115,1.0.0,prepared_original,M05,scenario and mechanism interpretation,Interprets weakness and risk within the original scenario.,Learner choice and categorical confidence; record assistance and actual time; separate original/retest results.,mcq,UUU M05; CEH v5 domain 3,not assigned,uuu_course_aligned_v1,false,C,"A threat is a potential cause of an adverse event, such as an actor or harmful circumstance.",Plain-English reteaching plus at least three varied retests; preserve partial work at endpoint.,Codex original educational item,author review; independent SME review pending,2026-09-18,2026-09-18
CEH26-MOCK-B-Q116,1.0.0,prepared_original,M09,scenario and mechanism interpretation,Interprets modern deception distinctions within the original scenario.,Learner choice and categorical confidence; record assistance and actual time; separate original/retest results.,mcq,UUU M09; CEH v5 domain 4,not assigned,uuu_course_aligned_v1,false,C,Repeated authentication prompts can pressure a person into approving an attacker-initiated login.,Plain-English reteaching plus at least three varied retests; preserve partial work at endpoint.,Codex original educational item,author review; independent SME review pending,2026-09-18,2026-09-18
CEH26-MOCK-B-Q117,1.0.0,prepared_original,M07,scenario and mechanism interpretation,Interprets response priorities within the original scenario.,Learner choice and categorical confidence; record assistance and actual time; separate original/retest results.,mcq,UUU M07; CEH v5 domain 3,not assigned,uuu_course_aligned_v1,false,B,Recovery restores trusted service and checks that business function and security controls operate as expected.,Plain-English reteaching plus at least three varied retests; preserve partial work at endpoint.,Codex original educational item,author review; independent SME review pending,2026-09-18,2026-09-18
CEH26-MOCK-B-Q118,1.0.0,prepared_original,M06,scenario and mechanism interpretation,Interprets privilege and movement within the original scenario.,Learner choice and categorical confidence; record assistance and actual time; separate original/retest results.,mcq,UUU M06; CEH v5 domain 3,not assigned,uuu_course_aligned_v1,false,B,Lateral movement extends access to other systems or resources within an environment.,Plain-English reteaching plus at least three varied retests; preserve partial work at endpoint.,Codex original educational item,author review; independent SME review pending,2026-09-18,2026-09-18
CEH26-MOCK-B-Q119,1.0.0,prepared_original,M19,scenario and mechanism interpretation,Interprets cloud identity within the original scenario.,Learner choice and categorical confidence; record assistance and actual time; separate original/retest results.,mcq,UUU M19; CEH v5 domain 8,not assigned,uuu_course_aligned_v1,false,D,"Grant only the cloud actions and resources required for a role, with conditions where appropriate.",Plain-English reteaching plus at least three varied retests; preserve partial work at endpoint.,Codex original educational item,author review; independent SME review pending,2026-09-18,2026-09-18
CEH26-MOCK-B-Q120,1.0.0,prepared_original,M07,scenario and mechanism interpretation,Interprets malware classes within the original scenario.,Learner choice and categorical confidence; record assistance and actual time; separate original/retest results.,mcq,UUU M07; CEH v5 domain 3,not assigned,uuu_course_aligned_v1,false,A,A worm can propagate between systems without needing to attach itself to an ordinary host file.,Plain-English reteaching plus at least three varied retests; preserve partial work at endpoint.,Codex original educational item,author review; independent SME review pending,2026-09-18,2026-09-18
CEH26-MOCK-B-Q121,1.0.0,prepared_original,M03,scenario and mechanism interpretation,Interprets port states within the original scenario.,Learner choice and categorical confidence; record assistance and actual time; separate original/retest results.,mcq,UUU M03; CEH v5 domain 2,not assigned,uuu_course_aligned_v1,false,D,An open port has a service accepting the relevant transport connections or datagrams from the scanner's perspective.,Plain-English reteaching plus at least three varied retests; preserve partial work at endpoint.,Codex original educational item,author review; independent SME review pending,2026-09-18,2026-09-18
CEH26-MOCK-B-Q122,1.0.0,prepared_original,M12,scenario and mechanism interpretation,Interprets firewall policy within the original scenario.,Learner choice and categorical confidence; record assistance and actual time; separate original/retest results.,mcq,UUU M12; CEH v5 domain 4,not assigned,uuu_course_aligned_v1,false,C,Egress filtering controls outbound connections and can reduce unnecessary external communication paths.,Plain-English reteaching plus at least three varied retests; preserve partial work at endpoint.,Codex original educational item,author review; independent SME review pending,2026-09-18,2026-09-18
CEH26-MOCK-B-Q123,1.0.0,prepared_original,M19,scenario and mechanism interpretation,Interprets cloud network paths within the original scenario.,Learner choice and categorical confidence; record assistance and actual time; separate original/retest results.,mcq,UUU M19; CEH v5 domain 8,not assigned,uuu_course_aligned_v1,false,A,"Track public addresses, listeners and service endpoints rather than assuming a resource is private by name.",Plain-English reteaching plus at least three varied retests; preserve partial work at endpoint.,Codex original educational item,author review; independent SME review pending,2026-09-18,2026-09-18
CEH26-MOCK-B-Q124,1.0.0,prepared_original,M07,scenario and mechanism interpretation,Interprets malware behavior within the original scenario.,Learner choice and categorical confidence; record assistance and actual time; separate original/retest results.,mcq,UUU M07; CEH v5 domain 3,not assigned,uuu_course_aligned_v1,false,B,Keylogging captures keystrokes and can expose entered secrets or sensitive content.,Plain-English reteaching plus at least three varied retests; preserve partial work at endpoint.,Codex original educational item,author review; independent SME review pending,2026-09-18,2026-09-18
CEH26-MOCK-B-Q125,1.0.0,prepared_original,M10,scenario and mechanism interpretation,Interprets availability mechanisms within the original scenario.,Learner choice and categorical confidence; record assistance and actual time; separate original/retest results.,mcq,UUU M10; CEH v5 domain 4,not assigned,uuu_course_aligned_v1,false,B,"State-exhaustion attacks consume connection or protocol tracking resources, even without maximal bandwidth.",Plain-English reteaching plus at least three varied retests; preserve partial work at endpoint.,Codex original educational item,author review; independent SME review pending,2026-09-18,2026-09-18
